2026-04-08 22:41:18,643 DEBUG    asyncio  Using selector: EpollSelector
2026-04-08 22:41:18,645 INFO     djen_backup.backfill  {'path': 'data/backfill-state.json', 'tribunals': 96, 'event': 'backfill_state_loaded', 'level': 'info', 'timestamp': '2026-04-09T02:41:18.645570Z'}
2026-04-08 22:41:18,648 INFO     djen_backup.state  {'path': 'data/ia-state.json', 'dates': 90, 'event': 'state_cache_loaded', 'level': 'info', 'timestamp': '2026-04-09T02:41:18.648130Z'}
2026-04-08 22:41:19,430 INFO     httpx  HTTP Request: GET https://archive.org/download/causaganha-dashboard/backfill-state.json "HTTP/1.1 302 Found"
2026-04-08 22:41:20,312 INFO     httpx  HTTP Request: GET https://ia601609.us.archive.org/21/items/causaganha-dashboard/backfill-state.json "HTTP/1.1 200 OK"
2026-04-08 22:41:20,327 INFO     djen_backup.state  {'filename': 'backfill-state.json', 'event': 'state_downloaded_from_ia', 'level': 'info', 'timestamp': '2026-04-09T02:41:20.327259Z'}
2026-04-08 22:41:21,055 INFO     httpx  HTTP Request: GET https://archive.org/download/causaganha-dashboard/ia-state.json "HTTP/1.1 302 Found"
2026-04-08 22:41:21,998 INFO     httpx  HTTP Request: GET https://ia801609.us.archive.org/21/items/causaganha-dashboard/ia-state.json "HTTP/1.1 200 OK"
2026-04-08 22:41:22,477 INFO     djen_backup.state  {'filename': 'ia-state.json', 'event': 'state_downloaded_from_ia', 'level': 'info', 'timestamp': '2026-04-09T02:41:22.477569Z'}
2026-04-08 22:41:22,479 INFO     djen_backup.backfill  {'local': 96, 'remote': 96, 'merged': 96, 'event': 'backfill_state_merged', 'level': 'info', 'timestamp': '2026-04-09T02:41:22.479273Z'}
2026-04-08 22:41:22,481 INFO     djen_backup.backfill  {'local': 90, 'remote': 90, 'merged': 90, 'event': 'ia_state_merged', 'level': 'info', 'timestamp': '2026-04-09T02:41:22.481667Z'}
2026-04-08 22:41:22,484 INFO     djen_backup.backfill  {'tribunals': 23, 'event': 'backfill_genesis_loaded', 'level': 'info', 'timestamp': '2026-04-09T02:41:22.484512Z'}
2026-04-08 22:41:22,887 INFO     httpx  HTTP Request: GET https://comunicaapi.pje.jus.br/api/v1/comunicacao/tribunal "HTTP/1.1 200 OK"
2026-04-08 22:41:22,890 INFO     djen_backup.tribunais  {'hardcoded': 96, 'from_api': 115, 'merged': 96, 'event': 'tribunal_list_loaded', 'level': 'info', 'timestamp': '2026-04-09T02:41:22.889979Z'}
2026-04-08 22:41:22,891 INFO     djen_backup.backfill  {'tribunal': 'TRE-AC', 'new_cursor': '2026-04-08', 'event': 'cursor_auto_advanced', 'level': 'info', 'timestamp': '2026-04-09T02:41:22.891092Z'}
2026-04-08 22:41:23,615 INFO     httpx  HTTP Request: GET https://archive.org/download/causaganha-dashboard/zip-inventory.txt "HTTP/1.1 302 Found"
2026-04-08 22:41:24,556 INFO     httpx  HTTP Request: GET https://ia601609.us.archive.org/21/items/causaganha-dashboard/zip-inventory.txt "HTTP/1.1 200 OK"
2026-04-08 22:41:24,806 INFO     djen_backup.state  {'filename': 'zip-inventory.txt', 'size': 840856, 'event': 'text_downloaded_from_ia', 'level': 'info', 'timestamp': '2026-04-09T02:41:24.806216Z'}
2026-04-08 22:41:24,827 INFO     djen_backup.backfill  {'from_ia': 8052, 'from_disk': 0, 'from_snapshot': 0, 'total': 8052, 'event': 'zip_inventory_loaded', 'level': 'info', 'timestamp': '2026-04-09T02:41:24.827787Z'}
2026-04-08 22:41:25,561 INFO     httpx  HTTP Request: GET https://archive.org/metadata/djen-cjf-2026/files "HTTP/1.1 200 OK"
2026-04-08 22:41:25,811 INFO     httpx  HTTP Request: GET https://archive.org/metadata/djen-cnj-2026/files "HTTP/1.1 200 OK"
2026-04-08 22:41:26,084 INFO     httpx  HTTP Request: GET https://archive.org/metadata/djen-pjecor-2026/files "HTTP/1.1 200 OK"
2026-04-08 22:41:26,339 INFO     httpx  HTTP Request: GET https://archive.org/metadata/djen-seeu-2026/files "HTTP/1.1 200 OK"
2026-04-08 22:41:28,903 INFO     httpx  HTTP Request: GET https://archive.org/metadata/djen-stf-2026/files "HTTP/1.1 200 OK"
2026-04-08 22:41:29,155 INFO     httpx  HTTP Request: GET https://archive.org/metadata/djen-stj-2026/files "HTTP/1.1 200 OK"
2026-04-08 22:41:29,543 INFO     httpx  HTTP Request: GET https://archive.org/metadata/djen-stm-2026/files "HTTP/1.1 200 OK"
2026-04-08 22:41:29,790 INFO     httpx  HTTP Request: GET https://archive.org/metadata/djen-tjac-2026/files "HTTP/1.1 200 OK"
2026-04-08 22:41:30,043 INFO     httpx  HTTP Request: GET https://archive.org/metadata/djen-tjal-2026/files "HTTP/1.1 200 OK"
2026-04-08 22:41:30,290 INFO     httpx  HTTP Request: GET https://archive.org/metadata/djen-tjam-2026/files "HTTP/1.1 200 OK"
2026-04-08 22:41:30,539 INFO     httpx  HTTP Request: GET https://archive.org/metadata/djen-tjap-2026/files "HTTP/1.1 200 OK"
2026-04-08 22:41:30,926 INFO     httpx  HTTP Request: GET https://archive.org/metadata/djen-tjba-2026/files "HTTP/1.1 200 OK"
2026-04-08 22:41:31,172 INFO     httpx  HTTP Request: GET https://archive.org/metadata/djen-tjce-2026/files "HTTP/1.1 200 OK"
2026-04-08 22:41:31,425 INFO     httpx  HTTP Request: GET https://archive.org/metadata/djen-tjdft-2026/files "HTTP/1.1 200 OK"
2026-04-08 22:41:31,688 INFO     httpx  HTTP Request: GET https://archive.org/metadata/djen-tjes-2026/files "HTTP/1.1 200 OK"
2026-04-08 22:41:31,984 INFO     httpx  HTTP Request: GET https://archive.org/metadata/djen-tjgo-2026/files "HTTP/1.1 200 OK"
2026-04-08 22:41:32,291 INFO     httpx  HTTP Request: GET https://archive.org/metadata/djen-tjma-2026/files "HTTP/1.1 200 OK"
2026-04-08 22:41:32,553 INFO     httpx  HTTP Request: GET https://archive.org/metadata/djen-tjmg-2026/files "HTTP/1.1 200 OK"
2026-04-08 22:41:33,517 INFO     httpx  HTTP Request: GET https://archive.org/metadata/djen-tjmmg-2026/files "HTTP/1.1 200 OK"
2026-04-08 22:41:34,536 INFO     httpx  HTTP Request: GET https://archive.org/metadata/djen-tjmrs-2026/files "HTTP/1.1 200 OK"
2026-04-08 22:41:35,521 INFO     httpx  HTTP Request: GET https://archive.org/metadata/djen-tjms-2026/files "HTTP/1.1 200 OK"
2026-04-08 22:41:36,680 INFO     httpx  HTTP Request: GET https://archive.org/metadata/djen-tjmsp-2026/files "HTTP/1.1 200 OK"
2026-04-08 22:41:37,529 INFO     httpx  HTTP Request: GET https://archive.org/metadata/djen-tjmt-2026/files "HTTP/1.1 200 OK"
2026-04-08 22:41:38,567 INFO     httpx  HTTP Request: GET https://archive.org/metadata/djen-tjpa-2026/files "HTTP/1.1 200 OK"
2026-04-08 22:41:39,522 INFO     httpx  HTTP Request: GET https://archive.org/metadata/djen-tjpb-2026/files "HTTP/1.1 200 OK"
2026-04-08 22:41:40,634 INFO     httpx  HTTP Request: GET https://archive.org/metadata/djen-tjpe-2026/files "HTTP/1.1 200 OK"
2026-04-08 22:41:41,556 INFO     httpx  HTTP Request: GET https://archive.org/metadata/djen-tjpi-2026/files "HTTP/1.1 200 OK"
2026-04-08 22:41:42,532 INFO     httpx  HTTP Request: GET https://archive.org/metadata/djen-tjpr-2026/files "HTTP/1.1 200 OK"
2026-04-08 22:41:43,525 INFO     httpx  HTTP Request: GET https://archive.org/metadata/djen-tjrj-2026/files "HTTP/1.1 200 OK"
2026-04-08 22:41:44,539 INFO     httpx  HTTP Request: GET https://archive.org/metadata/djen-tjrn-2026/files "HTTP/1.1 200 OK"
2026-04-08 22:41:45,528 INFO     httpx  HTTP Request: GET https://archive.org/metadata/djen-tjro-2026/files "HTTP/1.1 200 OK"
2026-04-08 22:41:46,530 INFO     httpx  HTTP Request: GET https://archive.org/metadata/djen-tjrr-2026/files "HTTP/1.1 200 OK"
2026-04-08 22:41:47,526 INFO     httpx  HTTP Request: GET https://archive.org/metadata/djen-tjrs-2026/files "HTTP/1.1 200 OK"
2026-04-08 22:41:48,541 INFO     httpx  HTTP Request: GET https://archive.org/metadata/djen-tjsc-2026/files "HTTP/1.1 200 OK"
2026-04-08 22:41:49,523 INFO     httpx  HTTP Request: GET https://archive.org/metadata/djen-tjse-2026/files "HTTP/1.1 200 OK"
2026-04-08 22:41:50,574 INFO     httpx  HTTP Request: GET https://archive.org/metadata/djen-tjsp-2026/files "HTTP/1.1 200 OK"
2026-04-08 22:41:51,552 INFO     httpx  HTTP Request: GET https://archive.org/metadata/djen-tjto-2026/files "HTTP/1.1 200 OK"
2026-04-08 22:41:54,816 INFO     httpx  HTTP Request: GET https://archive.org/metadata/djen-tre-ac-2026/files "HTTP/1.1 200 OK"
2026-04-08 22:41:57,375 INFO     httpx  HTTP Request: GET https://archive.org/metadata/djen-tre-al-2026/files "HTTP/1.1 200 OK"
2026-04-08 22:41:57,377 INFO     djen_backup.backfill  {'tribunal': 'TRE-AL', 'year': 2026, 'gaps': 98, 'event': 'backfill_tribunal_year', 'level': 'info', 'timestamp': '2026-04-09T02:41:57.377299Z'}
2026-04-08 22:41:57,585 INFO     httpx  HTTP Request: GET https://comunicaapi.pje.jus.br/api/v1/caderno/TRE-AL/2026-04-08/D "HTTP/1.1 200 OK"
2026-04-08 22:41:57,587 INFO     djen_backup.backfill  {'tribunal': 'TRE-AL', 'date': '2026-04-08', 'status_code': 200, 'event': 'backfill_empty', 'level': 'info', 'timestamp': '2026-04-09T02:41:57.587907Z'}
2026-04-08 22:41:57,696 INFO     httpx  HTTP Request: GET https://comunicaapi.pje.jus.br/api/v1/caderno/TRE-AL/2026-04-07/D "HTTP/1.1 200 OK"
2026-04-08 22:41:57,697 INFO     djen_backup.backfill  {'tribunal': 'TRE-AL', 'date': '2026-04-07', 'status_code': 200, 'event': 'backfill_empty', 'level': 'info', 'timestamp': '2026-04-09T02:41:57.697639Z'}
2026-04-08 22:41:57,801 INFO     httpx  HTTP Request: GET https://comunicaapi.pje.jus.br/api/v1/caderno/TRE-AL/2026-04-06/D "HTTP/1.1 200 OK"
2026-04-08 22:41:57,802 INFO     djen_backup.backfill  {'tribunal': 'TRE-AL', 'date': '2026-04-06', 'status_code': 200, 'event': 'backfill_empty', 'level': 'info', 'timestamp': '2026-04-09T02:41:57.802809Z'}
2026-04-08 22:41:57,906 INFO     httpx  HTTP Request: GET https://comunicaapi.pje.jus.br/api/v1/caderno/TRE-AL/2026-04-05/D "HTTP/1.1 404 Not Found"
2026-04-08 22:41:57,907 INFO     djen_backup.backfill  {'tribunal': 'TRE-AL', 'date': '2026-04-05', 'status_code': 404, 'event': 'backfill_empty', 'level': 'info', 'timestamp': '2026-04-09T02:41:57.907686Z'}
2026-04-08 22:41:58,013 INFO     httpx  HTTP Request: GET https://comunicaapi.pje.jus.br/api/v1/caderno/TRE-AL/2026-04-04/D "HTTP/1.1 404 Not Found"
2026-04-08 22:41:58,014 INFO     djen_backup.backfill  {'tribunal': 'TRE-AL', 'date': '2026-04-04', 'status_code': 404, 'event': 'backfill_empty', 'level': 'info', 'timestamp': '2026-04-09T02:41:58.014814Z'}
2026-04-08 22:41:58,116 INFO     httpx  HTTP Request: GET https://comunicaapi.pje.jus.br/api/v1/caderno/TRE-AL/2026-04-03/D "HTTP/1.1 200 OK"
2026-04-08 22:41:58,118 INFO     djen_backup.backfill  {'tribunal': 'TRE-AL', 'date': '2026-04-03', 'status_code': 200, 'event': 'backfill_empty', 'level': 'info', 'timestamp': '2026-04-09T02:41:58.118698Z'}
2026-04-08 22:41:58,223 INFO     httpx  HTTP Request: GET https://comunicaapi.pje.jus.br/api/v1/caderno/TRE-AL/2026-04-02/D "HTTP/1.1 200 OK"
2026-04-08 22:41:58,225 INFO     djen_backup.backfill  {'tribunal': 'TRE-AL', 'date': '2026-04-02', 'status_code': 200, 'event': 'backfill_empty', 'level': 'info', 'timestamp': '2026-04-09T02:41:58.225529Z'}
2026-04-08 22:41:58,330 INFO     httpx  HTTP Request: GET https://comunicaapi.pje.jus.br/api/v1/caderno/TRE-AL/2026-04-01/D "HTTP/1.1 200 OK"
2026-04-08 22:41:58,332 INFO     djen_backup.backfill  {'tribunal': 'TRE-AL', 'date': '2026-04-01', 'status_code': 200, 'event': 'backfill_empty', 'level': 'info', 'timestamp': '2026-04-09T02:41:58.332768Z'}
2026-04-08 22:41:58,433 INFO     httpx  HTTP Request: GET https://comunicaapi.pje.jus.br/api/v1/caderno/TRE-AL/2026-03-31/D "HTTP/1.1 200 OK"
2026-04-08 22:41:58,435 INFO     djen_backup.backfill  {'tribunal': 'TRE-AL', 'date': '2026-03-31', 'status_code': 200, 'event': 'backfill_empty', 'level': 'info', 'timestamp': '2026-04-09T02:41:58.435503Z'}
2026-04-08 22:41:58,534 INFO     httpx  HTTP Request: GET https://comunicaapi.pje.jus.br/api/v1/caderno/TRE-AL/2026-03-30/D "HTTP/1.1 200 OK"
2026-04-08 22:41:58,536 INFO     djen_backup.backfill  {'tribunal': 'TRE-AL', 'date': '2026-03-30', 'status_code': 200, 'event': 'backfill_empty', 'level': 'info', 'timestamp': '2026-04-09T02:41:58.536220Z'}
2026-04-08 22:41:58,644 INFO     httpx  HTTP Request: GET https://comunicaapi.pje.jus.br/api/v1/caderno/TRE-AL/2026-03-29/D "HTTP/1.1 404 Not Found"
2026-04-08 22:41:58,650 INFO     djen_backup.backfill  {'tribunal': 'TRE-AL', 'date': '2026-03-29', 'status_code': 404, 'event': 'backfill_empty', 'level': 'info', 'timestamp': '2026-04-09T02:41:58.650383Z'}
2026-04-08 22:41:58,752 INFO     httpx  HTTP Request: GET https://comunicaapi.pje.jus.br/api/v1/caderno/TRE-AL/2026-03-28/D "HTTP/1.1 404 Not Found"
2026-04-08 22:41:58,753 INFO     djen_backup.backfill  {'tribunal': 'TRE-AL', 'date': '2026-03-28', 'status_code': 404, 'event': 'backfill_empty', 'level': 'info', 'timestamp': '2026-04-09T02:41:58.753480Z'}
2026-04-08 22:41:58,859 INFO     httpx  HTTP Request: GET https://comunicaapi.pje.jus.br/api/v1/caderno/TRE-AL/2026-03-27/D "HTTP/1.1 200 OK"
2026-04-08 22:41:58,861 INFO     djen_backup.backfill  {'tribunal': 'TRE-AL', 'date': '2026-03-27', 'status_code': 200, 'event': 'backfill_empty', 'level': 'info', 'timestamp': '2026-04-09T02:41:58.861461Z'}
2026-04-08 22:41:58,966 INFO     httpx  HTTP Request: GET https://comunicaapi.pje.jus.br/api/v1/caderno/TRE-AL/2026-03-26/D "HTTP/1.1 200 OK"
2026-04-08 22:41:59,009 INFO     djen_backup.backfill  {'tribunal': 'TRE-AL', 'date': '2026-03-26', 'status_code': 200, 'event': 'backfill_empty', 'level': 'info', 'timestamp': '2026-04-09T02:41:59.009584Z'}
2026-04-08 22:41:59,115 INFO     httpx  HTTP Request: GET https://comunicaapi.pje.jus.br/api/v1/caderno/TRE-AL/2026-03-25/D "HTTP/1.1 200 OK"
2026-04-08 22:41:59,117 INFO     djen_backup.backfill  {'tribunal': 'TRE-AL', 'date': '2026-03-25', 'status_code': 200, 'event': 'backfill_empty', 'level': 'info', 'timestamp': '2026-04-09T02:41:59.117217Z'}
2026-04-08 22:41:59,220 INFO     httpx  HTTP Request: GET https://comunicaapi.pje.jus.br/api/v1/caderno/TRE-AL/2026-03-24/D "HTTP/1.1 200 OK"
2026-04-08 22:41:59,221 INFO     djen_backup.backfill  {'tribunal': 'TRE-AL', 'date': '2026-03-24', 'status_code': 200, 'event': 'backfill_empty', 'level': 'info', 'timestamp': '2026-04-09T02:41:59.221943Z'}
2026-04-08 22:41:59,331 INFO     httpx  HTTP Request: GET https://comunicaapi.pje.jus.br/api/v1/caderno/TRE-AL/2026-03-23/D "HTTP/1.1 200 OK"
2026-04-08 22:41:59,333 INFO     djen_backup.backfill  {'tribunal': 'TRE-AL', 'date': '2026-03-23', 'status_code': 200, 'event': 'backfill_empty', 'level': 'info', 'timestamp': '2026-04-09T02:41:59.333630Z'}
2026-04-08 22:41:59,444 INFO     httpx  HTTP Request: GET https://comunicaapi.pje.jus.br/api/v1/caderno/TRE-AL/2026-03-22/D "HTTP/1.1 404 Not Found"
2026-04-08 22:41:59,445 INFO     djen_backup.backfill  {'tribunal': 'TRE-AL', 'date': '2026-03-22', 'status_code': 404, 'event': 'backfill_empty', 'level': 'info', 'timestamp': '2026-04-09T02:41:59.445922Z'}
2026-04-08 22:41:59,548 INFO     httpx  HTTP Request: GET https://comunicaapi.pje.jus.br/api/v1/caderno/TRE-AL/2026-03-21/D "HTTP/1.1 404 Not Found"
2026-04-08 22:41:59,550 INFO     djen_backup.backfill  {'tribunal': 'TRE-AL', 'date': '2026-03-21', 'status_code': 404, 'event': 'backfill_empty', 'level': 'info', 'timestamp': '2026-04-09T02:41:59.550602Z'}
2026-04-08 22:41:59,697 INFO     httpx  HTTP Request: GET https://comunicaapi.pje.jus.br/api/v1/caderno/TRE-AL/2026-03-20/D "HTTP/1.1 200 OK"
2026-04-08 22:41:59,698 INFO     djen_backup.backfill  {'tribunal': 'TRE-AL', 'date': '2026-03-20', 'status_code': 200, 'event': 'backfill_empty', 'level': 'info', 'timestamp': '2026-04-09T02:41:59.698864Z'}
2026-04-08 22:41:59,802 INFO     httpx  HTTP Request: GET https://comunicaapi.pje.jus.br/api/v1/caderno/TRE-AL/2026-03-19/D "HTTP/1.1 200 OK"
2026-04-08 22:41:59,843 INFO     djen_backup.backfill  {'tribunal': 'TRE-AL', 'date': '2026-03-19', 'status_code': 200, 'event': 'backfill_empty', 'level': 'info', 'timestamp': '2026-04-09T02:41:59.843951Z'}
2026-04-08 22:41:59,950 INFO     httpx  HTTP Request: GET https://comunicaapi.pje.jus.br/api/v1/caderno/TRE-AL/2026-03-18/D "HTTP/1.1 200 OK"
2026-04-08 22:41:59,953 INFO     djen_backup.backfill  {'tribunal': 'TRE-AL', 'date': '2026-03-18', 'status_code': 200, 'event': 'backfill_empty', 'level': 'info', 'timestamp': '2026-04-09T02:41:59.953845Z'}
2026-04-08 22:42:00,058 INFO     httpx  HTTP Request: GET https://comunicaapi.pje.jus.br/api/v1/caderno/TRE-AL/2026-03-17/D "HTTP/1.1 200 OK"
2026-04-08 22:42:00,060 INFO     djen_backup.backfill  {'tribunal': 'TRE-AL', 'date': '2026-03-17', 'status_code': 200, 'event': 'backfill_empty', 'level': 'info', 'timestamp': '2026-04-09T02:42:00.060663Z'}
2026-04-08 22:42:00,171 INFO     httpx  HTTP Request: GET https://comunicaapi.pje.jus.br/api/v1/caderno/TRE-AL/2026-03-16/D "HTTP/1.1 200 OK"
2026-04-08 22:42:00,175 INFO     djen_backup.backfill  {'tribunal': 'TRE-AL', 'date': '2026-03-16', 'status_code': 200, 'event': 'backfill_empty', 'level': 'info', 'timestamp': '2026-04-09T02:42:00.175273Z'}
2026-04-08 22:42:00,282 INFO     httpx  HTTP Request: GET https://comunicaapi.pje.jus.br/api/v1/caderno/TRE-AL/2026-03-15/D "HTTP/1.1 404 Not Found"
2026-04-08 22:42:00,283 INFO     djen_backup.backfill  {'tribunal': 'TRE-AL', 'date': '2026-03-15', 'status_code': 404, 'event': 'backfill_empty', 'level': 'info', 'timestamp': '2026-04-09T02:42:00.283526Z'}
2026-04-08 22:42:00,381 INFO     httpx  HTTP Request: GET https://comunicaapi.pje.jus.br/api/v1/caderno/TRE-AL/2026-03-14/D "HTTP/1.1 404 Not Found"
2026-04-08 22:42:00,382 INFO     djen_backup.backfill  {'tribunal': 'TRE-AL', 'date': '2026-03-14', 'status_code': 404, 'event': 'backfill_empty', 'level': 'info', 'timestamp': '2026-04-09T02:42:00.382953Z'}
2026-04-08 22:42:00,490 INFO     httpx  HTTP Request: GET https://comunicaapi.pje.jus.br/api/v1/caderno/TRE-AL/2026-03-13/D "HTTP/1.1 200 OK"
2026-04-08 22:42:00,494 INFO     djen_backup.backfill  {'tribunal': 'TRE-AL', 'date': '2026-03-13', 'status_code': 200, 'event': 'backfill_empty', 'level': 'info', 'timestamp': '2026-04-09T02:42:00.494066Z'}
2026-04-08 22:42:00,603 INFO     httpx  HTTP Request: GET https://comunicaapi.pje.jus.br/api/v1/caderno/TRE-AL/2026-03-12/D "HTTP/1.1 200 OK"
2026-04-08 22:42:00,605 INFO     djen_backup.backfill  {'tribunal': 'TRE-AL', 'date': '2026-03-12', 'status_code': 200, 'event': 'backfill_empty', 'level': 'info', 'timestamp': '2026-04-09T02:42:00.605928Z'}
2026-04-08 22:42:00,710 INFO     httpx  HTTP Request: GET https://comunicaapi.pje.jus.br/api/v1/caderno/TRE-AL/2026-03-11/D "HTTP/1.1 200 OK"
2026-04-08 22:42:00,712 INFO     djen_backup.backfill  {'tribunal': 'TRE-AL', 'date': '2026-03-11', 'status_code': 200, 'event': 'backfill_empty', 'level': 'info', 'timestamp': '2026-04-09T02:42:00.712417Z'}
2026-04-08 22:42:00,821 INFO     httpx  HTTP Request: GET https://comunicaapi.pje.jus.br/api/v1/caderno/TRE-AL/2026-03-10/D "HTTP/1.1 200 OK"
2026-04-08 22:42:00,823 INFO     djen_backup.backfill  {'tribunal': 'TRE-AL', 'date': '2026-03-10', 'status_code': 200, 'event': 'backfill_empty', 'level': 'info', 'timestamp': '2026-04-09T02:42:00.823368Z'}
2026-04-08 22:42:00,934 INFO     httpx  HTTP Request: GET https://comunicaapi.pje.jus.br/api/v1/caderno/TRE-AL/2026-03-09/D "HTTP/1.1 200 OK"
2026-04-08 22:42:00,936 INFO     djen_backup.backfill  {'tribunal': 'TRE-AL', 'date': '2026-03-09', 'status_code': 200, 'event': 'backfill_empty', 'level': 'info', 'timestamp': '2026-04-09T02:42:00.936316Z'}
2026-04-08 22:42:01,040 INFO     httpx  HTTP Request: GET https://comunicaapi.pje.jus.br/api/v1/caderno/TRE-AL/2026-03-08/D "HTTP/1.1 404 Not Found"
2026-04-08 22:42:01,042 INFO     djen_backup.backfill  {'tribunal': 'TRE-AL', 'date': '2026-03-08', 'status_code': 404, 'event': 'backfill_empty', 'level': 'info', 'timestamp': '2026-04-09T02:42:01.042149Z'}
2026-04-08 22:42:01,149 INFO     httpx  HTTP Request: GET https://comunicaapi.pje.jus.br/api/v1/caderno/TRE-AL/2026-03-07/D "HTTP/1.1 404 Not Found"
2026-04-08 22:42:01,151 INFO     djen_backup.backfill  {'tribunal': 'TRE-AL', 'date': '2026-03-07', 'status_code': 404, 'event': 'backfill_empty', 'level': 'info', 'timestamp': '2026-04-09T02:42:01.151509Z'}
2026-04-08 22:42:01,252 INFO     httpx  HTTP Request: GET https://comunicaapi.pje.jus.br/api/v1/caderno/TRE-AL/2026-03-06/D "HTTP/1.1 200 OK"
2026-04-08 22:42:01,254 INFO     djen_backup.backfill  {'tribunal': 'TRE-AL', 'date': '2026-03-06', 'status_code': 200, 'event': 'backfill_empty', 'level': 'info', 'timestamp': '2026-04-09T02:42:01.254590Z'}
2026-04-08 22:42:01,360 INFO     httpx  HTTP Request: GET https://comunicaapi.pje.jus.br/api/v1/caderno/TRE-AL/2026-03-05/D "HTTP/1.1 200 OK"
2026-04-08 22:42:01,362 INFO     djen_backup.backfill  {'tribunal': 'TRE-AL', 'date': '2026-03-05', 'status_code': 200, 'event': 'backfill_empty', 'level': 'info', 'timestamp': '2026-04-09T02:42:01.362826Z'}
2026-04-08 22:42:01,472 INFO     httpx  HTTP Request: GET https://comunicaapi.pje.jus.br/api/v1/caderno/TRE-AL/2026-03-04/D "HTTP/1.1 200 OK"
2026-04-08 22:42:01,474 INFO     djen_backup.backfill  {'tribunal': 'TRE-AL', 'date': '2026-03-04', 'status_code': 200, 'event': 'backfill_empty', 'level': 'info', 'timestamp': '2026-04-09T02:42:01.474301Z'}
2026-04-08 22:42:01,594 INFO     httpx  HTTP Request: GET https://comunicaapi.pje.jus.br/api/v1/caderno/TRE-AL/2026-03-03/D "HTTP/1.1 200 OK"
2026-04-08 22:42:01,597 INFO     djen_backup.backfill  {'tribunal': 'TRE-AL', 'date': '2026-03-03', 'status_code': 200, 'event': 'backfill_empty', 'level': 'info', 'timestamp': '2026-04-09T02:42:01.597133Z'}
2026-04-08 22:42:01,749 INFO     httpx  HTTP Request: GET https://comunicaapi.pje.jus.br/api/v1/caderno/TRE-AL/2026-03-02/D "HTTP/1.1 200 OK"
2026-04-08 22:42:01,750 INFO     djen_backup.backfill  {'tribunal': 'TRE-AL', 'date': '2026-03-02', 'status_code': 200, 'event': 'backfill_empty', 'level': 'info', 'timestamp': '2026-04-09T02:42:01.750774Z'}
2026-04-08 22:42:01,895 INFO     httpx  HTTP Request: GET https://comunicaapi.pje.jus.br/api/v1/caderno/TRE-AL/2026-03-01/D "HTTP/1.1 404 Not Found"
2026-04-08 22:42:01,897 INFO     djen_backup.backfill  {'tribunal': 'TRE-AL', 'date': '2026-03-01', 'status_code': 404, 'event': 'backfill_empty', 'level': 'info', 'timestamp': '2026-04-09T02:42:01.897106Z'}
2026-04-08 22:42:02,001 INFO     httpx  HTTP Request: GET https://comunicaapi.pje.jus.br/api/v1/caderno/TRE-AL/2026-02-28/D "HTTP/1.1 404 Not Found"
2026-04-08 22:42:02,002 INFO     djen_backup.backfill  {'tribunal': 'TRE-AL', 'date': '2026-02-28', 'status_code': 404, 'event': 'backfill_empty', 'level': 'info', 'timestamp': '2026-04-09T02:42:02.002891Z'}
2026-04-08 22:42:02,110 INFO     httpx  HTTP Request: GET https://comunicaapi.pje.jus.br/api/v1/caderno/TRE-AL/2026-02-27/D "HTTP/1.1 200 OK"
2026-04-08 22:42:02,112 INFO     djen_backup.backfill  {'tribunal': 'TRE-AL', 'date': '2026-02-27', 'status_code': 200, 'event': 'backfill_empty', 'level': 'info', 'timestamp': '2026-04-09T02:42:02.112147Z'}
2026-04-08 22:42:02,254 INFO     httpx  HTTP Request: GET https://comunicaapi.pje.jus.br/api/v1/caderno/TRE-AL/2026-02-26/D "HTTP/1.1 200 OK"
2026-04-08 22:42:02,256 INFO     djen_backup.backfill  {'tribunal': 'TRE-AL', 'date': '2026-02-26', 'status_code': 200, 'event': 'backfill_empty', 'level': 'info', 'timestamp': '2026-04-09T02:42:02.256464Z'}
2026-04-08 22:42:02,361 INFO     httpx  HTTP Request: GET https://comunicaapi.pje.jus.br/api/v1/caderno/TRE-AL/2026-02-25/D "HTTP/1.1 200 OK"
2026-04-08 22:42:02,362 INFO     djen_backup.backfill  {'tribunal': 'TRE-AL', 'date': '2026-02-25', 'status_code': 200, 'event': 'backfill_empty', 'level': 'info', 'timestamp': '2026-04-09T02:42:02.362940Z'}
2026-04-08 22:42:02,466 INFO     httpx  HTTP Request: GET https://comunicaapi.pje.jus.br/api/v1/caderno/TRE-AL/2026-02-24/D "HTTP/1.1 200 OK"
2026-04-08 22:42:02,467 INFO     djen_backup.backfill  {'tribunal': 'TRE-AL', 'date': '2026-02-24', 'status_code': 200, 'event': 'backfill_empty', 'level': 'info', 'timestamp': '2026-04-09T02:42:02.467829Z'}
2026-04-08 22:42:02,571 INFO     httpx  HTTP Request: GET https://comunicaapi.pje.jus.br/api/v1/caderno/TRE-AL/2026-02-23/D "HTTP/1.1 200 OK"
2026-04-08 22:42:02,574 INFO     djen_backup.backfill  {'tribunal': 'TRE-AL', 'date': '2026-02-23', 'status_code': 200, 'event': 'backfill_empty', 'level': 'info', 'timestamp': '2026-04-09T02:42:02.574007Z'}
2026-04-08 22:42:02,674 INFO     httpx  HTTP Request: GET https://comunicaapi.pje.jus.br/api/v1/caderno/TRE-AL/2026-02-22/D "HTTP/1.1 404 Not Found"
2026-04-08 22:42:02,677 INFO     djen_backup.backfill  {'tribunal': 'TRE-AL', 'date': '2026-02-22', 'status_code': 404, 'event': 'backfill_empty', 'level': 'info', 'timestamp': '2026-04-09T02:42:02.677476Z'}
2026-04-08 22:42:02,783 INFO     httpx  HTTP Request: GET https://comunicaapi.pje.jus.br/api/v1/caderno/TRE-AL/2026-02-21/D "HTTP/1.1 404 Not Found"
2026-04-08 22:42:02,786 INFO     djen_backup.backfill  {'tribunal': 'TRE-AL', 'date': '2026-02-21', 'status_code': 404, 'event': 'backfill_empty', 'level': 'info', 'timestamp': '2026-04-09T02:42:02.786219Z'}
2026-04-08 22:42:02,894 INFO     httpx  HTTP Request: GET https://comunicaapi.pje.jus.br/api/v1/caderno/TRE-AL/2026-02-20/D "HTTP/1.1 200 OK"
2026-04-08 22:42:02,896 INFO     djen_backup.backfill  {'tribunal': 'TRE-AL', 'date': '2026-02-20', 'status_code': 200, 'event': 'backfill_empty', 'level': 'info', 'timestamp': '2026-04-09T02:42:02.896078Z'}
2026-04-08 22:42:03,004 INFO     httpx  HTTP Request: GET https://comunicaapi.pje.jus.br/api/v1/caderno/TRE-AL/2026-02-19/D "HTTP/1.1 200 OK"
2026-04-08 22:42:03,005 INFO     djen_backup.backfill  {'tribunal': 'TRE-AL', 'date': '2026-02-19', 'status_code': 200, 'event': 'backfill_empty', 'level': 'info', 'timestamp': '2026-04-09T02:42:03.005504Z'}
2026-04-08 22:42:03,112 INFO     httpx  HTTP Request: GET https://comunicaapi.pje.jus.br/api/v1/caderno/TRE-AL/2026-02-18/D "HTTP/1.1 200 OK"
2026-04-08 22:42:03,114 INFO     djen_backup.backfill  {'tribunal': 'TRE-AL', 'date': '2026-02-18', 'status_code': 200, 'event': 'backfill_empty', 'level': 'info', 'timestamp': '2026-04-09T02:42:03.114524Z'}
2026-04-08 22:42:03,221 INFO     httpx  HTTP Request: GET https://comunicaapi.pje.jus.br/api/v1/caderno/TRE-AL/2026-02-17/D "HTTP/1.1 200 OK"
2026-04-08 22:42:03,223 INFO     djen_backup.backfill  {'tribunal': 'TRE-AL', 'date': '2026-02-17', 'status_code': 200, 'event': 'backfill_empty', 'level': 'info', 'timestamp': '2026-04-09T02:42:03.223791Z'}
2026-04-08 22:42:03,328 INFO     httpx  HTTP Request: GET https://comunicaapi.pje.jus.br/api/v1/caderno/TRE-AL/2026-02-16/D "HTTP/1.1 200 OK"
2026-04-08 22:42:03,330 INFO     djen_backup.backfill  {'tribunal': 'TRE-AL', 'date': '2026-02-16', 'status_code': 200, 'event': 'backfill_empty', 'level': 'info', 'timestamp': '2026-04-09T02:42:03.330855Z'}
2026-04-08 22:42:03,433 INFO     httpx  HTTP Request: GET https://comunicaapi.pje.jus.br/api/v1/caderno/TRE-AL/2026-02-15/D "HTTP/1.1 404 Not Found"
2026-04-08 22:42:03,434 INFO     djen_backup.backfill  {'tribunal': 'TRE-AL', 'date': '2026-02-15', 'status_code': 404, 'event': 'backfill_empty', 'level': 'info', 'timestamp': '2026-04-09T02:42:03.434928Z'}
2026-04-08 22:42:03,534 INFO     httpx  HTTP Request: GET https://comunicaapi.pje.jus.br/api/v1/caderno/TRE-AL/2026-02-14/D "HTTP/1.1 404 Not Found"
2026-04-08 22:42:03,536 INFO     djen_backup.backfill  {'tribunal': 'TRE-AL', 'date': '2026-02-14', 'status_code': 404, 'event': 'backfill_empty', 'level': 'info', 'timestamp': '2026-04-09T02:42:03.536446Z'}
2026-04-08 22:42:03,639 INFO     httpx  HTTP Request: GET https://comunicaapi.pje.jus.br/api/v1/caderno/TRE-AL/2026-02-13/D "HTTP/1.1 200 OK"
2026-04-08 22:42:03,642 INFO     djen_backup.backfill  {'tribunal': 'TRE-AL', 'date': '2026-02-13', 'status_code': 200, 'event': 'backfill_empty', 'level': 'info', 'timestamp': '2026-04-09T02:42:03.642475Z'}
2026-04-08 22:42:03,748 INFO     httpx  HTTP Request: GET https://comunicaapi.pje.jus.br/api/v1/caderno/TRE-AL/2026-02-12/D "HTTP/1.1 200 OK"
2026-04-08 22:42:03,752 INFO     djen_backup.backfill  {'tribunal': 'TRE-AL', 'date': '2026-02-12', 'status_code': 200, 'event': 'backfill_empty', 'level': 'info', 'timestamp': '2026-04-09T02:42:03.752683Z'}
2026-04-08 22:42:03,854 INFO     httpx  HTTP Request: GET https://comunicaapi.pje.jus.br/api/v1/caderno/TRE-AL/2026-02-11/D "HTTP/1.1 200 OK"
2026-04-08 22:42:03,858 INFO     djen_backup.backfill  {'tribunal': 'TRE-AL', 'date': '2026-02-11', 'status_code': 200, 'event': 'backfill_empty', 'level': 'info', 'timestamp': '2026-04-09T02:42:03.858356Z'}
2026-04-08 22:42:03,965 INFO     httpx  HTTP Request: GET https://comunicaapi.pje.jus.br/api/v1/caderno/TRE-AL/2026-02-10/D "HTTP/1.1 200 OK"
2026-04-08 22:42:03,966 INFO     djen_backup.backfill  {'tribunal': 'TRE-AL', 'date': '2026-02-10', 'status_code': 200, 'event': 'backfill_empty', 'level': 'info', 'timestamp': '2026-04-09T02:42:03.966775Z'}
2026-04-08 22:42:04,075 INFO     httpx  HTTP Request: GET https://comunicaapi.pje.jus.br/api/v1/caderno/TRE-AL/2026-02-09/D "HTTP/1.1 200 OK"
2026-04-08 22:42:04,078 INFO     djen_backup.backfill  {'tribunal': 'TRE-AL', 'date': '2026-02-09', 'status_code': 200, 'event': 'backfill_empty', 'level': 'info', 'timestamp': '2026-04-09T02:42:04.078435Z'}
2026-04-08 22:42:04,179 INFO     httpx  HTTP Request: GET https://comunicaapi.pje.jus.br/api/v1/caderno/TRE-AL/2026-02-08/D "HTTP/1.1 404 Not Found"
2026-04-08 22:42:04,222 INFO     djen_backup.backfill  {'tribunal': 'TRE-AL', 'date': '2026-02-08', 'status_code': 404, 'event': 'backfill_empty', 'level': 'info', 'timestamp': '2026-04-09T02:42:04.222382Z'}
2026-04-08 22:42:04,336 INFO     httpx  HTTP Request: GET https://comunicaapi.pje.jus.br/api/v1/caderno/TRE-AL/2026-02-07/D "HTTP/1.1 404 Not Found"
2026-04-08 22:42:04,338 INFO     djen_backup.backfill  {'tribunal': 'TRE-AL', 'date': '2026-02-07', 'status_code': 404, 'event': 'backfill_empty', 'level': 'info', 'timestamp': '2026-04-09T02:42:04.338273Z'}
2026-04-08 22:42:04,484 INFO     httpx  HTTP Request: GET https://comunicaapi.pje.jus.br/api/v1/caderno/TRE-AL/2026-02-06/D "HTTP/1.1 200 OK"
2026-04-08 22:42:04,486 INFO     djen_backup.backfill  {'tribunal': 'TRE-AL', 'date': '2026-02-06', 'status_code': 200, 'event': 'backfill_empty', 'level': 'info', 'timestamp': '2026-04-09T02:42:04.486345Z'}
2026-04-08 22:42:04,590 INFO     httpx  HTTP Request: GET https://comunicaapi.pje.jus.br/api/v1/caderno/TRE-AL/2026-02-05/D "HTTP/1.1 200 OK"
2026-04-08 22:42:04,596 INFO     djen_backup.backfill  {'tribunal': 'TRE-AL', 'date': '2026-02-05', 'status_code': 200, 'event': 'backfill_empty', 'level': 'info', 'timestamp': '2026-04-09T02:42:04.596007Z'}
2026-04-08 22:42:04,700 INFO     httpx  HTTP Request: GET https://comunicaapi.pje.jus.br/api/v1/caderno/TRE-AL/2026-02-04/D "HTTP/1.1 200 OK"
2026-04-08 22:42:04,702 INFO     djen_backup.backfill  {'tribunal': 'TRE-AL', 'date': '2026-02-04', 'status_code': 200, 'event': 'backfill_empty', 'level': 'info', 'timestamp': '2026-04-09T02:42:04.702031Z'}
2026-04-08 22:42:04,813 INFO     httpx  HTTP Request: GET https://comunicaapi.pje.jus.br/api/v1/caderno/TRE-AL/2026-02-03/D "HTTP/1.1 200 OK"
2026-04-08 22:42:04,815 INFO     djen_backup.backfill  {'tribunal': 'TRE-AL', 'date': '2026-02-03', 'status_code': 200, 'event': 'backfill_empty', 'level': 'info', 'timestamp': '2026-04-09T02:42:04.815596Z'}
2026-04-08 22:42:04,924 INFO     httpx  HTTP Request: GET https://comunicaapi.pje.jus.br/api/v1/caderno/TRE-AL/2026-02-02/D "HTTP/1.1 200 OK"
2026-04-08 22:42:04,926 INFO     djen_backup.backfill  {'tribunal': 'TRE-AL', 'date': '2026-02-02', 'status_code': 200, 'event': 'backfill_empty', 'level': 'info', 'timestamp': '2026-04-09T02:42:04.926396Z'}
2026-04-08 22:42:05,024 INFO     httpx  HTTP Request: GET https://comunicaapi.pje.jus.br/api/v1/caderno/TRE-AL/2026-02-01/D "HTTP/1.1 404 Not Found"
2026-04-08 22:42:05,026 INFO     djen_backup.backfill  {'tribunal': 'TRE-AL', 'date': '2026-02-01', 'status_code': 404, 'event': 'backfill_empty', 'level': 'info', 'timestamp': '2026-04-09T02:42:05.026608Z'}
2026-04-08 22:42:05,126 INFO     httpx  HTTP Request: GET https://comunicaapi.pje.jus.br/api/v1/caderno/TRE-AL/2026-01-31/D "HTTP/1.1 404 Not Found"
2026-04-08 22:42:05,127 INFO     djen_backup.backfill  {'tribunal': 'TRE-AL', 'date': '2026-01-31', 'status_code': 404, 'event': 'backfill_empty', 'level': 'info', 'timestamp': '2026-04-09T02:42:05.127727Z'}
2026-04-08 22:42:05,230 INFO     httpx  HTTP Request: GET https://comunicaapi.pje.jus.br/api/v1/caderno/TRE-AL/2026-01-30/D "HTTP/1.1 200 OK"
2026-04-08 22:42:05,232 INFO     djen_backup.backfill  {'tribunal': 'TRE-AL', 'date': '2026-01-30', 'status_code': 200, 'event': 'backfill_empty', 'level': 'info', 'timestamp': '2026-04-09T02:42:05.232571Z'}
2026-04-08 22:42:05,343 INFO     httpx  HTTP Request: GET https://comunicaapi.pje.jus.br/api/v1/caderno/TRE-AL/2026-01-29/D "HTTP/1.1 200 OK"
2026-04-08 22:42:05,345 INFO     djen_backup.backfill  {'tribunal': 'TRE-AL', 'date': '2026-01-29', 'status_code': 200, 'event': 'backfill_empty', 'level': 'info', 'timestamp': '2026-04-09T02:42:05.345271Z'}
2026-04-08 22:42:05,453 INFO     httpx  HTTP Request: GET https://comunicaapi.pje.jus.br/api/v1/caderno/TRE-AL/2026-01-28/D "HTTP/1.1 200 OK"
2026-04-08 22:42:05,454 INFO     djen_backup.backfill  {'tribunal': 'TRE-AL', 'date': '2026-01-28', 'status_code': 200, 'event': 'backfill_empty', 'level': 'info', 'timestamp': '2026-04-09T02:42:05.454866Z'}
2026-04-08 22:42:05,556 INFO     httpx  HTTP Request: GET https://comunicaapi.pje.jus.br/api/v1/caderno/TRE-AL/2026-01-27/D "HTTP/1.1 200 OK"
2026-04-08 22:42:05,558 INFO     djen_backup.backfill  {'tribunal': 'TRE-AL', 'date': '2026-01-27', 'status_code': 200, 'event': 'backfill_empty', 'level': 'info', 'timestamp': '2026-04-09T02:42:05.558525Z'}
2026-04-08 22:42:05,660 INFO     httpx  HTTP Request: GET https://comunicaapi.pje.jus.br/api/v1/caderno/TRE-AL/2026-01-26/D "HTTP/1.1 200 OK"
2026-04-08 22:42:05,662 INFO     djen_backup.backfill  {'tribunal': 'TRE-AL', 'date': '2026-01-26', 'status_code': 200, 'event': 'backfill_empty', 'level': 'info', 'timestamp': '2026-04-09T02:42:05.662068Z'}
2026-04-08 22:42:05,773 INFO     httpx  HTTP Request: GET https://comunicaapi.pje.jus.br/api/v1/caderno/TRE-AL/2026-01-25/D "HTTP/1.1 404 Not Found"
2026-04-08 22:42:05,776 INFO     djen_backup.backfill  {'tribunal': 'TRE-AL', 'date': '2026-01-25', 'status_code': 404, 'event': 'backfill_empty', 'level': 'info', 'timestamp': '2026-04-09T02:42:05.776433Z'}
2026-04-08 22:42:05,875 INFO     httpx  HTTP Request: GET https://comunicaapi.pje.jus.br/api/v1/caderno/TRE-AL/2026-01-24/D "HTTP/1.1 404 Not Found"
2026-04-08 22:42:05,877 INFO     djen_backup.backfill  {'tribunal': 'TRE-AL', 'date': '2026-01-24', 'status_code': 404, 'event': 'backfill_empty', 'level': 'info', 'timestamp': '2026-04-09T02:42:05.877719Z'}
2026-04-08 22:42:05,982 INFO     httpx  HTTP Request: GET https://comunicaapi.pje.jus.br/api/v1/caderno/TRE-AL/2026-01-23/D "HTTP/1.1 200 OK"
2026-04-08 22:42:05,984 INFO     djen_backup.backfill  {'tribunal': 'TRE-AL', 'date': '2026-01-23', 'status_code': 200, 'event': 'backfill_empty', 'level': 'info', 'timestamp': '2026-04-09T02:42:05.984837Z'}
2026-04-08 22:42:06,091 INFO     httpx  HTTP Request: GET https://comunicaapi.pje.jus.br/api/v1/caderno/TRE-AL/2026-01-22/D "HTTP/1.1 200 OK"
2026-04-08 22:42:06,094 INFO     djen_backup.backfill  {'tribunal': 'TRE-AL', 'date': '2026-01-22', 'status_code': 200, 'event': 'backfill_empty', 'level': 'info', 'timestamp': '2026-04-09T02:42:06.094125Z'}
2026-04-08 22:42:06,197 INFO     httpx  HTTP Request: GET https://comunicaapi.pje.jus.br/api/v1/caderno/TRE-AL/2026-01-21/D "HTTP/1.1 200 OK"
2026-04-08 22:42:06,199 INFO     djen_backup.backfill  {'tribunal': 'TRE-AL', 'date': '2026-01-21', 'status_code': 200, 'event': 'backfill_empty', 'level': 'info', 'timestamp': '2026-04-09T02:42:06.199848Z'}
2026-04-08 22:42:06,305 INFO     httpx  HTTP Request: GET https://comunicaapi.pje.jus.br/api/v1/caderno/TRE-AL/2026-01-20/D "HTTP/1.1 200 OK"
2026-04-08 22:42:06,308 INFO     djen_backup.backfill  {'tribunal': 'TRE-AL', 'date': '2026-01-20', 'status_code': 200, 'event': 'backfill_empty', 'level': 'info', 'timestamp': '2026-04-09T02:42:06.308230Z'}
2026-04-08 22:42:06,414 INFO     httpx  HTTP Request: GET https://comunicaapi.pje.jus.br/api/v1/caderno/TRE-AL/2026-01-19/D "HTTP/1.1 200 OK"
2026-04-08 22:42:06,417 INFO     djen_backup.backfill  {'tribunal': 'TRE-AL', 'date': '2026-01-19', 'status_code': 200, 'event': 'backfill_empty', 'level': 'info', 'timestamp': '2026-04-09T02:42:06.417104Z'}
2026-04-08 22:42:06,520 INFO     httpx  HTTP Request: GET https://comunicaapi.pje.jus.br/api/v1/caderno/TRE-AL/2026-01-18/D "HTTP/1.1 404 Not Found"
2026-04-08 22:42:06,522 INFO     djen_backup.backfill  {'tribunal': 'TRE-AL', 'date': '2026-01-18', 'status_code': 404, 'event': 'backfill_empty', 'level': 'info', 'timestamp': '2026-04-09T02:42:06.522604Z'}
2026-04-08 22:42:06,626 INFO     httpx  HTTP Request: GET https://comunicaapi.pje.jus.br/api/v1/caderno/TRE-AL/2026-01-17/D "HTTP/1.1 404 Not Found"
2026-04-08 22:42:06,629 INFO     djen_backup.backfill  {'tribunal': 'TRE-AL', 'date': '2026-01-17', 'status_code': 404, 'event': 'backfill_empty', 'level': 'info', 'timestamp': '2026-04-09T02:42:06.629637Z'}
2026-04-08 22:42:06,732 INFO     httpx  HTTP Request: GET https://comunicaapi.pje.jus.br/api/v1/caderno/TRE-AL/2026-01-16/D "HTTP/1.1 200 OK"
2026-04-08 22:42:06,734 INFO     djen_backup.backfill  {'tribunal': 'TRE-AL', 'date': '2026-01-16', 'status_code': 200, 'event': 'backfill_empty', 'level': 'info', 'timestamp': '2026-04-09T02:42:06.734822Z'}
2026-04-08 22:42:06,837 INFO     httpx  HTTP Request: GET https://comunicaapi.pje.jus.br/api/v1/caderno/TRE-AL/2026-01-15/D "HTTP/1.1 200 OK"
2026-04-08 22:42:06,840 INFO     djen_backup.backfill  {'tribunal': 'TRE-AL', 'date': '2026-01-15', 'status_code': 200, 'event': 'backfill_empty', 'level': 'info', 'timestamp': '2026-04-09T02:42:06.840296Z'}
2026-04-08 22:42:06,956 INFO     httpx  HTTP Request: GET https://comunicaapi.pje.jus.br/api/v1/caderno/TRE-AL/2026-01-14/D "HTTP/1.1 200 OK"
2026-04-08 22:42:06,958 INFO     djen_backup.backfill  {'tribunal': 'TRE-AL', 'date': '2026-01-14', 'status_code': 200, 'event': 'backfill_empty', 'level': 'info', 'timestamp': '2026-04-09T02:42:06.958509Z'}
2026-04-08 22:42:07,063 INFO     httpx  HTTP Request: GET https://comunicaapi.pje.jus.br/api/v1/caderno/TRE-AL/2026-01-13/D "HTTP/1.1 200 OK"
2026-04-08 22:42:07,065 INFO     djen_backup.backfill  {'tribunal': 'TRE-AL', 'date': '2026-01-13', 'status_code': 200, 'event': 'backfill_empty', 'level': 'info', 'timestamp': '2026-04-09T02:42:07.065519Z'}
2026-04-08 22:42:07,173 INFO     httpx  HTTP Request: GET https://comunicaapi.pje.jus.br/api/v1/caderno/TRE-AL/2026-01-12/D "HTTP/1.1 200 OK"
2026-04-08 22:42:07,175 INFO     djen_backup.backfill  {'tribunal': 'TRE-AL', 'date': '2026-01-12', 'status_code': 200, 'event': 'backfill_empty', 'level': 'info', 'timestamp': '2026-04-09T02:42:07.175511Z'}
2026-04-08 22:42:07,276 INFO     httpx  HTTP Request: GET https://comunicaapi.pje.jus.br/api/v1/caderno/TRE-AL/2026-01-11/D "HTTP/1.1 404 Not Found"
2026-04-08 22:42:07,280 INFO     djen_backup.backfill  {'tribunal': 'TRE-AL', 'date': '2026-01-11', 'status_code': 404, 'event': 'backfill_empty', 'level': 'info', 'timestamp': '2026-04-09T02:42:07.280225Z'}
2026-04-08 22:42:07,387 INFO     httpx  HTTP Request: GET https://comunicaapi.pje.jus.br/api/v1/caderno/TRE-AL/2026-01-10/D "HTTP/1.1 404 Not Found"
2026-04-08 22:42:07,390 INFO     djen_backup.backfill  {'tribunal': 'TRE-AL', 'date': '2026-01-10', 'status_code': 404, 'event': 'backfill_empty', 'level': 'info', 'timestamp': '2026-04-09T02:42:07.390199Z'}
2026-04-08 22:42:07,497 INFO     httpx  HTTP Request: GET https://comunicaapi.pje.jus.br/api/v1/caderno/TRE-AL/2026-01-09/D "HTTP/1.1 200 OK"
2026-04-08 22:42:07,500 INFO     djen_backup.backfill  {'tribunal': 'TRE-AL', 'date': '2026-01-09', 'status_code': 200, 'event': 'backfill_empty', 'level': 'info', 'timestamp': '2026-04-09T02:42:07.500314Z'}
2026-04-08 22:42:07,602 INFO     httpx  HTTP Request: GET https://comunicaapi.pje.jus.br/api/v1/caderno/TRE-AL/2026-01-08/D "HTTP/1.1 200 OK"
2026-04-08 22:42:07,604 INFO     djen_backup.backfill  {'tribunal': 'TRE-AL', 'date': '2026-01-08', 'status_code': 200, 'event': 'backfill_empty', 'level': 'info', 'timestamp': '2026-04-09T02:42:07.604655Z'}
2026-04-08 22:42:07,709 INFO     httpx  HTTP Request: GET https://comunicaapi.pje.jus.br/api/v1/caderno/TRE-AL/2026-01-07/D "HTTP/1.1 200 OK"
2026-04-08 22:42:07,712 INFO     djen_backup.backfill  {'tribunal': 'TRE-AL', 'date': '2026-01-07', 'status_code': 200, 'event': 'backfill_empty', 'level': 'info', 'timestamp': '2026-04-09T02:42:07.711982Z'}
2026-04-08 22:42:07,811 INFO     httpx  HTTP Request: GET https://comunicaapi.pje.jus.br/api/v1/caderno/TRE-AL/2026-01-06/D "HTTP/1.1 200 OK"
2026-04-08 22:42:07,813 INFO     djen_backup.backfill  {'tribunal': 'TRE-AL', 'date': '2026-01-06', 'status_code': 200, 'event': 'backfill_empty', 'level': 'info', 'timestamp': '2026-04-09T02:42:07.813166Z'}
2026-04-08 22:42:07,936 INFO     httpx  HTTP Request: GET https://comunicaapi.pje.jus.br/api/v1/caderno/TRE-AL/2026-01-05/D "HTTP/1.1 200 OK"
2026-04-08 22:42:07,940 INFO     djen_backup.backfill  {'tribunal': 'TRE-AL', 'date': '2026-01-05', 'status_code': 200, 'event': 'backfill_empty', 'level': 'info', 'timestamp': '2026-04-09T02:42:07.940199Z'}
2026-04-08 22:42:08,041 INFO     httpx  HTTP Request: GET https://comunicaapi.pje.jus.br/api/v1/caderno/TRE-AL/2026-01-04/D "HTTP/1.1 404 Not Found"
2026-04-08 22:42:08,044 INFO     djen_backup.backfill  {'tribunal': 'TRE-AL', 'date': '2026-01-04', 'status_code': 404, 'event': 'backfill_empty', 'level': 'info', 'timestamp': '2026-04-09T02:42:08.044585Z'}
2026-04-08 22:42:08,142 INFO     httpx  HTTP Request: GET https://comunicaapi.pje.jus.br/api/v1/caderno/TRE-AL/2026-01-03/D "HTTP/1.1 404 Not Found"
2026-04-08 22:42:08,186 INFO     djen_backup.backfill  {'tribunal': 'TRE-AL', 'date': '2026-01-03', 'status_code': 404, 'event': 'backfill_empty', 'level': 'info', 'timestamp': '2026-04-09T02:42:08.186583Z'}
2026-04-08 22:42:08,298 INFO     httpx  HTTP Request: GET https://comunicaapi.pje.jus.br/api/v1/caderno/TRE-AL/2026-01-02/D "HTTP/1.1 200 OK"
2026-04-08 22:42:08,300 INFO     djen_backup.backfill  {'tribunal': 'TRE-AL', 'date': '2026-01-02', 'status_code': 200, 'event': 'backfill_empty', 'level': 'info', 'timestamp': '2026-04-09T02:42:08.300403Z'}
2026-04-08 22:42:08,398 INFO     httpx  HTTP Request: GET https://comunicaapi.pje.jus.br/api/v1/caderno/TRE-AL/2026-01-01/D "HTTP/1.1 200 OK"
2026-04-08 22:42:08,401 INFO     djen_backup.backfill  {'tribunal': 'TRE-AL', 'date': '2026-01-01', 'status_code': 200, 'event': 'backfill_empty', 'level': 'info', 'timestamp': '2026-04-09T02:42:08.401641Z'}
2026-04-08 22:42:11,440 INFO     httpx  HTTP Request: GET https://archive.org/metadata/djen-tre-am-2026/files "HTTP/1.1 200 OK"
2026-04-08 22:42:11,442 INFO     djen_backup.backfill  {'tribunal': 'TRE-AM', 'year': 2026, 'gaps': 98, 'event': 'backfill_tribunal_year', 'level': 'info', 'timestamp': '2026-04-09T02:42:11.442597Z'}
2026-04-08 22:42:11,613 INFO     httpx  HTTP Request: GET https://comunicaapi.pje.jus.br/api/v1/caderno/TRE-AM/2026-04-08/D "HTTP/1.1 200 OK"
2026-04-08 22:42:11,616 INFO     djen_backup.backfill  {'tribunal': 'TRE-AM', 'date': '2026-04-08', 'status_code': 200, 'event': 'backfill_empty', 'level': 'info', 'timestamp': '2026-04-09T02:42:11.616088Z'}
2026-04-08 22:42:11,719 INFO     httpx  HTTP Request: GET https://comunicaapi.pje.jus.br/api/v1/caderno/TRE-AM/2026-04-07/D "HTTP/1.1 200 OK"
2026-04-08 22:42:11,722 INFO     djen_backup.backfill  {'tribunal': 'TRE-AM', 'date': '2026-04-07', 'status_code': 200, 'event': 'backfill_empty', 'level': 'info', 'timestamp': '2026-04-09T02:42:11.722549Z'}
2026-04-08 22:42:11,824 INFO     httpx  HTTP Request: GET https://comunicaapi.pje.jus.br/api/v1/caderno/TRE-AM/2026-04-06/D "HTTP/1.1 200 OK"
2026-04-08 22:42:11,826 INFO     djen_backup.backfill  {'tribunal': 'TRE-AM', 'date': '2026-04-06', 'status_code': 200, 'event': 'backfill_empty', 'level': 'info', 'timestamp': '2026-04-09T02:42:11.826721Z'}
2026-04-08 22:42:11,932 INFO     httpx  HTTP Request: GET https://comunicaapi.pje.jus.br/api/v1/caderno/TRE-AM/2026-04-05/D "HTTP/1.1 404 Not Found"
2026-04-08 22:42:11,933 INFO     djen_backup.backfill  {'tribunal': 'TRE-AM', 'date': '2026-04-05', 'status_code': 404, 'event': 'backfill_empty', 'level': 'info', 'timestamp': '2026-04-09T02:42:11.933918Z'}
2026-04-08 22:42:12,031 INFO     httpx  HTTP Request: GET https://comunicaapi.pje.jus.br/api/v1/caderno/TRE-AM/2026-04-04/D "HTTP/1.1 404 Not Found"
2026-04-08 22:42:12,032 INFO     djen_backup.backfill  {'tribunal': 'TRE-AM', 'date': '2026-04-04', 'status_code': 404, 'event': 'backfill_empty', 'level': 'info', 'timestamp': '2026-04-09T02:42:12.032936Z'}
2026-04-08 22:42:12,135 INFO     httpx  HTTP Request: GET https://comunicaapi.pje.jus.br/api/v1/caderno/TRE-AM/2026-04-03/D "HTTP/1.1 200 OK"
2026-04-08 22:42:12,137 INFO     djen_backup.backfill  {'tribunal': 'TRE-AM', 'date': '2026-04-03', 'status_code': 200, 'event': 'backfill_empty', 'level': 'info', 'timestamp': '2026-04-09T02:42:12.137841Z'}
2026-04-08 22:42:12,243 INFO     httpx  HTTP Request: GET https://comunicaapi.pje.jus.br/api/v1/caderno/TRE-AM/2026-04-02/D "HTTP/1.1 200 OK"
2026-04-08 22:42:12,245 INFO     djen_backup.backfill  {'tribunal': 'TRE-AM', 'date': '2026-04-02', 'status_code': 200, 'event': 'backfill_empty', 'level': 'info', 'timestamp': '2026-04-09T02:42:12.245595Z'}
2026-04-08 22:42:12,346 INFO     httpx  HTTP Request: GET https://comunicaapi.pje.jus.br/api/v1/caderno/TRE-AM/2026-04-01/D "HTTP/1.1 200 OK"
2026-04-08 22:42:12,349 INFO     djen_backup.backfill  {'tribunal': 'TRE-AM', 'date': '2026-04-01', 'status_code': 200, 'event': 'backfill_empty', 'level': 'info', 'timestamp': '2026-04-09T02:42:12.349577Z'}
2026-04-08 22:42:12,475 INFO     httpx  HTTP Request: GET https://comunicaapi.pje.jus.br/api/v1/caderno/TRE-AM/2026-03-31/D "HTTP/1.1 200 OK"
2026-04-08 22:42:12,477 INFO     djen_backup.backfill  {'tribunal': 'TRE-AM', 'date': '2026-03-31', 'status_code': 200, 'event': 'backfill_empty', 'level': 'info', 'timestamp': '2026-04-09T02:42:12.477193Z'}
2026-04-08 22:42:12,582 INFO     httpx  HTTP Request: GET https://comunicaapi.pje.jus.br/api/v1/caderno/TRE-AM/2026-03-30/D "HTTP/1.1 200 OK"
2026-04-08 22:42:12,585 INFO     djen_backup.backfill  {'tribunal': 'TRE-AM', 'date': '2026-03-30', 'status_code': 200, 'event': 'backfill_empty', 'level': 'info', 'timestamp': '2026-04-09T02:42:12.585352Z'}
2026-04-08 22:42:12,707 INFO     httpx  HTTP Request: GET https://comunicaapi.pje.jus.br/api/v1/caderno/TRE-AM/2026-03-29/D "HTTP/1.1 404 Not Found"
2026-04-08 22:42:12,709 INFO     djen_backup.backfill  {'tribunal': 'TRE-AM', 'date': '2026-03-29', 'status_code': 404, 'event': 'backfill_empty', 'level': 'info', 'timestamp': '2026-04-09T02:42:12.709796Z'}
2026-04-08 22:42:12,983 INFO     httpx  HTTP Request: GET https://comunicaapi.pje.jus.br/api/v1/caderno/TRE-AM/2026-03-28/D "HTTP/1.1 404 Not Found"
2026-04-08 22:42:12,987 INFO     djen_backup.backfill  {'tribunal': 'TRE-AM', 'date': '2026-03-28', 'status_code': 404, 'event': 'backfill_empty', 'level': 'info', 'timestamp': '2026-04-09T02:42:12.987223Z'}
2026-04-08 22:42:13,096 INFO     httpx  HTTP Request: GET https://comunicaapi.pje.jus.br/api/v1/caderno/TRE-AM/2026-03-27/D "HTTP/1.1 200 OK"
2026-04-08 22:42:13,099 INFO     djen_backup.backfill  {'tribunal': 'TRE-AM', 'date': '2026-03-27', 'status_code': 200, 'event': 'backfill_empty', 'level': 'info', 'timestamp': '2026-04-09T02:42:13.099657Z'}
2026-04-08 22:42:13,203 INFO     httpx  HTTP Request: GET https://comunicaapi.pje.jus.br/api/v1/caderno/TRE-AM/2026-03-26/D "HTTP/1.1 200 OK"
2026-04-08 22:42:13,206 INFO     djen_backup.backfill  {'tribunal': 'TRE-AM', 'date': '2026-03-26', 'status_code': 200, 'event': 'backfill_empty', 'level': 'info', 'timestamp': '2026-04-09T02:42:13.206273Z'}
2026-04-08 22:42:13,312 INFO     httpx  HTTP Request: GET https://comunicaapi.pje.jus.br/api/v1/caderno/TRE-AM/2026-03-25/D "HTTP/1.1 200 OK"
2026-04-08 22:42:13,314 INFO     djen_backup.backfill  {'tribunal': 'TRE-AM', 'date': '2026-03-25', 'status_code': 200, 'event': 'backfill_empty', 'level': 'info', 'timestamp': '2026-04-09T02:42:13.314549Z'}
2026-04-08 22:42:13,426 INFO     httpx  HTTP Request: GET https://comunicaapi.pje.jus.br/api/v1/caderno/TRE-AM/2026-03-24/D "HTTP/1.1 200 OK"
2026-04-08 22:42:13,428 INFO     djen_backup.backfill  {'tribunal': 'TRE-AM', 'date': '2026-03-24', 'status_code': 200, 'event': 'backfill_empty', 'level': 'info', 'timestamp': '2026-04-09T02:42:13.428097Z'}
2026-04-08 22:42:13,533 INFO     httpx  HTTP Request: GET https://comunicaapi.pje.jus.br/api/v1/caderno/TRE-AM/2026-03-23/D "HTTP/1.1 200 OK"
2026-04-08 22:42:13,573 INFO     djen_backup.backfill  {'tribunal': 'TRE-AM', 'date': '2026-03-23', 'status_code': 200, 'event': 'backfill_empty', 'level': 'info', 'timestamp': '2026-04-09T02:42:13.573884Z'}
2026-04-08 22:42:13,671 INFO     httpx  HTTP Request: GET https://comunicaapi.pje.jus.br/api/v1/caderno/TRE-AM/2026-03-22/D "HTTP/1.1 404 Not Found"
2026-04-08 22:42:13,673 INFO     djen_backup.backfill  {'tribunal': 'TRE-AM', 'date': '2026-03-22', 'status_code': 404, 'event': 'backfill_empty', 'level': 'info', 'timestamp': '2026-04-09T02:42:13.673400Z'}
2026-04-08 22:42:13,773 INFO     httpx  HTTP Request: GET https://comunicaapi.pje.jus.br/api/v1/caderno/TRE-AM/2026-03-21/D "HTTP/1.1 404 Not Found"
2026-04-08 22:42:13,774 INFO     djen_backup.backfill  {'tribunal': 'TRE-AM', 'date': '2026-03-21', 'status_code': 404, 'event': 'backfill_empty', 'level': 'info', 'timestamp': '2026-04-09T02:42:13.774705Z'}
2026-04-08 22:42:13,877 INFO     httpx  HTTP Request: GET https://comunicaapi.pje.jus.br/api/v1/caderno/TRE-AM/2026-03-20/D "HTTP/1.1 200 OK"
2026-04-08 22:42:13,879 INFO     djen_backup.backfill  {'tribunal': 'TRE-AM', 'date': '2026-03-20', 'status_code': 200, 'event': 'backfill_empty', 'level': 'info', 'timestamp': '2026-04-09T02:42:13.879037Z'}
2026-04-08 22:42:13,982 INFO     httpx  HTTP Request: GET https://comunicaapi.pje.jus.br/api/v1/caderno/TRE-AM/2026-03-19/D "HTTP/1.1 200 OK"
2026-04-08 22:42:13,984 INFO     djen_backup.backfill  {'tribunal': 'TRE-AM', 'date': '2026-03-19', 'status_code': 200, 'event': 'backfill_empty', 'level': 'info', 'timestamp': '2026-04-09T02:42:13.984318Z'}
2026-04-08 22:42:14,131 INFO     httpx  HTTP Request: GET https://comunicaapi.pje.jus.br/api/v1/caderno/TRE-AM/2026-03-18/D "HTTP/1.1 200 OK"
2026-04-08 22:42:14,132 INFO     djen_backup.backfill  {'tribunal': 'TRE-AM', 'date': '2026-03-18', 'status_code': 200, 'event': 'backfill_empty', 'level': 'info', 'timestamp': '2026-04-09T02:42:14.132437Z'}
2026-04-08 22:42:14,229 INFO     httpx  HTTP Request: GET https://comunicaapi.pje.jus.br/api/v1/caderno/TRE-AM/2026-03-17/D "HTTP/1.1 200 OK"
2026-04-08 22:42:14,231 INFO     djen_backup.backfill  {'tribunal': 'TRE-AM', 'date': '2026-03-17', 'status_code': 200, 'event': 'backfill_empty', 'level': 'info', 'timestamp': '2026-04-09T02:42:14.231214Z'}
2026-04-08 22:42:14,337 INFO     httpx  HTTP Request: GET https://comunicaapi.pje.jus.br/api/v1/caderno/TRE-AM/2026-03-16/D "HTTP/1.1 200 OK"
2026-04-08 22:42:14,339 INFO     djen_backup.backfill  {'tribunal': 'TRE-AM', 'date': '2026-03-16', 'status_code': 200, 'event': 'backfill_empty', 'level': 'info', 'timestamp': '2026-04-09T02:42:14.339907Z'}
2026-04-08 22:42:14,437 INFO     httpx  HTTP Request: GET https://comunicaapi.pje.jus.br/api/v1/caderno/TRE-AM/2026-03-15/D "HTTP/1.1 404 Not Found"
2026-04-08 22:42:14,439 INFO     djen_backup.backfill  {'tribunal': 'TRE-AM', 'date': '2026-03-15', 'status_code': 404, 'event': 'backfill_empty', 'level': 'info', 'timestamp': '2026-04-09T02:42:14.439511Z'}
2026-04-08 22:42:14,534 INFO     httpx  HTTP Request: GET https://comunicaapi.pje.jus.br/api/v1/caderno/TRE-AM/2026-03-14/D "HTTP/1.1 404 Not Found"
2026-04-08 22:42:14,538 INFO     djen_backup.backfill  {'tribunal': 'TRE-AM', 'date': '2026-03-14', 'status_code': 404, 'event': 'backfill_empty', 'level': 'info', 'timestamp': '2026-04-09T02:42:14.538019Z'}
2026-04-08 22:42:14,634 INFO     httpx  HTTP Request: GET https://comunicaapi.pje.jus.br/api/v1/caderno/TRE-AM/2026-03-13/D "HTTP/1.1 200 OK"
2026-04-08 22:42:14,637 INFO     djen_backup.backfill  {'tribunal': 'TRE-AM', 'date': '2026-03-13', 'status_code': 200, 'event': 'backfill_empty', 'level': 'info', 'timestamp': '2026-04-09T02:42:14.637460Z'}
2026-04-08 22:42:14,744 INFO     httpx  HTTP Request: GET https://comunicaapi.pje.jus.br/api/v1/caderno/TRE-AM/2026-03-12/D "HTTP/1.1 200 OK"
2026-04-08 22:42:14,746 INFO     djen_backup.backfill  {'tribunal': 'TRE-AM', 'date': '2026-03-12', 'status_code': 200, 'event': 'backfill_empty', 'level': 'info', 'timestamp': '2026-04-09T02:42:14.746013Z'}
2026-04-08 22:42:14,846 INFO     httpx  HTTP Request: GET https://comunicaapi.pje.jus.br/api/v1/caderno/TRE-AM/2026-03-11/D "HTTP/1.1 200 OK"
2026-04-08 22:42:14,847 INFO     djen_backup.backfill  {'tribunal': 'TRE-AM', 'date': '2026-03-11', 'status_code': 200, 'event': 'backfill_empty', 'level': 'info', 'timestamp': '2026-04-09T02:42:14.847829Z'}
2026-04-08 22:42:14,947 INFO     httpx  HTTP Request: GET https://comunicaapi.pje.jus.br/api/v1/caderno/TRE-AM/2026-03-10/D "HTTP/1.1 200 OK"
2026-04-08 22:42:14,948 INFO     djen_backup.backfill  {'tribunal': 'TRE-AM', 'date': '2026-03-10', 'status_code': 200, 'event': 'backfill_empty', 'level': 'info', 'timestamp': '2026-04-09T02:42:14.948863Z'}
2026-04-08 22:42:15,054 INFO     httpx  HTTP Request: GET https://comunicaapi.pje.jus.br/api/v1/caderno/TRE-AM/2026-03-09/D "HTTP/1.1 200 OK"
2026-04-08 22:42:15,055 INFO     djen_backup.backfill  {'tribunal': 'TRE-AM', 'date': '2026-03-09', 'status_code': 200, 'event': 'backfill_empty', 'level': 'info', 'timestamp': '2026-04-09T02:42:15.055789Z'}
2026-04-08 22:42:15,153 INFO     httpx  HTTP Request: GET https://comunicaapi.pje.jus.br/api/v1/caderno/TRE-AM/2026-03-08/D "HTTP/1.1 404 Not Found"
2026-04-08 22:42:15,155 INFO     djen_backup.backfill  {'tribunal': 'TRE-AM', 'date': '2026-03-08', 'status_code': 404, 'event': 'backfill_empty', 'level': 'info', 'timestamp': '2026-04-09T02:42:15.155149Z'}
2026-04-08 22:42:15,254 INFO     httpx  HTTP Request: GET https://comunicaapi.pje.jus.br/api/v1/caderno/TRE-AM/2026-03-07/D "HTTP/1.1 404 Not Found"
2026-04-08 22:42:15,256 INFO     djen_backup.backfill  {'tribunal': 'TRE-AM', 'date': '2026-03-07', 'status_code': 404, 'event': 'backfill_empty', 'level': 'info', 'timestamp': '2026-04-09T02:42:15.256233Z'}
2026-04-08 22:42:15,357 INFO     httpx  HTTP Request: GET https://comunicaapi.pje.jus.br/api/v1/caderno/TRE-AM/2026-03-06/D "HTTP/1.1 200 OK"
2026-04-08 22:42:15,359 INFO     djen_backup.backfill  {'tribunal': 'TRE-AM', 'date': '2026-03-06', 'status_code': 200, 'event': 'backfill_empty', 'level': 'info', 'timestamp': '2026-04-09T02:42:15.358983Z'}
2026-04-08 22:42:15,459 INFO     httpx  HTTP Request: GET https://comunicaapi.pje.jus.br/api/v1/caderno/TRE-AM/2026-03-05/D "HTTP/1.1 200 OK"
2026-04-08 22:42:15,460 INFO     djen_backup.backfill  {'tribunal': 'TRE-AM', 'date': '2026-03-05', 'status_code': 200, 'event': 'backfill_empty', 'level': 'info', 'timestamp': '2026-04-09T02:42:15.460479Z'}
2026-04-08 22:42:15,560 INFO     httpx  HTTP Request: GET https://comunicaapi.pje.jus.br/api/v1/caderno/TRE-AM/2026-03-04/D "HTTP/1.1 200 OK"
2026-04-08 22:42:15,561 INFO     djen_backup.backfill  {'tribunal': 'TRE-AM', 'date': '2026-03-04', 'status_code': 200, 'event': 'backfill_empty', 'level': 'info', 'timestamp': '2026-04-09T02:42:15.561914Z'}
2026-04-08 22:42:15,662 INFO     httpx  HTTP Request: GET https://comunicaapi.pje.jus.br/api/v1/caderno/TRE-AM/2026-03-03/D "HTTP/1.1 200 OK"
2026-04-08 22:42:15,663 INFO     djen_backup.backfill  {'tribunal': 'TRE-AM', 'date': '2026-03-03', 'status_code': 200, 'event': 'backfill_empty', 'level': 'info', 'timestamp': '2026-04-09T02:42:15.663668Z'}
2026-04-08 22:42:15,810 INFO     httpx  HTTP Request: GET https://comunicaapi.pje.jus.br/api/v1/caderno/TRE-AM/2026-03-02/D "HTTP/1.1 200 OK"
2026-04-08 22:42:15,812 INFO     djen_backup.backfill  {'tribunal': 'TRE-AM', 'date': '2026-03-02', 'status_code': 200, 'event': 'backfill_empty', 'level': 'info', 'timestamp': '2026-04-09T02:42:15.812478Z'}
2026-04-08 22:42:15,910 INFO     httpx  HTTP Request: GET https://comunicaapi.pje.jus.br/api/v1/caderno/TRE-AM/2026-03-01/D "HTTP/1.1 404 Not Found"
2026-04-08 22:42:15,912 INFO     djen_backup.backfill  {'tribunal': 'TRE-AM', 'date': '2026-03-01', 'status_code': 404, 'event': 'backfill_empty', 'level': 'info', 'timestamp': '2026-04-09T02:42:15.912207Z'}
2026-04-08 22:42:16,012 INFO     httpx  HTTP Request: GET https://comunicaapi.pje.jus.br/api/v1/caderno/TRE-AM/2026-02-28/D "HTTP/1.1 404 Not Found"
2026-04-08 22:42:16,013 INFO     djen_backup.backfill  {'tribunal': 'TRE-AM', 'date': '2026-02-28', 'status_code': 404, 'event': 'backfill_empty', 'level': 'info', 'timestamp': '2026-04-09T02:42:16.013953Z'}
2026-04-08 22:42:16,121 INFO     httpx  HTTP Request: GET https://comunicaapi.pje.jus.br/api/v1/caderno/TRE-AM/2026-02-27/D "HTTP/1.1 200 OK"
2026-04-08 22:42:16,124 INFO     djen_backup.backfill  {'tribunal': 'TRE-AM', 'date': '2026-02-27', 'status_code': 200, 'event': 'backfill_empty', 'level': 'info', 'timestamp': '2026-04-09T02:42:16.124383Z'}
2026-04-08 22:42:16,229 INFO     httpx  HTTP Request: GET https://comunicaapi.pje.jus.br/api/v1/caderno/TRE-AM/2026-02-26/D "HTTP/1.1 200 OK"
2026-04-08 22:42:16,231 INFO     djen_backup.backfill  {'tribunal': 'TRE-AM', 'date': '2026-02-26', 'status_code': 200, 'event': 'backfill_empty', 'level': 'info', 'timestamp': '2026-04-09T02:42:16.231245Z'}
2026-04-08 22:42:16,338 INFO     httpx  HTTP Request: GET https://comunicaapi.pje.jus.br/api/v1/caderno/TRE-AM/2026-02-25/D "HTTP/1.1 200 OK"
2026-04-08 22:42:16,341 INFO     djen_backup.backfill  {'tribunal': 'TRE-AM', 'date': '2026-02-25', 'status_code': 200, 'event': 'backfill_empty', 'level': 'info', 'timestamp': '2026-04-09T02:42:16.341458Z'}
2026-04-08 22:42:16,444 INFO     httpx  HTTP Request: GET https://comunicaapi.pje.jus.br/api/v1/caderno/TRE-AM/2026-02-24/D "HTTP/1.1 200 OK"
2026-04-08 22:42:16,448 INFO     djen_backup.backfill  {'tribunal': 'TRE-AM', 'date': '2026-02-24', 'status_code': 200, 'event': 'backfill_empty', 'level': 'info', 'timestamp': '2026-04-09T02:42:16.448570Z'}
2026-04-08 22:42:16,551 INFO     httpx  HTTP Request: GET https://comunicaapi.pje.jus.br/api/v1/caderno/TRE-AM/2026-02-23/D "HTTP/1.1 200 OK"
2026-04-08 22:42:16,555 INFO     djen_backup.backfill  {'tribunal': 'TRE-AM', 'date': '2026-02-23', 'status_code': 200, 'event': 'backfill_empty', 'level': 'info', 'timestamp': '2026-04-09T02:42:16.555732Z'}
2026-04-08 22:42:16,657 INFO     httpx  HTTP Request: GET https://comunicaapi.pje.jus.br/api/v1/caderno/TRE-AM/2026-02-22/D "HTTP/1.1 404 Not Found"
2026-04-08 22:42:16,661 INFO     djen_backup.backfill  {'tribunal': 'TRE-AM', 'date': '2026-02-22', 'status_code': 404, 'event': 'backfill_empty', 'level': 'info', 'timestamp': '2026-04-09T02:42:16.661313Z'}
2026-04-08 22:42:16,784 INFO     httpx  HTTP Request: GET https://comunicaapi.pje.jus.br/api/v1/caderno/TRE-AM/2026-02-21/D "HTTP/1.1 404 Not Found"
2026-04-08 22:42:16,789 INFO     djen_backup.backfill  {'tribunal': 'TRE-AM', 'date': '2026-02-21', 'status_code': 404, 'event': 'backfill_empty', 'level': 'info', 'timestamp': '2026-04-09T02:42:16.789045Z'}
2026-04-08 22:42:16,898 INFO     httpx  HTTP Request: GET https://comunicaapi.pje.jus.br/api/v1/caderno/TRE-AM/2026-02-20/D "HTTP/1.1 200 OK"
2026-04-08 22:42:16,902 INFO     djen_backup.backfill  {'tribunal': 'TRE-AM', 'date': '2026-02-20', 'status_code': 200, 'event': 'backfill_empty', 'level': 'info', 'timestamp': '2026-04-09T02:42:16.902041Z'}
2026-04-08 22:42:17,004 INFO     httpx  HTTP Request: GET https://comunicaapi.pje.jus.br/api/v1/caderno/TRE-AM/2026-02-19/D "HTTP/1.1 200 OK"
2026-04-08 22:42:17,008 INFO     djen_backup.backfill  {'tribunal': 'TRE-AM', 'date': '2026-02-19', 'status_code': 200, 'event': 'backfill_empty', 'level': 'info', 'timestamp': '2026-04-09T02:42:17.008350Z'}
2026-04-08 22:42:17,110 INFO     httpx  HTTP Request: GET https://comunicaapi.pje.jus.br/api/v1/caderno/TRE-AM/2026-02-18/D "HTTP/1.1 200 OK"
2026-04-08 22:42:17,112 INFO     djen_backup.backfill  {'tribunal': 'TRE-AM', 'date': '2026-02-18', 'status_code': 200, 'event': 'backfill_empty', 'level': 'info', 'timestamp': '2026-04-09T02:42:17.112339Z'}
2026-04-08 22:42:17,212 INFO     httpx  HTTP Request: GET https://comunicaapi.pje.jus.br/api/v1/caderno/TRE-AM/2026-02-17/D "HTTP/1.1 200 OK"
2026-04-08 22:42:17,213 INFO     djen_backup.backfill  {'tribunal': 'TRE-AM', 'date': '2026-02-17', 'status_code': 200, 'event': 'backfill_empty', 'level': 'info', 'timestamp': '2026-04-09T02:42:17.213819Z'}
2026-04-08 22:42:17,318 INFO     httpx  HTTP Request: GET https://comunicaapi.pje.jus.br/api/v1/caderno/TRE-AM/2026-02-16/D "HTTP/1.1 200 OK"
2026-04-08 22:42:17,364 INFO     djen_backup.backfill  {'tribunal': 'TRE-AM', 'date': '2026-02-16', 'status_code': 200, 'event': 'backfill_empty', 'level': 'info', 'timestamp': '2026-04-09T02:42:17.364581Z'}
2026-04-08 22:42:17,478 INFO     httpx  HTTP Request: GET https://comunicaapi.pje.jus.br/api/v1/caderno/TRE-AM/2026-02-15/D "HTTP/1.1 404 Not Found"
2026-04-08 22:42:17,481 INFO     djen_backup.backfill  {'tribunal': 'TRE-AM', 'date': '2026-02-15', 'status_code': 404, 'event': 'backfill_empty', 'level': 'info', 'timestamp': '2026-04-09T02:42:17.481021Z'}
2026-04-08 22:42:17,583 INFO     httpx  HTTP Request: GET https://comunicaapi.pje.jus.br/api/v1/caderno/TRE-AM/2026-02-14/D "HTTP/1.1 404 Not Found"
2026-04-08 22:42:17,585 INFO     djen_backup.backfill  {'tribunal': 'TRE-AM', 'date': '2026-02-14', 'status_code': 404, 'event': 'backfill_empty', 'level': 'info', 'timestamp': '2026-04-09T02:42:17.585516Z'}
2026-04-08 22:42:17,692 INFO     httpx  HTTP Request: GET https://comunicaapi.pje.jus.br/api/v1/caderno/TRE-AM/2026-02-13/D "HTTP/1.1 200 OK"
2026-04-08 22:42:17,694 INFO     djen_backup.backfill  {'tribunal': 'TRE-AM', 'date': '2026-02-13', 'status_code': 200, 'event': 'backfill_empty', 'level': 'info', 'timestamp': '2026-04-09T02:42:17.694207Z'}
2026-04-08 22:42:17,794 INFO     httpx  HTTP Request: GET https://comunicaapi.pje.jus.br/api/v1/caderno/TRE-AM/2026-02-12/D "HTTP/1.1 200 OK"
2026-04-08 22:42:17,796 INFO     djen_backup.backfill  {'tribunal': 'TRE-AM', 'date': '2026-02-12', 'status_code': 200, 'event': 'backfill_empty', 'level': 'info', 'timestamp': '2026-04-09T02:42:17.796063Z'}
2026-04-08 22:42:17,903 INFO     httpx  HTTP Request: GET https://comunicaapi.pje.jus.br/api/v1/caderno/TRE-AM/2026-02-11/D "HTTP/1.1 200 OK"
2026-04-08 22:42:17,905 INFO     djen_backup.backfill  {'tribunal': 'TRE-AM', 'date': '2026-02-11', 'status_code': 200, 'event': 'backfill_empty', 'level': 'info', 'timestamp': '2026-04-09T02:42:17.905256Z'}
2026-04-08 22:42:18,007 INFO     httpx  HTTP Request: GET https://comunicaapi.pje.jus.br/api/v1/caderno/TRE-AM/2026-02-10/D "HTTP/1.1 200 OK"
2026-04-08 22:42:18,009 INFO     djen_backup.backfill  {'tribunal': 'TRE-AM', 'date': '2026-02-10', 'status_code': 200, 'event': 'backfill_empty', 'level': 'info', 'timestamp': '2026-04-09T02:42:18.009298Z'}
2026-04-08 22:42:18,110 INFO     httpx  HTTP Request: GET https://comunicaapi.pje.jus.br/api/v1/caderno/TRE-AM/2026-02-09/D "HTTP/1.1 200 OK"
2026-04-08 22:42:18,112 INFO     djen_backup.backfill  {'tribunal': 'TRE-AM', 'date': '2026-02-09', 'status_code': 200, 'event': 'backfill_empty', 'level': 'info', 'timestamp': '2026-04-09T02:42:18.112036Z'}
2026-04-08 22:42:18,214 INFO     httpx  HTTP Request: GET https://comunicaapi.pje.jus.br/api/v1/caderno/TRE-AM/2026-02-08/D "HTTP/1.1 404 Not Found"
2026-04-08 22:42:18,216 INFO     djen_backup.backfill  {'tribunal': 'TRE-AM', 'date': '2026-02-08', 'status_code': 404, 'event': 'backfill_empty', 'level': 'info', 'timestamp': '2026-04-09T02:42:18.216070Z'}
2026-04-08 22:42:18,320 INFO     httpx  HTTP Request: GET https://comunicaapi.pje.jus.br/api/v1/caderno/TRE-AM/2026-02-07/D "HTTP/1.1 404 Not Found"
2026-04-08 22:42:18,322 INFO     djen_backup.backfill  {'tribunal': 'TRE-AM', 'date': '2026-02-07', 'status_code': 404, 'event': 'backfill_empty', 'level': 'info', 'timestamp': '2026-04-09T02:42:18.322862Z'}
2026-04-08 22:42:18,429 INFO     httpx  HTTP Request: GET https://comunicaapi.pje.jus.br/api/v1/caderno/TRE-AM/2026-02-06/D "HTTP/1.1 200 OK"
2026-04-08 22:42:18,431 INFO     djen_backup.backfill  {'tribunal': 'TRE-AM', 'date': '2026-02-06', 'status_code': 200, 'event': 'backfill_empty', 'level': 'info', 'timestamp': '2026-04-09T02:42:18.431231Z'}
2026-04-08 22:42:18,534 INFO     httpx  HTTP Request: GET https://comunicaapi.pje.jus.br/api/v1/caderno/TRE-AM/2026-02-05/D "HTTP/1.1 200 OK"
2026-04-08 22:42:18,537 INFO     djen_backup.backfill  {'tribunal': 'TRE-AM', 'date': '2026-02-05', 'status_code': 200, 'event': 'backfill_empty', 'level': 'info', 'timestamp': '2026-04-09T02:42:18.537287Z'}
2026-04-08 22:42:18,655 INFO     httpx  HTTP Request: GET https://comunicaapi.pje.jus.br/api/v1/caderno/TRE-AM/2026-02-04/D "HTTP/1.1 200 OK"
2026-04-08 22:42:18,656 INFO     djen_backup.backfill  {'tribunal': 'TRE-AM', 'date': '2026-02-04', 'status_code': 200, 'event': 'backfill_empty', 'level': 'info', 'timestamp': '2026-04-09T02:42:18.656628Z'}
2026-04-08 22:42:18,762 INFO     httpx  HTTP Request: GET https://comunicaapi.pje.jus.br/api/v1/caderno/TRE-AM/2026-02-03/D "HTTP/1.1 200 OK"
2026-04-08 22:42:18,764 INFO     djen_backup.backfill  {'tribunal': 'TRE-AM', 'date': '2026-02-03', 'status_code': 200, 'event': 'backfill_empty', 'level': 'info', 'timestamp': '2026-04-09T02:42:18.764466Z'}
2026-04-08 22:42:18,871 INFO     httpx  HTTP Request: GET https://comunicaapi.pje.jus.br/api/v1/caderno/TRE-AM/2026-02-02/D "HTTP/1.1 200 OK"
2026-04-08 22:42:18,874 INFO     djen_backup.backfill  {'tribunal': 'TRE-AM', 'date': '2026-02-02', 'status_code': 200, 'event': 'backfill_empty', 'level': 'info', 'timestamp': '2026-04-09T02:42:18.874774Z'}
2026-04-08 22:42:18,993 INFO     httpx  HTTP Request: GET https://comunicaapi.pje.jus.br/api/v1/caderno/TRE-AM/2026-02-01/D "HTTP/1.1 404 Not Found"
2026-04-08 22:42:18,996 INFO     djen_backup.backfill  {'tribunal': 'TRE-AM', 'date': '2026-02-01', 'status_code': 404, 'event': 'backfill_empty', 'level': 'info', 'timestamp': '2026-04-09T02:42:18.996152Z'}
2026-04-08 22:42:19,104 INFO     httpx  HTTP Request: GET https://comunicaapi.pje.jus.br/api/v1/caderno/TRE-AM/2026-01-31/D "HTTP/1.1 404 Not Found"
2026-04-08 22:42:19,105 INFO     djen_backup.backfill  {'tribunal': 'TRE-AM', 'date': '2026-01-31', 'status_code': 404, 'event': 'backfill_empty', 'level': 'info', 'timestamp': '2026-04-09T02:42:19.105660Z'}
2026-04-08 22:42:19,208 INFO     httpx  HTTP Request: GET https://comunicaapi.pje.jus.br/api/v1/caderno/TRE-AM/2026-01-30/D "HTTP/1.1 200 OK"
2026-04-08 22:42:19,210 INFO     djen_backup.backfill  {'tribunal': 'TRE-AM', 'date': '2026-01-30', 'status_code': 200, 'event': 'backfill_empty', 'level': 'info', 'timestamp': '2026-04-09T02:42:19.210285Z'}
2026-04-08 22:42:19,312 INFO     httpx  HTTP Request: GET https://comunicaapi.pje.jus.br/api/v1/caderno/TRE-AM/2026-01-29/D "HTTP/1.1 200 OK"
2026-04-08 22:42:19,314 INFO     djen_backup.backfill  {'tribunal': 'TRE-AM', 'date': '2026-01-29', 'status_code': 200, 'event': 'backfill_empty', 'level': 'info', 'timestamp': '2026-04-09T02:42:19.314505Z'}
2026-04-08 22:42:19,418 INFO     httpx  HTTP Request: GET https://comunicaapi.pje.jus.br/api/v1/caderno/TRE-AM/2026-01-28/D "HTTP/1.1 200 OK"
2026-04-08 22:42:19,421 INFO     djen_backup.backfill  {'tribunal': 'TRE-AM', 'date': '2026-01-28', 'status_code': 200, 'event': 'backfill_empty', 'level': 'info', 'timestamp': '2026-04-09T02:42:19.421000Z'}
2026-04-08 22:42:19,531 INFO     httpx  HTTP Request: GET https://comunicaapi.pje.jus.br/api/v1/caderno/TRE-AM/2026-01-27/D "HTTP/1.1 200 OK"
2026-04-08 22:42:19,533 INFO     djen_backup.backfill  {'tribunal': 'TRE-AM', 'date': '2026-01-27', 'status_code': 200, 'event': 'backfill_empty', 'level': 'info', 'timestamp': '2026-04-09T02:42:19.533442Z'}
2026-04-08 22:42:19,638 INFO     httpx  HTTP Request: GET https://comunicaapi.pje.jus.br/api/v1/caderno/TRE-AM/2026-01-26/D "HTTP/1.1 200 OK"
2026-04-08 22:42:19,640 INFO     djen_backup.backfill  {'tribunal': 'TRE-AM', 'date': '2026-01-26', 'status_code': 200, 'event': 'backfill_empty', 'level': 'info', 'timestamp': '2026-04-09T02:42:19.640751Z'}
2026-04-08 22:42:19,744 INFO     httpx  HTTP Request: GET https://comunicaapi.pje.jus.br/api/v1/caderno/TRE-AM/2026-01-25/D "HTTP/1.1 404 Not Found"
2026-04-08 22:42:19,746 INFO     djen_backup.backfill  {'tribunal': 'TRE-AM', 'date': '2026-01-25', 'status_code': 404, 'event': 'backfill_empty', 'level': 'info', 'timestamp': '2026-04-09T02:42:19.746091Z'}
2026-04-08 22:42:19,845 INFO     httpx  HTTP Request: GET https://comunicaapi.pje.jus.br/api/v1/caderno/TRE-AM/2026-01-24/D "HTTP/1.1 404 Not Found"
2026-04-08 22:42:19,847 INFO     djen_backup.backfill  {'tribunal': 'TRE-AM', 'date': '2026-01-24', 'status_code': 404, 'event': 'backfill_empty', 'level': 'info', 'timestamp': '2026-04-09T02:42:19.847839Z'}
2026-04-08 22:42:19,956 INFO     httpx  HTTP Request: GET https://comunicaapi.pje.jus.br/api/v1/caderno/TRE-AM/2026-01-23/D "HTTP/1.1 200 OK"
2026-04-08 22:42:19,958 INFO     djen_backup.backfill  {'tribunal': 'TRE-AM', 'date': '2026-01-23', 'status_code': 200, 'event': 'backfill_empty', 'level': 'info', 'timestamp': '2026-04-09T02:42:19.958075Z'}
2026-04-08 22:42:20,058 INFO     httpx  HTTP Request: GET https://comunicaapi.pje.jus.br/api/v1/caderno/TRE-AM/2026-01-22/D "HTTP/1.1 200 OK"
2026-04-08 22:42:20,060 INFO     djen_backup.backfill  {'tribunal': 'TRE-AM', 'date': '2026-01-22', 'status_code': 200, 'event': 'backfill_empty', 'level': 'info', 'timestamp': '2026-04-09T02:42:20.060087Z'}
2026-04-08 22:42:20,161 INFO     httpx  HTTP Request: GET https://comunicaapi.pje.jus.br/api/v1/caderno/TRE-AM/2026-01-21/D "HTTP/1.1 200 OK"
2026-04-08 22:42:20,163 INFO     djen_backup.backfill  {'tribunal': 'TRE-AM', 'date': '2026-01-21', 'status_code': 200, 'event': 'backfill_empty', 'level': 'info', 'timestamp': '2026-04-09T02:42:20.163194Z'}
2026-04-08 22:42:20,264 INFO     httpx  HTTP Request: GET https://comunicaapi.pje.jus.br/api/v1/caderno/TRE-AM/2026-01-20/D "HTTP/1.1 200 OK"
2026-04-08 22:42:20,265 INFO     djen_backup.backfill  {'tribunal': 'TRE-AM', 'date': '2026-01-20', 'status_code': 200, 'event': 'backfill_empty', 'level': 'info', 'timestamp': '2026-04-09T02:42:20.265929Z'}
2026-04-08 22:42:20,370 INFO     httpx  HTTP Request: GET https://comunicaapi.pje.jus.br/api/v1/caderno/TRE-AM/2026-01-19/D "HTTP/1.1 200 OK"
2026-04-08 22:42:20,373 INFO     djen_backup.backfill  {'tribunal': 'TRE-AM', 'date': '2026-01-19', 'status_code': 200, 'event': 'backfill_empty', 'level': 'info', 'timestamp': '2026-04-09T02:42:20.373202Z'}
2026-04-08 22:42:20,473 INFO     httpx  HTTP Request: GET https://comunicaapi.pje.jus.br/api/v1/caderno/TRE-AM/2026-01-18/D "HTTP/1.1 404 Not Found"
2026-04-08 22:42:20,476 INFO     djen_backup.backfill  {'tribunal': 'TRE-AM', 'date': '2026-01-18', 'status_code': 404, 'event': 'backfill_empty', 'level': 'info', 'timestamp': '2026-04-09T02:42:20.476234Z'}
2026-04-08 22:42:20,586 INFO     httpx  HTTP Request: GET https://comunicaapi.pje.jus.br/api/v1/caderno/TRE-AM/2026-01-17/D "HTTP/1.1 404 Not Found"
2026-04-08 22:42:20,590 INFO     djen_backup.backfill  {'tribunal': 'TRE-AM', 'date': '2026-01-17', 'status_code': 404, 'event': 'backfill_empty', 'level': 'info', 'timestamp': '2026-04-09T02:42:20.590329Z'}
2026-04-08 22:42:20,697 INFO     httpx  HTTP Request: GET https://comunicaapi.pje.jus.br/api/v1/caderno/TRE-AM/2026-01-16/D "HTTP/1.1 200 OK"
2026-04-08 22:42:20,701 INFO     djen_backup.backfill  {'tribunal': 'TRE-AM', 'date': '2026-01-16', 'status_code': 200, 'event': 'backfill_empty', 'level': 'info', 'timestamp': '2026-04-09T02:42:20.701885Z'}
2026-04-08 22:42:20,808 INFO     httpx  HTTP Request: GET https://comunicaapi.pje.jus.br/api/v1/caderno/TRE-AM/2026-01-15/D "HTTP/1.1 200 OK"
2026-04-08 22:42:20,810 INFO     djen_backup.backfill  {'tribunal': 'TRE-AM', 'date': '2026-01-15', 'status_code': 200, 'event': 'backfill_empty', 'level': 'info', 'timestamp': '2026-04-09T02:42:20.810369Z'}
2026-04-08 22:42:20,913 INFO     httpx  HTTP Request: GET https://comunicaapi.pje.jus.br/api/v1/caderno/TRE-AM/2026-01-14/D "HTTP/1.1 200 OK"
2026-04-08 22:42:20,915 INFO     djen_backup.backfill  {'tribunal': 'TRE-AM', 'date': '2026-01-14', 'status_code': 200, 'event': 'backfill_empty', 'level': 'info', 'timestamp': '2026-04-09T02:42:20.915096Z'}
2026-04-08 22:42:21,027 INFO     httpx  HTTP Request: GET https://comunicaapi.pje.jus.br/api/v1/caderno/TRE-AM/2026-01-13/D "HTTP/1.1 200 OK"
2026-04-08 22:42:21,028 INFO     djen_backup.backfill  {'tribunal': 'TRE-AM', 'date': '2026-01-13', 'status_code': 200, 'event': 'backfill_empty', 'level': 'info', 'timestamp': '2026-04-09T02:42:21.028852Z'}
2026-04-08 22:42:21,127 INFO     httpx  HTTP Request: GET https://comunicaapi.pje.jus.br/api/v1/caderno/TRE-AM/2026-01-12/D "HTTP/1.1 200 OK"
2026-04-08 22:42:21,129 INFO     djen_backup.backfill  {'tribunal': 'TRE-AM', 'date': '2026-01-12', 'status_code': 200, 'event': 'backfill_empty', 'level': 'info', 'timestamp': '2026-04-09T02:42:21.129200Z'}
2026-04-08 22:42:21,241 INFO     httpx  HTTP Request: GET https://comunicaapi.pje.jus.br/api/v1/caderno/TRE-AM/2026-01-11/D "HTTP/1.1 404 Not Found"
2026-04-08 22:42:21,242 INFO     djen_backup.backfill  {'tribunal': 'TRE-AM', 'date': '2026-01-11', 'status_code': 404, 'event': 'backfill_empty', 'level': 'info', 'timestamp': '2026-04-09T02:42:21.242860Z'}
2026-04-08 22:42:21,342 INFO     httpx  HTTP Request: GET https://comunicaapi.pje.jus.br/api/v1/caderno/TRE-AM/2026-01-10/D "HTTP/1.1 404 Not Found"
2026-04-08 22:42:21,343 INFO     djen_backup.backfill  {'tribunal': 'TRE-AM', 'date': '2026-01-10', 'status_code': 404, 'event': 'backfill_empty', 'level': 'info', 'timestamp': '2026-04-09T02:42:21.343953Z'}
2026-04-08 22:42:21,450 INFO     httpx  HTTP Request: GET https://comunicaapi.pje.jus.br/api/v1/caderno/TRE-AM/2026-01-09/D "HTTP/1.1 200 OK"
2026-04-08 22:42:21,453 INFO     djen_backup.backfill  {'tribunal': 'TRE-AM', 'date': '2026-01-09', 'status_code': 200, 'event': 'backfill_empty', 'level': 'info', 'timestamp': '2026-04-09T02:42:21.453063Z'}
2026-04-08 22:42:21,558 INFO     httpx  HTTP Request: GET https://comunicaapi.pje.jus.br/api/v1/caderno/TRE-AM/2026-01-08/D "HTTP/1.1 200 OK"
2026-04-08 22:42:21,560 INFO     djen_backup.backfill  {'tribunal': 'TRE-AM', 'date': '2026-01-08', 'status_code': 200, 'event': 'backfill_empty', 'level': 'info', 'timestamp': '2026-04-09T02:42:21.560054Z'}
2026-04-08 22:42:21,663 INFO     httpx  HTTP Request: GET https://comunicaapi.pje.jus.br/api/v1/caderno/TRE-AM/2026-01-07/D "HTTP/1.1 200 OK"
2026-04-08 22:42:21,665 INFO     djen_backup.backfill  {'tribunal': 'TRE-AM', 'date': '2026-01-07', 'status_code': 200, 'event': 'backfill_empty', 'level': 'info', 'timestamp': '2026-04-09T02:42:21.665145Z'}
2026-04-08 22:42:21,769 INFO     httpx  HTTP Request: GET https://comunicaapi.pje.jus.br/api/v1/caderno/TRE-AM/2026-01-06/D "HTTP/1.1 200 OK"
2026-04-08 22:42:21,771 INFO     djen_backup.backfill  {'tribunal': 'TRE-AM', 'date': '2026-01-06', 'status_code': 200, 'event': 'backfill_empty', 'level': 'info', 'timestamp': '2026-04-09T02:42:21.771231Z'}
2026-04-08 22:42:21,879 INFO     httpx  HTTP Request: GET https://comunicaapi.pje.jus.br/api/v1/caderno/TRE-AM/2026-01-05/D "HTTP/1.1 200 OK"
2026-04-08 22:42:21,881 INFO     djen_backup.backfill  {'tribunal': 'TRE-AM', 'date': '2026-01-05', 'status_code': 200, 'event': 'backfill_empty', 'level': 'info', 'timestamp': '2026-04-09T02:42:21.881228Z'}
2026-04-08 22:42:22,030 INFO     httpx  HTTP Request: GET https://comunicaapi.pje.jus.br/api/v1/caderno/TRE-AM/2026-01-04/D "HTTP/1.1 404 Not Found"
2026-04-08 22:42:22,032 INFO     djen_backup.backfill  {'tribunal': 'TRE-AM', 'date': '2026-01-04', 'status_code': 404, 'event': 'backfill_empty', 'level': 'info', 'timestamp': '2026-04-09T02:42:22.032133Z'}
2026-04-08 22:42:22,132 INFO     httpx  HTTP Request: GET https://comunicaapi.pje.jus.br/api/v1/caderno/TRE-AM/2026-01-03/D "HTTP/1.1 404 Not Found"
2026-04-08 22:42:22,134 INFO     djen_backup.backfill  {'tribunal': 'TRE-AM', 'date': '2026-01-03', 'status_code': 404, 'event': 'backfill_empty', 'level': 'info', 'timestamp': '2026-04-09T02:42:22.134680Z'}
2026-04-08 22:42:22,267 INFO     httpx  HTTP Request: GET https://comunicaapi.pje.jus.br/api/v1/caderno/TRE-AM/2026-01-02/D "HTTP/1.1 200 OK"
2026-04-08 22:42:22,270 INFO     djen_backup.backfill  {'tribunal': 'TRE-AM', 'date': '2026-01-02', 'status_code': 200, 'event': 'backfill_empty', 'level': 'info', 'timestamp': '2026-04-09T02:42:22.270341Z'}
2026-04-08 22:42:22,378 INFO     httpx  HTTP Request: GET https://comunicaapi.pje.jus.br/api/v1/caderno/TRE-AM/2026-01-01/D "HTTP/1.1 200 OK"
2026-04-08 22:42:22,380 INFO     djen_backup.backfill  {'tribunal': 'TRE-AM', 'date': '2026-01-01', 'status_code': 200, 'event': 'backfill_empty', 'level': 'info', 'timestamp': '2026-04-09T02:42:22.380767Z'}
2026-04-08 22:42:25,396 INFO     httpx  HTTP Request: GET https://archive.org/metadata/djen-tre-ap-2026/files "HTTP/1.1 200 OK"
2026-04-08 22:42:25,398 INFO     djen_backup.backfill  {'tribunal': 'TRE-AP', 'year': 2026, 'gaps': 98, 'event': 'backfill_tribunal_year', 'level': 'info', 'timestamp': '2026-04-09T02:42:25.397956Z'}
2026-04-08 22:42:25,506 INFO     httpx  HTTP Request: GET https://comunicaapi.pje.jus.br/api/v1/caderno/TRE-AP/2026-04-08/D "HTTP/1.1 200 OK"
2026-04-08 22:42:25,508 INFO     djen_backup.backfill  {'tribunal': 'TRE-AP', 'date': '2026-04-08', 'status_code': 200, 'event': 'backfill_empty', 'level': 'info', 'timestamp': '2026-04-09T02:42:25.508705Z'}
2026-04-08 22:42:25,611 INFO     httpx  HTTP Request: GET https://comunicaapi.pje.jus.br/api/v1/caderno/TRE-AP/2026-04-07/D "HTTP/1.1 200 OK"
2026-04-08 22:42:25,613 INFO     djen_backup.backfill  {'tribunal': 'TRE-AP', 'date': '2026-04-07', 'status_code': 200, 'event': 'backfill_empty', 'level': 'info', 'timestamp': '2026-04-09T02:42:25.613357Z'}
2026-04-08 22:42:25,716 INFO     httpx  HTTP Request: GET https://comunicaapi.pje.jus.br/api/v1/caderno/TRE-AP/2026-04-06/D "HTTP/1.1 200 OK"
2026-04-08 22:42:25,719 INFO     djen_backup.backfill  {'tribunal': 'TRE-AP', 'date': '2026-04-06', 'status_code': 200, 'event': 'backfill_empty', 'level': 'info', 'timestamp': '2026-04-09T02:42:25.719249Z'}
2026-04-08 22:42:25,824 INFO     httpx  HTTP Request: GET https://comunicaapi.pje.jus.br/api/v1/caderno/TRE-AP/2026-04-05/D "HTTP/1.1 404 Not Found"
2026-04-08 22:42:25,826 INFO     djen_backup.backfill  {'tribunal': 'TRE-AP', 'date': '2026-04-05', 'status_code': 404, 'event': 'backfill_empty', 'level': 'info', 'timestamp': '2026-04-09T02:42:25.826043Z'}
2026-04-08 22:42:25,938 INFO     httpx  HTTP Request: GET https://comunicaapi.pje.jus.br/api/v1/caderno/TRE-AP/2026-04-04/D "HTTP/1.1 404 Not Found"
2026-04-08 22:42:25,940 INFO     djen_backup.backfill  {'tribunal': 'TRE-AP', 'date': '2026-04-04', 'status_code': 404, 'event': 'backfill_empty', 'level': 'info', 'timestamp': '2026-04-09T02:42:25.940290Z'}
2026-04-08 22:42:26,044 INFO     httpx  HTTP Request: GET https://comunicaapi.pje.jus.br/api/v1/caderno/TRE-AP/2026-04-03/D "HTTP/1.1 200 OK"
2026-04-08 22:42:26,046 INFO     djen_backup.backfill  {'tribunal': 'TRE-AP', 'date': '2026-04-03', 'status_code': 200, 'event': 'backfill_empty', 'level': 'info', 'timestamp': '2026-04-09T02:42:26.046345Z'}
2026-04-08 22:42:26,145 INFO     httpx  HTTP Request: GET https://comunicaapi.pje.jus.br/api/v1/caderno/TRE-AP/2026-04-02/D "HTTP/1.1 200 OK"
2026-04-08 22:42:26,146 INFO     djen_backup.backfill  {'tribunal': 'TRE-AP', 'date': '2026-04-02', 'status_code': 200, 'event': 'backfill_empty', 'level': 'info', 'timestamp': '2026-04-09T02:42:26.146405Z'}
2026-04-08 22:42:26,258 INFO     httpx  HTTP Request: GET https://comunicaapi.pje.jus.br/api/v1/caderno/TRE-AP/2026-04-01/D "HTTP/1.1 200 OK"
2026-04-08 22:42:26,259 INFO     djen_backup.backfill  {'tribunal': 'TRE-AP', 'date': '2026-04-01', 'status_code': 200, 'event': 'backfill_empty', 'level': 'info', 'timestamp': '2026-04-09T02:42:26.259713Z'}
2026-04-08 22:42:26,365 INFO     httpx  HTTP Request: GET https://comunicaapi.pje.jus.br/api/v1/caderno/TRE-AP/2026-03-31/D "HTTP/1.1 200 OK"
2026-04-08 22:42:26,369 INFO     djen_backup.backfill  {'tribunal': 'TRE-AP', 'date': '2026-03-31', 'status_code': 200, 'event': 'backfill_empty', 'level': 'info', 'timestamp': '2026-04-09T02:42:26.369061Z'}
2026-04-08 22:42:26,471 INFO     httpx  HTTP Request: GET https://comunicaapi.pje.jus.br/api/v1/caderno/TRE-AP/2026-03-30/D "HTTP/1.1 200 OK"
2026-04-08 22:42:26,472 INFO     djen_backup.backfill  {'tribunal': 'TRE-AP', 'date': '2026-03-30', 'status_code': 200, 'event': 'backfill_empty', 'level': 'info', 'timestamp': '2026-04-09T02:42:26.472569Z'}
2026-04-08 22:42:26,572 INFO     httpx  HTTP Request: GET https://comunicaapi.pje.jus.br/api/v1/caderno/TRE-AP/2026-03-29/D "HTTP/1.1 404 Not Found"
2026-04-08 22:42:26,574 INFO     djen_backup.backfill  {'tribunal': 'TRE-AP', 'date': '2026-03-29', 'status_code': 404, 'event': 'backfill_empty', 'level': 'info', 'timestamp': '2026-04-09T02:42:26.574153Z'}
2026-04-08 22:42:26,672 INFO     httpx  HTTP Request: GET https://comunicaapi.pje.jus.br/api/v1/caderno/TRE-AP/2026-03-28/D "HTTP/1.1 404 Not Found"
2026-04-08 22:42:26,673 INFO     djen_backup.backfill  {'tribunal': 'TRE-AP', 'date': '2026-03-28', 'status_code': 404, 'event': 'backfill_empty', 'level': 'info', 'timestamp': '2026-04-09T02:42:26.673910Z'}
2026-04-08 22:42:26,789 INFO     httpx  HTTP Request: GET https://comunicaapi.pje.jus.br/api/v1/caderno/TRE-AP/2026-03-27/D "HTTP/1.1 200 OK"
2026-04-08 22:42:26,824 INFO     djen_backup.backfill  {'tribunal': 'TRE-AP', 'date': '2026-03-27', 'status_code': 200, 'event': 'backfill_empty', 'level': 'info', 'timestamp': '2026-04-09T02:42:26.824150Z'}
2026-04-08 22:42:26,950 INFO     httpx  HTTP Request: GET https://comunicaapi.pje.jus.br/api/v1/caderno/TRE-AP/2026-03-26/D "HTTP/1.1 200 OK"
2026-04-08 22:42:26,952 INFO     djen_backup.backfill  {'tribunal': 'TRE-AP', 'date': '2026-03-26', 'status_code': 200, 'event': 'backfill_empty', 'level': 'info', 'timestamp': '2026-04-09T02:42:26.952317Z'}
2026-04-08 22:42:27,060 INFO     httpx  HTTP Request: GET https://comunicaapi.pje.jus.br/api/v1/caderno/TRE-AP/2026-03-25/D "HTTP/1.1 200 OK"
2026-04-08 22:42:27,061 INFO     djen_backup.backfill  {'tribunal': 'TRE-AP', 'date': '2026-03-25', 'status_code': 200, 'event': 'backfill_empty', 'level': 'info', 'timestamp': '2026-04-09T02:42:27.061302Z'}
2026-04-08 22:42:27,172 INFO     httpx  HTTP Request: GET https://comunicaapi.pje.jus.br/api/v1/caderno/TRE-AP/2026-03-24/D "HTTP/1.1 200 OK"
2026-04-08 22:42:27,174 INFO     djen_backup.backfill  {'tribunal': 'TRE-AP', 'date': '2026-03-24', 'status_code': 200, 'event': 'backfill_empty', 'level': 'info', 'timestamp': '2026-04-09T02:42:27.174486Z'}
2026-04-08 22:42:27,284 INFO     httpx  HTTP Request: GET https://comunicaapi.pje.jus.br/api/v1/caderno/TRE-AP/2026-03-23/D "HTTP/1.1 200 OK"
2026-04-08 22:42:27,293 INFO     djen_backup.backfill  {'tribunal': 'TRE-AP', 'date': '2026-03-23', 'status_code': 200, 'event': 'backfill_empty', 'level': 'info', 'timestamp': '2026-04-09T02:42:27.293628Z'}
2026-04-08 22:42:27,398 INFO     httpx  HTTP Request: GET https://comunicaapi.pje.jus.br/api/v1/caderno/TRE-AP/2026-03-22/D "HTTP/1.1 404 Not Found"
2026-04-08 22:42:27,401 INFO     djen_backup.backfill  {'tribunal': 'TRE-AP', 'date': '2026-03-22', 'status_code': 404, 'event': 'backfill_empty', 'level': 'info', 'timestamp': '2026-04-09T02:42:27.401391Z'}
2026-04-08 22:42:27,503 INFO     httpx  HTTP Request: GET https://comunicaapi.pje.jus.br/api/v1/caderno/TRE-AP/2026-03-21/D "HTTP/1.1 404 Not Found"
2026-04-08 22:42:27,505 INFO     djen_backup.backfill  {'tribunal': 'TRE-AP', 'date': '2026-03-21', 'status_code': 404, 'event': 'backfill_empty', 'level': 'info', 'timestamp': '2026-04-09T02:42:27.505878Z'}
2026-04-08 22:42:27,613 INFO     httpx  HTTP Request: GET https://comunicaapi.pje.jus.br/api/v1/caderno/TRE-AP/2026-03-20/D "HTTP/1.1 200 OK"
2026-04-08 22:42:27,614 INFO     djen_backup.backfill  {'tribunal': 'TRE-AP', 'date': '2026-03-20', 'status_code': 200, 'event': 'backfill_empty', 'level': 'info', 'timestamp': '2026-04-09T02:42:27.614475Z'}
2026-04-08 22:42:27,722 INFO     httpx  HTTP Request: GET https://comunicaapi.pje.jus.br/api/v1/caderno/TRE-AP/2026-03-19/D "HTTP/1.1 200 OK"
2026-04-08 22:42:27,724 INFO     djen_backup.backfill  {'tribunal': 'TRE-AP', 'date': '2026-03-19', 'status_code': 200, 'event': 'backfill_empty', 'level': 'info', 'timestamp': '2026-04-09T02:42:27.724554Z'}
2026-04-08 22:42:27,838 INFO     httpx  HTTP Request: GET https://comunicaapi.pje.jus.br/api/v1/caderno/TRE-AP/2026-03-18/D "HTTP/1.1 200 OK"
2026-04-08 22:42:27,840 INFO     djen_backup.backfill  {'tribunal': 'TRE-AP', 'date': '2026-03-18', 'status_code': 200, 'event': 'backfill_empty', 'level': 'info', 'timestamp': '2026-04-09T02:42:27.840183Z'}
2026-04-08 22:42:27,936 INFO     httpx  HTTP Request: GET https://comunicaapi.pje.jus.br/api/v1/caderno/TRE-AP/2026-03-17/D "HTTP/1.1 200 OK"
2026-04-08 22:42:27,977 INFO     djen_backup.backfill  {'tribunal': 'TRE-AP', 'date': '2026-03-17', 'status_code': 200, 'event': 'backfill_empty', 'level': 'info', 'timestamp': '2026-04-09T02:42:27.977166Z'}
2026-04-08 22:42:28,077 INFO     httpx  HTTP Request: GET https://comunicaapi.pje.jus.br/api/v1/caderno/TRE-AP/2026-03-16/D "HTTP/1.1 200 OK"
2026-04-08 22:42:28,079 INFO     djen_backup.backfill  {'tribunal': 'TRE-AP', 'date': '2026-03-16', 'status_code': 200, 'event': 'backfill_empty', 'level': 'info', 'timestamp': '2026-04-09T02:42:28.079326Z'}
2026-04-08 22:42:28,178 INFO     httpx  HTTP Request: GET https://comunicaapi.pje.jus.br/api/v1/caderno/TRE-AP/2026-03-15/D "HTTP/1.1 404 Not Found"
2026-04-08 22:42:28,180 INFO     djen_backup.backfill  {'tribunal': 'TRE-AP', 'date': '2026-03-15', 'status_code': 404, 'event': 'backfill_empty', 'level': 'info', 'timestamp': '2026-04-09T02:42:28.180380Z'}
2026-04-08 22:42:28,282 INFO     httpx  HTTP Request: GET https://comunicaapi.pje.jus.br/api/v1/caderno/TRE-AP/2026-03-14/D "HTTP/1.1 404 Not Found"
2026-04-08 22:42:28,284 INFO     djen_backup.backfill  {'tribunal': 'TRE-AP', 'date': '2026-03-14', 'status_code': 404, 'event': 'backfill_empty', 'level': 'info', 'timestamp': '2026-04-09T02:42:28.284472Z'}
2026-04-08 22:42:28,404 INFO     httpx  HTTP Request: GET https://comunicaapi.pje.jus.br/api/v1/caderno/TRE-AP/2026-03-13/D "HTTP/1.1 200 OK"
2026-04-08 22:42:28,407 INFO     djen_backup.backfill  {'tribunal': 'TRE-AP', 'date': '2026-03-13', 'status_code': 200, 'event': 'backfill_empty', 'level': 'info', 'timestamp': '2026-04-09T02:42:28.407705Z'}
2026-04-08 22:42:28,517 INFO     httpx  HTTP Request: GET https://comunicaapi.pje.jus.br/api/v1/caderno/TRE-AP/2026-03-12/D "HTTP/1.1 200 OK"
2026-04-08 22:42:28,521 INFO     djen_backup.backfill  {'tribunal': 'TRE-AP', 'date': '2026-03-12', 'status_code': 200, 'event': 'backfill_empty', 'level': 'info', 'timestamp': '2026-04-09T02:42:28.521199Z'}
2026-04-08 22:42:28,643 INFO     httpx  HTTP Request: GET https://comunicaapi.pje.jus.br/api/v1/caderno/TRE-AP/2026-03-11/D "HTTP/1.1 200 OK"
2026-04-08 22:42:28,645 INFO     djen_backup.backfill  {'tribunal': 'TRE-AP', 'date': '2026-03-11', 'status_code': 200, 'event': 'backfill_empty', 'level': 'info', 'timestamp': '2026-04-09T02:42:28.645890Z'}
2026-04-08 22:42:28,756 INFO     httpx  HTTP Request: GET https://comunicaapi.pje.jus.br/api/v1/caderno/TRE-AP/2026-03-10/D "HTTP/1.1 200 OK"
2026-04-08 22:42:28,758 INFO     djen_backup.backfill  {'tribunal': 'TRE-AP', 'date': '2026-03-10', 'status_code': 200, 'event': 'backfill_empty', 'level': 'info', 'timestamp': '2026-04-09T02:42:28.758240Z'}
2026-04-08 22:42:28,864 INFO     httpx  HTTP Request: GET https://comunicaapi.pje.jus.br/api/v1/caderno/TRE-AP/2026-03-09/D "HTTP/1.1 200 OK"
2026-04-08 22:42:28,867 INFO     djen_backup.backfill  {'tribunal': 'TRE-AP', 'date': '2026-03-09', 'status_code': 200, 'event': 'backfill_empty', 'level': 'info', 'timestamp': '2026-04-09T02:42:28.867268Z'}
2026-04-08 22:42:28,978 INFO     httpx  HTTP Request: GET https://comunicaapi.pje.jus.br/api/v1/caderno/TRE-AP/2026-03-08/D "HTTP/1.1 404 Not Found"
2026-04-08 22:42:28,981 INFO     djen_backup.backfill  {'tribunal': 'TRE-AP', 'date': '2026-03-08', 'status_code': 404, 'event': 'backfill_empty', 'level': 'info', 'timestamp': '2026-04-09T02:42:28.981127Z'}
2026-04-08 22:42:29,078 INFO     httpx  HTTP Request: GET https://comunicaapi.pje.jus.br/api/v1/caderno/TRE-AP/2026-03-07/D "HTTP/1.1 404 Not Found"
2026-04-08 22:42:29,080 INFO     djen_backup.backfill  {'tribunal': 'TRE-AP', 'date': '2026-03-07', 'status_code': 404, 'event': 'backfill_empty', 'level': 'info', 'timestamp': '2026-04-09T02:42:29.080623Z'}
2026-04-08 22:42:29,184 INFO     httpx  HTTP Request: GET https://comunicaapi.pje.jus.br/api/v1/caderno/TRE-AP/2026-03-06/D "HTTP/1.1 200 OK"
2026-04-08 22:42:29,187 INFO     djen_backup.backfill  {'tribunal': 'TRE-AP', 'date': '2026-03-06', 'status_code': 200, 'event': 'backfill_empty', 'level': 'info', 'timestamp': '2026-04-09T02:42:29.187467Z'}
2026-04-08 22:42:29,297 INFO     httpx  HTTP Request: GET https://comunicaapi.pje.jus.br/api/v1/caderno/TRE-AP/2026-03-05/D "HTTP/1.1 200 OK"
2026-04-08 22:42:29,299 INFO     djen_backup.backfill  {'tribunal': 'TRE-AP', 'date': '2026-03-05', 'status_code': 200, 'event': 'backfill_empty', 'level': 'info', 'timestamp': '2026-04-09T02:42:29.299646Z'}
2026-04-08 22:42:29,415 INFO     httpx  HTTP Request: GET https://comunicaapi.pje.jus.br/api/v1/caderno/TRE-AP/2026-03-04/D "HTTP/1.1 200 OK"
2026-04-08 22:42:29,418 INFO     djen_backup.backfill  {'tribunal': 'TRE-AP', 'date': '2026-03-04', 'status_code': 200, 'event': 'backfill_empty', 'level': 'info', 'timestamp': '2026-04-09T02:42:29.417972Z'}
2026-04-08 22:42:29,523 INFO     httpx  HTTP Request: GET https://comunicaapi.pje.jus.br/api/v1/caderno/TRE-AP/2026-03-03/D "HTTP/1.1 200 OK"
2026-04-08 22:42:29,527 INFO     djen_backup.backfill  {'tribunal': 'TRE-AP', 'date': '2026-03-03', 'status_code': 200, 'event': 'backfill_empty', 'level': 'info', 'timestamp': '2026-04-09T02:42:29.527054Z'}
2026-04-08 22:42:29,629 INFO     httpx  HTTP Request: GET https://comunicaapi.pje.jus.br/api/v1/caderno/TRE-AP/2026-03-02/D "HTTP/1.1 200 OK"
2026-04-08 22:42:29,633 INFO     djen_backup.backfill  {'tribunal': 'TRE-AP', 'date': '2026-03-02', 'status_code': 200, 'event': 'backfill_empty', 'level': 'info', 'timestamp': '2026-04-09T02:42:29.633184Z'}
2026-04-08 22:42:29,743 INFO     httpx  HTTP Request: GET https://comunicaapi.pje.jus.br/api/v1/caderno/TRE-AP/2026-03-01/D "HTTP/1.1 404 Not Found"
2026-04-08 22:42:29,745 INFO     djen_backup.backfill  {'tribunal': 'TRE-AP', 'date': '2026-03-01', 'status_code': 404, 'event': 'backfill_empty', 'level': 'info', 'timestamp': '2026-04-09T02:42:29.745528Z'}
2026-04-08 22:42:29,848 INFO     httpx  HTTP Request: GET https://comunicaapi.pje.jus.br/api/v1/caderno/TRE-AP/2026-02-28/D "HTTP/1.1 404 Not Found"
2026-04-08 22:42:29,853 INFO     djen_backup.backfill  {'tribunal': 'TRE-AP', 'date': '2026-02-28', 'status_code': 404, 'event': 'backfill_empty', 'level': 'info', 'timestamp': '2026-04-09T02:42:29.853141Z'}
2026-04-08 22:42:29,958 INFO     httpx  HTTP Request: GET https://comunicaapi.pje.jus.br/api/v1/caderno/TRE-AP/2026-02-27/D "HTTP/1.1 200 OK"
2026-04-08 22:42:29,960 INFO     djen_backup.backfill  {'tribunal': 'TRE-AP', 'date': '2026-02-27', 'status_code': 200, 'event': 'backfill_empty', 'level': 'info', 'timestamp': '2026-04-09T02:42:29.960154Z'}
2026-04-08 22:42:30,061 INFO     httpx  HTTP Request: GET https://comunicaapi.pje.jus.br/api/v1/caderno/TRE-AP/2026-02-26/D "HTTP/1.1 200 OK"
2026-04-08 22:42:30,063 INFO     djen_backup.backfill  {'tribunal': 'TRE-AP', 'date': '2026-02-26', 'status_code': 200, 'event': 'backfill_empty', 'level': 'info', 'timestamp': '2026-04-09T02:42:30.062977Z'}
2026-04-08 22:42:30,168 INFO     httpx  HTTP Request: GET https://comunicaapi.pje.jus.br/api/v1/caderno/TRE-AP/2026-02-25/D "HTTP/1.1 200 OK"
2026-04-08 22:42:30,170 INFO     djen_backup.backfill  {'tribunal': 'TRE-AP', 'date': '2026-02-25', 'status_code': 200, 'event': 'backfill_empty', 'level': 'info', 'timestamp': '2026-04-09T02:42:30.170078Z'}
2026-04-08 22:42:30,275 INFO     httpx  HTTP Request: GET https://comunicaapi.pje.jus.br/api/v1/caderno/TRE-AP/2026-02-24/D "HTTP/1.1 200 OK"
2026-04-08 22:42:30,277 INFO     djen_backup.backfill  {'tribunal': 'TRE-AP', 'date': '2026-02-24', 'status_code': 200, 'event': 'backfill_empty', 'level': 'info', 'timestamp': '2026-04-09T02:42:30.277201Z'}
2026-04-08 22:42:30,379 INFO     httpx  HTTP Request: GET https://comunicaapi.pje.jus.br/api/v1/caderno/TRE-AP/2026-02-23/D "HTTP/1.1 200 OK"
2026-04-08 22:42:30,381 INFO     djen_backup.backfill  {'tribunal': 'TRE-AP', 'date': '2026-02-23', 'status_code': 200, 'event': 'backfill_empty', 'level': 'info', 'timestamp': '2026-04-09T02:42:30.381736Z'}
2026-04-08 22:42:30,483 INFO     httpx  HTTP Request: GET https://comunicaapi.pje.jus.br/api/v1/caderno/TRE-AP/2026-02-22/D "HTTP/1.1 404 Not Found"
2026-04-08 22:42:30,485 INFO     djen_backup.backfill  {'tribunal': 'TRE-AP', 'date': '2026-02-22', 'status_code': 404, 'event': 'backfill_empty', 'level': 'info', 'timestamp': '2026-04-09T02:42:30.485237Z'}
2026-04-08 22:42:30,580 INFO     httpx  HTTP Request: GET https://comunicaapi.pje.jus.br/api/v1/caderno/TRE-AP/2026-02-21/D "HTTP/1.1 404 Not Found"
2026-04-08 22:42:30,582 INFO     djen_backup.backfill  {'tribunal': 'TRE-AP', 'date': '2026-02-21', 'status_code': 404, 'event': 'backfill_empty', 'level': 'info', 'timestamp': '2026-04-09T02:42:30.582691Z'}
2026-04-08 22:42:30,684 INFO     httpx  HTTP Request: GET https://comunicaapi.pje.jus.br/api/v1/caderno/TRE-AP/2026-02-20/D "HTTP/1.1 200 OK"
2026-04-08 22:42:30,726 INFO     djen_backup.backfill  {'tribunal': 'TRE-AP', 'date': '2026-02-20', 'status_code': 200, 'event': 'backfill_empty', 'level': 'info', 'timestamp': '2026-04-09T02:42:30.726964Z'}
2026-04-08 22:42:30,828 INFO     httpx  HTTP Request: GET https://comunicaapi.pje.jus.br/api/v1/caderno/TRE-AP/2026-02-19/D "HTTP/1.1 200 OK"
2026-04-08 22:42:30,833 INFO     djen_backup.backfill  {'tribunal': 'TRE-AP', 'date': '2026-02-19', 'status_code': 200, 'event': 'backfill_empty', 'level': 'info', 'timestamp': '2026-04-09T02:42:30.833110Z'}
2026-04-08 22:42:30,939 INFO     httpx  HTTP Request: GET https://comunicaapi.pje.jus.br/api/v1/caderno/TRE-AP/2026-02-18/D "HTTP/1.1 200 OK"
2026-04-08 22:42:30,940 INFO     djen_backup.backfill  {'tribunal': 'TRE-AP', 'date': '2026-02-18', 'status_code': 200, 'event': 'backfill_empty', 'level': 'info', 'timestamp': '2026-04-09T02:42:30.940508Z'}
2026-04-08 22:42:31,047 INFO     httpx  HTTP Request: GET https://comunicaapi.pje.jus.br/api/v1/caderno/TRE-AP/2026-02-17/D "HTTP/1.1 200 OK"
2026-04-08 22:42:31,049 INFO     djen_backup.backfill  {'tribunal': 'TRE-AP', 'date': '2026-02-17', 'status_code': 200, 'event': 'backfill_empty', 'level': 'info', 'timestamp': '2026-04-09T02:42:31.049061Z'}
2026-04-08 22:42:31,148 INFO     httpx  HTTP Request: GET https://comunicaapi.pje.jus.br/api/v1/caderno/TRE-AP/2026-02-16/D "HTTP/1.1 200 OK"
2026-04-08 22:42:31,149 INFO     djen_backup.backfill  {'tribunal': 'TRE-AP', 'date': '2026-02-16', 'status_code': 200, 'event': 'backfill_empty', 'level': 'info', 'timestamp': '2026-04-09T02:42:31.149740Z'}
2026-04-08 22:42:31,251 INFO     httpx  HTTP Request: GET https://comunicaapi.pje.jus.br/api/v1/caderno/TRE-AP/2026-02-15/D "HTTP/1.1 404 Not Found"
2026-04-08 22:42:31,253 INFO     djen_backup.backfill  {'tribunal': 'TRE-AP', 'date': '2026-02-15', 'status_code': 404, 'event': 'backfill_empty', 'level': 'info', 'timestamp': '2026-04-09T02:42:31.253437Z'}
2026-04-08 22:42:31,353 INFO     httpx  HTTP Request: GET https://comunicaapi.pje.jus.br/api/v1/caderno/TRE-AP/2026-02-14/D "HTTP/1.1 404 Not Found"
2026-04-08 22:42:31,355 INFO     djen_backup.backfill  {'tribunal': 'TRE-AP', 'date': '2026-02-14', 'status_code': 404, 'event': 'backfill_empty', 'level': 'info', 'timestamp': '2026-04-09T02:42:31.355399Z'}
2026-04-08 22:42:31,462 INFO     httpx  HTTP Request: GET https://comunicaapi.pje.jus.br/api/v1/caderno/TRE-AP/2026-02-13/D "HTTP/1.1 200 OK"
2026-04-08 22:42:31,465 INFO     djen_backup.backfill  {'tribunal': 'TRE-AP', 'date': '2026-02-13', 'status_code': 200, 'event': 'backfill_empty', 'level': 'info', 'timestamp': '2026-04-09T02:42:31.465035Z'}
2026-04-08 22:42:31,569 INFO     httpx  HTTP Request: GET https://comunicaapi.pje.jus.br/api/v1/caderno/TRE-AP/2026-02-12/D "HTTP/1.1 200 OK"
2026-04-08 22:42:31,570 INFO     djen_backup.backfill  {'tribunal': 'TRE-AP', 'date': '2026-02-12', 'status_code': 200, 'event': 'backfill_empty', 'level': 'info', 'timestamp': '2026-04-09T02:42:31.570883Z'}
2026-04-08 22:42:31,675 INFO     httpx  HTTP Request: GET https://comunicaapi.pje.jus.br/api/v1/caderno/TRE-AP/2026-02-11/D "HTTP/1.1 200 OK"
2026-04-08 22:42:31,677 INFO     djen_backup.backfill  {'tribunal': 'TRE-AP', 'date': '2026-02-11', 'status_code': 200, 'event': 'backfill_empty', 'level': 'info', 'timestamp': '2026-04-09T02:42:31.677425Z'}
2026-04-08 22:42:31,815 INFO     httpx  HTTP Request: GET https://comunicaapi.pje.jus.br/api/v1/caderno/TRE-AP/2026-02-10/D "HTTP/1.1 200 OK"
2026-04-08 22:42:31,817 INFO     djen_backup.backfill  {'tribunal': 'TRE-AP', 'date': '2026-02-10', 'status_code': 200, 'event': 'backfill_empty', 'level': 'info', 'timestamp': '2026-04-09T02:42:31.817020Z'}
2026-04-08 22:42:31,927 INFO     httpx  HTTP Request: GET https://comunicaapi.pje.jus.br/api/v1/caderno/TRE-AP/2026-02-09/D "HTTP/1.1 200 OK"
2026-04-08 22:42:31,929 INFO     djen_backup.backfill  {'tribunal': 'TRE-AP', 'date': '2026-02-09', 'status_code': 200, 'event': 'backfill_empty', 'level': 'info', 'timestamp': '2026-04-09T02:42:31.929419Z'}
2026-04-08 22:42:32,059 INFO     httpx  HTTP Request: GET https://comunicaapi.pje.jus.br/api/v1/caderno/TRE-AP/2026-02-08/D "HTTP/1.1 404 Not Found"
2026-04-08 22:42:32,062 INFO     djen_backup.backfill  {'tribunal': 'TRE-AP', 'date': '2026-02-08', 'status_code': 404, 'event': 'backfill_empty', 'level': 'info', 'timestamp': '2026-04-09T02:42:32.062079Z'}
2026-04-08 22:42:32,166 INFO     httpx  HTTP Request: GET https://comunicaapi.pje.jus.br/api/v1/caderno/TRE-AP/2026-02-07/D "HTTP/1.1 404 Not Found"
2026-04-08 22:42:32,168 INFO     djen_backup.backfill  {'tribunal': 'TRE-AP', 'date': '2026-02-07', 'status_code': 404, 'event': 'backfill_empty', 'level': 'info', 'timestamp': '2026-04-09T02:42:32.168670Z'}
2026-04-08 22:42:32,304 INFO     httpx  HTTP Request: GET https://comunicaapi.pje.jus.br/api/v1/caderno/TRE-AP/2026-02-06/D "HTTP/1.1 200 OK"
2026-04-08 22:42:32,306 INFO     djen_backup.backfill  {'tribunal': 'TRE-AP', 'date': '2026-02-06', 'status_code': 200, 'event': 'backfill_empty', 'level': 'info', 'timestamp': '2026-04-09T02:42:32.306195Z'}
2026-04-08 22:42:32,414 INFO     httpx  HTTP Request: GET https://comunicaapi.pje.jus.br/api/v1/caderno/TRE-AP/2026-02-05/D "HTTP/1.1 200 OK"
2026-04-08 22:42:32,454 INFO     djen_backup.backfill  {'tribunal': 'TRE-AP', 'date': '2026-02-05', 'status_code': 200, 'event': 'backfill_empty', 'level': 'info', 'timestamp': '2026-04-09T02:42:32.454407Z'}
2026-04-08 22:42:32,560 INFO     httpx  HTTP Request: GET https://comunicaapi.pje.jus.br/api/v1/caderno/TRE-AP/2026-02-04/D "HTTP/1.1 200 OK"
2026-04-08 22:42:32,563 INFO     djen_backup.backfill  {'tribunal': 'TRE-AP', 'date': '2026-02-04', 'status_code': 200, 'event': 'backfill_empty', 'level': 'info', 'timestamp': '2026-04-09T02:42:32.563131Z'}
2026-04-08 22:42:32,666 INFO     httpx  HTTP Request: GET https://comunicaapi.pje.jus.br/api/v1/caderno/TRE-AP/2026-02-03/D "HTTP/1.1 200 OK"
2026-04-08 22:42:32,667 INFO     djen_backup.backfill  {'tribunal': 'TRE-AP', 'date': '2026-02-03', 'status_code': 200, 'event': 'backfill_empty', 'level': 'info', 'timestamp': '2026-04-09T02:42:32.667855Z'}
2026-04-08 22:42:32,782 INFO     httpx  HTTP Request: GET https://comunicaapi.pje.jus.br/api/v1/caderno/TRE-AP/2026-02-02/D "HTTP/1.1 200 OK"
2026-04-08 22:42:32,783 INFO     djen_backup.backfill  {'tribunal': 'TRE-AP', 'date': '2026-02-02', 'status_code': 200, 'event': 'backfill_empty', 'level': 'info', 'timestamp': '2026-04-09T02:42:32.783790Z'}
2026-04-08 22:42:32,884 INFO     httpx  HTTP Request: GET https://comunicaapi.pje.jus.br/api/v1/caderno/TRE-AP/2026-02-01/D "HTTP/1.1 404 Not Found"
2026-04-08 22:42:32,886 INFO     djen_backup.backfill  {'tribunal': 'TRE-AP', 'date': '2026-02-01', 'status_code': 404, 'event': 'backfill_empty', 'level': 'info', 'timestamp': '2026-04-09T02:42:32.886105Z'}
2026-04-08 22:42:32,991 INFO     httpx  HTTP Request: GET https://comunicaapi.pje.jus.br/api/v1/caderno/TRE-AP/2026-01-31/D "HTTP/1.1 404 Not Found"
2026-04-08 22:42:32,993 INFO     djen_backup.backfill  {'tribunal': 'TRE-AP', 'date': '2026-01-31', 'status_code': 404, 'event': 'backfill_empty', 'level': 'info', 'timestamp': '2026-04-09T02:42:32.993724Z'}
2026-04-08 22:42:33,091 INFO     httpx  HTTP Request: GET https://comunicaapi.pje.jus.br/api/v1/caderno/TRE-AP/2026-01-30/D "HTTP/1.1 200 OK"
2026-04-08 22:42:33,093 INFO     djen_backup.backfill  {'tribunal': 'TRE-AP', 'date': '2026-01-30', 'status_code': 200, 'event': 'backfill_empty', 'level': 'info', 'timestamp': '2026-04-09T02:42:33.093332Z'}
2026-04-08 22:42:33,195 INFO     httpx  HTTP Request: GET https://comunicaapi.pje.jus.br/api/v1/caderno/TRE-AP/2026-01-29/D "HTTP/1.1 200 OK"
2026-04-08 22:42:33,197 INFO     djen_backup.backfill  {'tribunal': 'TRE-AP', 'date': '2026-01-29', 'status_code': 200, 'event': 'backfill_empty', 'level': 'info', 'timestamp': '2026-04-09T02:42:33.197903Z'}
2026-04-08 22:42:33,306 INFO     httpx  HTTP Request: GET https://comunicaapi.pje.jus.br/api/v1/caderno/TRE-AP/2026-01-28/D "HTTP/1.1 200 OK"
2026-04-08 22:42:33,308 INFO     djen_backup.backfill  {'tribunal': 'TRE-AP', 'date': '2026-01-28', 'status_code': 200, 'event': 'backfill_empty', 'level': 'info', 'timestamp': '2026-04-09T02:42:33.308016Z'}
2026-04-08 22:42:33,407 INFO     httpx  HTTP Request: GET https://comunicaapi.pje.jus.br/api/v1/caderno/TRE-AP/2026-01-27/D "HTTP/1.1 200 OK"
2026-04-08 22:42:33,408 INFO     djen_backup.backfill  {'tribunal': 'TRE-AP', 'date': '2026-01-27', 'status_code': 200, 'event': 'backfill_empty', 'level': 'info', 'timestamp': '2026-04-09T02:42:33.408509Z'}
2026-04-08 22:42:33,514 INFO     httpx  HTTP Request: GET https://comunicaapi.pje.jus.br/api/v1/caderno/TRE-AP/2026-01-26/D "HTTP/1.1 200 OK"
2026-04-08 22:42:33,516 INFO     djen_backup.backfill  {'tribunal': 'TRE-AP', 'date': '2026-01-26', 'status_code': 200, 'event': 'backfill_empty', 'level': 'info', 'timestamp': '2026-04-09T02:42:33.516636Z'}
2026-04-08 22:42:33,635 INFO     httpx  HTTP Request: GET https://comunicaapi.pje.jus.br/api/v1/caderno/TRE-AP/2026-01-25/D "HTTP/1.1 404 Not Found"
2026-04-08 22:42:33,637 INFO     djen_backup.backfill  {'tribunal': 'TRE-AP', 'date': '2026-01-25', 'status_code': 404, 'event': 'backfill_empty', 'level': 'info', 'timestamp': '2026-04-09T02:42:33.637055Z'}
2026-04-08 22:42:33,749 INFO     httpx  HTTP Request: GET https://comunicaapi.pje.jus.br/api/v1/caderno/TRE-AP/2026-01-24/D "HTTP/1.1 404 Not Found"
2026-04-08 22:42:33,751 INFO     djen_backup.backfill  {'tribunal': 'TRE-AP', 'date': '2026-01-24', 'status_code': 404, 'event': 'backfill_empty', 'level': 'info', 'timestamp': '2026-04-09T02:42:33.751351Z'}
2026-04-08 22:42:33,854 INFO     httpx  HTTP Request: GET https://comunicaapi.pje.jus.br/api/v1/caderno/TRE-AP/2026-01-23/D "HTTP/1.1 200 OK"
2026-04-08 22:42:33,856 INFO     djen_backup.backfill  {'tribunal': 'TRE-AP', 'date': '2026-01-23', 'status_code': 200, 'event': 'backfill_empty', 'level': 'info', 'timestamp': '2026-04-09T02:42:33.856166Z'}
2026-04-08 22:42:33,960 INFO     httpx  HTTP Request: GET https://comunicaapi.pje.jus.br/api/v1/caderno/TRE-AP/2026-01-22/D "HTTP/1.1 200 OK"
2026-04-08 22:42:33,962 INFO     djen_backup.backfill  {'tribunal': 'TRE-AP', 'date': '2026-01-22', 'status_code': 200, 'event': 'backfill_empty', 'level': 'info', 'timestamp': '2026-04-09T02:42:33.962043Z'}
2026-04-08 22:42:34,073 INFO     httpx  HTTP Request: GET https://comunicaapi.pje.jus.br/api/v1/caderno/TRE-AP/2026-01-21/D "HTTP/1.1 200 OK"
2026-04-08 22:42:34,074 INFO     djen_backup.backfill  {'tribunal': 'TRE-AP', 'date': '2026-01-21', 'status_code': 200, 'event': 'backfill_empty', 'level': 'info', 'timestamp': '2026-04-09T02:42:34.074769Z'}
2026-04-08 22:42:34,250 INFO     httpx  HTTP Request: GET https://comunicaapi.pje.jus.br/api/v1/caderno/TRE-AP/2026-01-20/D "HTTP/1.1 200 OK"
2026-04-08 22:42:34,257 INFO     djen_backup.backfill  {'tribunal': 'TRE-AP', 'date': '2026-01-20', 'status_code': 200, 'event': 'backfill_empty', 'level': 'info', 'timestamp': '2026-04-09T02:42:34.257186Z'}
2026-04-08 22:42:34,505 INFO     httpx  HTTP Request: GET https://comunicaapi.pje.jus.br/api/v1/caderno/TRE-AP/2026-01-19/D "HTTP/1.1 200 OK"
2026-04-08 22:42:34,507 INFO     djen_backup.backfill  {'tribunal': 'TRE-AP', 'date': '2026-01-19', 'status_code': 200, 'event': 'backfill_empty', 'level': 'info', 'timestamp': '2026-04-09T02:42:34.507217Z'}
2026-04-08 22:42:34,681 INFO     httpx  HTTP Request: GET https://comunicaapi.pje.jus.br/api/v1/caderno/TRE-AP/2026-01-18/D "HTTP/1.1 404 Not Found"
2026-04-08 22:42:34,684 INFO     djen_backup.backfill  {'tribunal': 'TRE-AP', 'date': '2026-01-18', 'status_code': 404, 'event': 'backfill_empty', 'level': 'info', 'timestamp': '2026-04-09T02:42:34.684848Z'}
2026-04-08 22:42:34,787 INFO     httpx  HTTP Request: GET https://comunicaapi.pje.jus.br/api/v1/caderno/TRE-AP/2026-01-17/D "HTTP/1.1 404 Not Found"
2026-04-08 22:42:34,789 INFO     djen_backup.backfill  {'tribunal': 'TRE-AP', 'date': '2026-01-17', 'status_code': 404, 'event': 'backfill_empty', 'level': 'info', 'timestamp': '2026-04-09T02:42:34.789895Z'}
2026-04-08 22:42:34,955 INFO     httpx  HTTP Request: GET https://comunicaapi.pje.jus.br/api/v1/caderno/TRE-AP/2026-01-16/D "HTTP/1.1 200 OK"
2026-04-08 22:42:34,956 INFO     djen_backup.backfill  {'tribunal': 'TRE-AP', 'date': '2026-01-16', 'status_code': 200, 'event': 'backfill_empty', 'level': 'info', 'timestamp': '2026-04-09T02:42:34.956630Z'}
2026-04-08 22:42:35,056 INFO     httpx  HTTP Request: GET https://comunicaapi.pje.jus.br/api/v1/caderno/TRE-AP/2026-01-15/D "HTTP/1.1 200 OK"
2026-04-08 22:42:35,058 INFO     djen_backup.backfill  {'tribunal': 'TRE-AP', 'date': '2026-01-15', 'status_code': 200, 'event': 'backfill_empty', 'level': 'info', 'timestamp': '2026-04-09T02:42:35.058744Z'}
2026-04-08 22:42:35,160 INFO     httpx  HTTP Request: GET https://comunicaapi.pje.jus.br/api/v1/caderno/TRE-AP/2026-01-14/D "HTTP/1.1 200 OK"
2026-04-08 22:42:35,162 INFO     djen_backup.backfill  {'tribunal': 'TRE-AP', 'date': '2026-01-14', 'status_code': 200, 'event': 'backfill_empty', 'level': 'info', 'timestamp': '2026-04-09T02:42:35.162476Z'}
2026-04-08 22:42:35,271 INFO     httpx  HTTP Request: GET https://comunicaapi.pje.jus.br/api/v1/caderno/TRE-AP/2026-01-13/D "HTTP/1.1 200 OK"
2026-04-08 22:42:35,277 INFO     djen_backup.backfill  {'tribunal': 'TRE-AP', 'date': '2026-01-13', 'status_code': 200, 'event': 'backfill_empty', 'level': 'info', 'timestamp': '2026-04-09T02:42:35.277705Z'}
2026-04-08 22:42:35,425 INFO     httpx  HTTP Request: GET https://comunicaapi.pje.jus.br/api/v1/caderno/TRE-AP/2026-01-12/D "HTTP/1.1 200 OK"
2026-04-08 22:42:35,429 INFO     djen_backup.backfill  {'tribunal': 'TRE-AP', 'date': '2026-01-12', 'status_code': 200, 'event': 'backfill_empty', 'level': 'info', 'timestamp': '2026-04-09T02:42:35.429352Z'}
2026-04-08 22:42:35,547 INFO     httpx  HTTP Request: GET https://comunicaapi.pje.jus.br/api/v1/caderno/TRE-AP/2026-01-11/D "HTTP/1.1 404 Not Found"
2026-04-08 22:42:35,551 INFO     djen_backup.backfill  {'tribunal': 'TRE-AP', 'date': '2026-01-11', 'status_code': 404, 'event': 'backfill_empty', 'level': 'info', 'timestamp': '2026-04-09T02:42:35.551016Z'}
2026-04-08 22:42:35,653 INFO     httpx  HTTP Request: GET https://comunicaapi.pje.jus.br/api/v1/caderno/TRE-AP/2026-01-10/D "HTTP/1.1 404 Not Found"
2026-04-08 22:42:35,655 INFO     djen_backup.backfill  {'tribunal': 'TRE-AP', 'date': '2026-01-10', 'status_code': 404, 'event': 'backfill_empty', 'level': 'info', 'timestamp': '2026-04-09T02:42:35.655708Z'}
2026-04-08 22:42:35,761 INFO     httpx  HTTP Request: GET https://comunicaapi.pje.jus.br/api/v1/caderno/TRE-AP/2026-01-09/D "HTTP/1.1 200 OK"
2026-04-08 22:42:35,763 INFO     djen_backup.backfill  {'tribunal': 'TRE-AP', 'date': '2026-01-09', 'status_code': 200, 'event': 'backfill_empty', 'level': 'info', 'timestamp': '2026-04-09T02:42:35.763331Z'}
2026-04-08 22:42:35,868 INFO     httpx  HTTP Request: GET https://comunicaapi.pje.jus.br/api/v1/caderno/TRE-AP/2026-01-08/D "HTTP/1.1 200 OK"
2026-04-08 22:42:35,870 INFO     djen_backup.backfill  {'tribunal': 'TRE-AP', 'date': '2026-01-08', 'status_code': 200, 'event': 'backfill_empty', 'level': 'info', 'timestamp': '2026-04-09T02:42:35.870667Z'}
2026-04-08 22:42:35,973 INFO     httpx  HTTP Request: GET https://comunicaapi.pje.jus.br/api/v1/caderno/TRE-AP/2026-01-07/D "HTTP/1.1 200 OK"
2026-04-08 22:42:35,975 INFO     djen_backup.backfill  {'tribunal': 'TRE-AP', 'date': '2026-01-07', 'status_code': 200, 'event': 'backfill_empty', 'level': 'info', 'timestamp': '2026-04-09T02:42:35.975640Z'}
2026-04-08 22:42:36,083 INFO     httpx  HTTP Request: GET https://comunicaapi.pje.jus.br/api/v1/caderno/TRE-AP/2026-01-06/D "HTTP/1.1 200 OK"
2026-04-08 22:42:36,085 INFO     djen_backup.backfill  {'tribunal': 'TRE-AP', 'date': '2026-01-06', 'status_code': 200, 'event': 'backfill_empty', 'level': 'info', 'timestamp': '2026-04-09T02:42:36.085034Z'}
2026-04-08 22:42:36,196 INFO     httpx  HTTP Request: GET https://comunicaapi.pje.jus.br/api/v1/caderno/TRE-AP/2026-01-05/D "HTTP/1.1 200 OK"
2026-04-08 22:42:36,199 INFO     djen_backup.backfill  {'tribunal': 'TRE-AP', 'date': '2026-01-05', 'status_code': 200, 'event': 'backfill_empty', 'level': 'info', 'timestamp': '2026-04-09T02:42:36.199254Z'}
2026-04-08 22:42:36,304 INFO     httpx  HTTP Request: GET https://comunicaapi.pje.jus.br/api/v1/caderno/TRE-AP/2026-01-04/D "HTTP/1.1 404 Not Found"
2026-04-08 22:42:36,305 INFO     djen_backup.backfill  {'tribunal': 'TRE-AP', 'date': '2026-01-04', 'status_code': 404, 'event': 'backfill_empty', 'level': 'info', 'timestamp': '2026-04-09T02:42:36.305489Z'}
2026-04-08 22:42:36,409 INFO     httpx  HTTP Request: GET https://comunicaapi.pje.jus.br/api/v1/caderno/TRE-AP/2026-01-03/D "HTTP/1.1 404 Not Found"
2026-04-08 22:42:36,411 INFO     djen_backup.backfill  {'tribunal': 'TRE-AP', 'date': '2026-01-03', 'status_code': 404, 'event': 'backfill_empty', 'level': 'info', 'timestamp': '2026-04-09T02:42:36.411715Z'}
2026-04-08 22:42:36,516 INFO     httpx  HTTP Request: GET https://comunicaapi.pje.jus.br/api/v1/caderno/TRE-AP/2026-01-02/D "HTTP/1.1 200 OK"
2026-04-08 22:42:36,554 INFO     djen_backup.backfill  {'tribunal': 'TRE-AP', 'date': '2026-01-02', 'status_code': 200, 'event': 'backfill_empty', 'level': 'info', 'timestamp': '2026-04-09T02:42:36.554222Z'}
2026-04-08 22:42:36,662 INFO     httpx  HTTP Request: GET https://comunicaapi.pje.jus.br/api/v1/caderno/TRE-AP/2026-01-01/D "HTTP/1.1 200 OK"
2026-04-08 22:42:36,665 INFO     djen_backup.backfill  {'tribunal': 'TRE-AP', 'date': '2026-01-01', 'status_code': 200, 'event': 'backfill_empty', 'level': 'info', 'timestamp': '2026-04-09T02:42:36.665691Z'}
2026-04-08 22:42:40,532 INFO     httpx  HTTP Request: GET https://archive.org/metadata/djen-tre-ba-2026/files "HTTP/1.1 200 OK"
2026-04-08 22:42:40,533 INFO     djen_backup.backfill  {'tribunal': 'TRE-BA', 'year': 2026, 'gaps': 98, 'event': 'backfill_tribunal_year', 'level': 'info', 'timestamp': '2026-04-09T02:42:40.533563Z'}
2026-04-08 22:42:40,676 INFO     httpx  HTTP Request: GET https://comunicaapi.pje.jus.br/api/v1/caderno/TRE-BA/2026-04-08/D "HTTP/1.1 200 OK"
2026-04-08 22:42:40,678 INFO     djen_backup.backfill  {'tribunal': 'TRE-BA', 'date': '2026-04-08', 'status_code': 200, 'event': 'backfill_empty', 'level': 'info', 'timestamp': '2026-04-09T02:42:40.678401Z'}
2026-04-08 22:42:40,813 INFO     httpx  HTTP Request: GET https://comunicaapi.pje.jus.br/api/v1/caderno/TRE-BA/2026-04-07/D "HTTP/1.1 200 OK"
2026-04-08 22:42:40,815 INFO     djen_backup.backfill  {'tribunal': 'TRE-BA', 'date': '2026-04-07', 'status_code': 200, 'event': 'backfill_empty', 'level': 'info', 'timestamp': '2026-04-09T02:42:40.815248Z'}
2026-04-08 22:42:40,921 INFO     httpx  HTTP Request: GET https://comunicaapi.pje.jus.br/api/v1/caderno/TRE-BA/2026-04-06/D "HTTP/1.1 200 OK"
2026-04-08 22:42:40,925 INFO     djen_backup.backfill  {'tribunal': 'TRE-BA', 'date': '2026-04-06', 'status_code': 200, 'event': 'backfill_empty', 'level': 'info', 'timestamp': '2026-04-09T02:42:40.925004Z'}
2026-04-08 22:42:41,066 INFO     httpx  HTTP Request: GET https://comunicaapi.pje.jus.br/api/v1/caderno/TRE-BA/2026-04-05/D "HTTP/1.1 404 Not Found"
2026-04-08 22:42:41,068 INFO     djen_backup.backfill  {'tribunal': 'TRE-BA', 'date': '2026-04-05', 'status_code': 404, 'event': 'backfill_empty', 'level': 'info', 'timestamp': '2026-04-09T02:42:41.068326Z'}
2026-04-08 22:42:41,247 INFO     httpx  HTTP Request: GET https://comunicaapi.pje.jus.br/api/v1/caderno/TRE-BA/2026-04-04/D "HTTP/1.1 404 Not Found"
2026-04-08 22:42:41,249 INFO     djen_backup.backfill  {'tribunal': 'TRE-BA', 'date': '2026-04-04', 'status_code': 404, 'event': 'backfill_empty', 'level': 'info', 'timestamp': '2026-04-09T02:42:41.249079Z'}
2026-04-08 22:42:41,353 INFO     httpx  HTTP Request: GET https://comunicaapi.pje.jus.br/api/v1/caderno/TRE-BA/2026-04-03/D "HTTP/1.1 200 OK"
2026-04-08 22:42:41,356 INFO     djen_backup.backfill  {'tribunal': 'TRE-BA', 'date': '2026-04-03', 'status_code': 200, 'event': 'backfill_empty', 'level': 'info', 'timestamp': '2026-04-09T02:42:41.356368Z'}
2026-04-08 22:42:41,467 INFO     httpx  HTTP Request: GET https://comunicaapi.pje.jus.br/api/v1/caderno/TRE-BA/2026-04-02/D "HTTP/1.1 200 OK"
2026-04-08 22:42:41,470 INFO     djen_backup.backfill  {'tribunal': 'TRE-BA', 'date': '2026-04-02', 'status_code': 200, 'event': 'backfill_empty', 'level': 'info', 'timestamp': '2026-04-09T02:42:41.470060Z'}
2026-04-08 22:42:41,577 INFO     httpx  HTTP Request: GET https://comunicaapi.pje.jus.br/api/v1/caderno/TRE-BA/2026-04-01/D "HTTP/1.1 200 OK"
2026-04-08 22:42:41,580 INFO     djen_backup.backfill  {'tribunal': 'TRE-BA', 'date': '2026-04-01', 'status_code': 200, 'event': 'backfill_empty', 'level': 'info', 'timestamp': '2026-04-09T02:42:41.580894Z'}
2026-04-08 22:42:41,692 INFO     httpx  HTTP Request: GET https://comunicaapi.pje.jus.br/api/v1/caderno/TRE-BA/2026-03-31/D "HTTP/1.1 200 OK"
2026-04-08 22:42:41,693 INFO     djen_backup.backfill  {'tribunal': 'TRE-BA', 'date': '2026-03-31', 'status_code': 200, 'event': 'backfill_empty', 'level': 'info', 'timestamp': '2026-04-09T02:42:41.693784Z'}
2026-04-08 22:42:41,793 INFO     httpx  HTTP Request: GET https://comunicaapi.pje.jus.br/api/v1/caderno/TRE-BA/2026-03-30/D "HTTP/1.1 200 OK"
2026-04-08 22:42:41,796 INFO     djen_backup.backfill  {'tribunal': 'TRE-BA', 'date': '2026-03-30', 'status_code': 200, 'event': 'backfill_empty', 'level': 'info', 'timestamp': '2026-04-09T02:42:41.795978Z'}
2026-04-08 22:42:41,897 INFO     httpx  HTTP Request: GET https://comunicaapi.pje.jus.br/api/v1/caderno/TRE-BA/2026-03-29/D "HTTP/1.1 404 Not Found"
2026-04-08 22:42:41,900 INFO     djen_backup.backfill  {'tribunal': 'TRE-BA', 'date': '2026-03-29', 'status_code': 404, 'event': 'backfill_empty', 'level': 'info', 'timestamp': '2026-04-09T02:42:41.900000Z'}
2026-04-08 22:42:42,041 INFO     httpx  HTTP Request: GET https://comunicaapi.pje.jus.br/api/v1/caderno/TRE-BA/2026-03-28/D "HTTP/1.1 404 Not Found"
2026-04-08 22:42:42,042 INFO     djen_backup.backfill  {'tribunal': 'TRE-BA', 'date': '2026-03-28', 'status_code': 404, 'event': 'backfill_empty', 'level': 'info', 'timestamp': '2026-04-09T02:42:42.042682Z'}
2026-04-08 22:42:42,151 INFO     httpx  HTTP Request: GET https://comunicaapi.pje.jus.br/api/v1/caderno/TRE-BA/2026-03-27/D "HTTP/1.1 200 OK"
2026-04-08 22:42:42,153 INFO     djen_backup.backfill  {'tribunal': 'TRE-BA', 'date': '2026-03-27', 'status_code': 200, 'event': 'backfill_empty', 'level': 'info', 'timestamp': '2026-04-09T02:42:42.153195Z'}
2026-04-08 22:42:42,260 INFO     httpx  HTTP Request: GET https://comunicaapi.pje.jus.br/api/v1/caderno/TRE-BA/2026-03-26/D "HTTP/1.1 200 OK"
2026-04-08 22:42:42,262 INFO     djen_backup.backfill  {'tribunal': 'TRE-BA', 'date': '2026-03-26', 'status_code': 200, 'event': 'backfill_empty', 'level': 'info', 'timestamp': '2026-04-09T02:42:42.262963Z'}
2026-04-08 22:42:42,369 INFO     httpx  HTTP Request: GET https://comunicaapi.pje.jus.br/api/v1/caderno/TRE-BA/2026-03-25/D "HTTP/1.1 200 OK"
2026-04-08 22:42:42,370 INFO     djen_backup.backfill  {'tribunal': 'TRE-BA', 'date': '2026-03-25', 'status_code': 200, 'event': 'backfill_empty', 'level': 'info', 'timestamp': '2026-04-09T02:42:42.370877Z'}
2026-04-08 22:42:42,420 INFO     httpx  HTTP Request: GET https://comunicaapi.pje.jus.br/api/v1/caderno/TRE-BA/2026-03-24/D "HTTP/1.1 403 Forbidden"
2026-04-08 22:42:42,423 ERROR    djen_backup.backfill  {'tribunal': 'TRE-BA', 'date': '2026-03-24', 'event': 'backfill_download_error', 'level': 'error', 'timestamp': '2026-04-09T02:42:42.421529Z', 'exception': 'Traceback (most recent call last):\n  File "/home/franklin/workspace/causaganha/src/djen_backup/backfill.py", line 557, in backfill_process_date\n    zip_url = await get_caderno_url(client, config.djen_proxy_url, tribunal, d)\n              ^^^^^^^^^^^^^^^^^^^^^^^^^^^^^^^^^^^^^^^^^^^^^^^^^^^^^^^^^^^^^^^^^\n  File "/home/franklin/workspace/causaganha/src/djen_backup/djen.py", line 77, in get_caderno_url\n    resp.raise_for_status()\n  File "/home/franklin/workspace/causaganha/.venv/lib/python3.12/site-packages/httpx/_models.py", line 829, in raise_for_status\n    raise HTTPStatusError(message, request=request, response=self)\nhttpx.HTTPStatusError: Client error \'403 Forbidden\' for url \'https://comunicaapi.pje.jus.br/api/v1/caderno/TRE-BA/2026-03-24/D\'\nFor more information check: https://developer.mozilla.org/en-US/docs/Web/HTTP/Status/403'}
Traceback (most recent call last):
  File "/home/franklin/workspace/causaganha/src/djen_backup/backfill.py", line 557, in backfill_process_date
    zip_url = await get_caderno_url(client, config.djen_proxy_url, tribunal, d)
              ^^^^^^^^^^^^^^^^^^^^^^^^^^^^^^^^^^^^^^^^^^^^^^^^^^^^^^^^^^^^^^^^^
  File "/home/franklin/workspace/causaganha/src/djen_backup/djen.py", line 77, in get_caderno_url
    resp.raise_for_status()
  File "/home/franklin/workspace/causaganha/.venv/lib/python3.12/site-packages/httpx/_models.py", line 829, in raise_for_status
    raise HTTPStatusError(message, request=request, response=self)
httpx.HTTPStatusError: Client error '403 Forbidden' for url 'https://comunicaapi.pje.jus.br/api/v1/caderno/TRE-BA/2026-03-24/D'
For more information check: https://developer.mozilla.org/en-US/docs/Web/HTTP/Status/403
2026-04-08 22:42:42,524 WARNING  djen_backup.backfill  {'tribunal': 'TRE-BA', 'date': '2026-03-24', 'event': 'backfill_item_error', 'level': 'warning', 'timestamp': '2026-04-09T02:42:42.524277Z'}
2026-04-08 22:42:42,570 INFO     httpx  HTTP Request: GET https://comunicaapi.pje.jus.br/api/v1/caderno/TRE-BA/2026-03-23/D "HTTP/1.1 403 Forbidden"
2026-04-08 22:42:42,572 ERROR    djen_backup.backfill  {'tribunal': 'TRE-BA', 'date': '2026-03-23', 'event': 'backfill_download_error', 'level': 'error', 'timestamp': '2026-04-09T02:42:42.571961Z', 'exception': 'Traceback (most recent call last):\n  File "/home/franklin/workspace/causaganha/src/djen_backup/backfill.py", line 557, in backfill_process_date\n    zip_url = await get_caderno_url(client, config.djen_proxy_url, tribunal, d)\n              ^^^^^^^^^^^^^^^^^^^^^^^^^^^^^^^^^^^^^^^^^^^^^^^^^^^^^^^^^^^^^^^^^\n  File "/home/franklin/workspace/causaganha/src/djen_backup/djen.py", line 77, in get_caderno_url\n    resp.raise_for_status()\n  File "/home/franklin/workspace/causaganha/.venv/lib/python3.12/site-packages/httpx/_models.py", line 829, in raise_for_status\n    raise HTTPStatusError(message, request=request, response=self)\nhttpx.HTTPStatusError: Client error \'403 Forbidden\' for url \'https://comunicaapi.pje.jus.br/api/v1/caderno/TRE-BA/2026-03-23/D\'\nFor more information check: https://developer.mozilla.org/en-US/docs/Web/HTTP/Status/403'}
Traceback (most recent call last):
  File "/home/franklin/workspace/causaganha/src/djen_backup/backfill.py", line 557, in backfill_process_date
    zip_url = await get_caderno_url(client, config.djen_proxy_url, tribunal, d)
              ^^^^^^^^^^^^^^^^^^^^^^^^^^^^^^^^^^^^^^^^^^^^^^^^^^^^^^^^^^^^^^^^^
  File "/home/franklin/workspace/causaganha/src/djen_backup/djen.py", line 77, in get_caderno_url
    resp.raise_for_status()
  File "/home/franklin/workspace/causaganha/.venv/lib/python3.12/site-packages/httpx/_models.py", line 829, in raise_for_status
    raise HTTPStatusError(message, request=request, response=self)
httpx.HTTPStatusError: Client error '403 Forbidden' for url 'https://comunicaapi.pje.jus.br/api/v1/caderno/TRE-BA/2026-03-23/D'
For more information check: https://developer.mozilla.org/en-US/docs/Web/HTTP/Status/403
2026-04-08 22:42:42,652 WARNING  djen_backup.backfill  {'tribunal': 'TRE-BA', 'date': '2026-03-23', 'event': 'backfill_item_error', 'level': 'warning', 'timestamp': '2026-04-09T02:42:42.652781Z'}
2026-04-08 22:42:42,701 INFO     httpx  HTTP Request: GET https://comunicaapi.pje.jus.br/api/v1/caderno/TRE-BA/2026-03-22/D "HTTP/1.1 403 Forbidden"
2026-04-08 22:42:42,703 ERROR    djen_backup.backfill  {'tribunal': 'TRE-BA', 'date': '2026-03-22', 'event': 'backfill_download_error', 'level': 'error', 'timestamp': '2026-04-09T02:42:42.703375Z', 'exception': 'Traceback (most recent call last):\n  File "/home/franklin/workspace/causaganha/src/djen_backup/backfill.py", line 557, in backfill_process_date\n    zip_url = await get_caderno_url(client, config.djen_proxy_url, tribunal, d)\n              ^^^^^^^^^^^^^^^^^^^^^^^^^^^^^^^^^^^^^^^^^^^^^^^^^^^^^^^^^^^^^^^^^\n  File "/home/franklin/workspace/causaganha/src/djen_backup/djen.py", line 77, in get_caderno_url\n    resp.raise_for_status()\n  File "/home/franklin/workspace/causaganha/.venv/lib/python3.12/site-packages/httpx/_models.py", line 829, in raise_for_status\n    raise HTTPStatusError(message, request=request, response=self)\nhttpx.HTTPStatusError: Client error \'403 Forbidden\' for url \'https://comunicaapi.pje.jus.br/api/v1/caderno/TRE-BA/2026-03-22/D\'\nFor more information check: https://developer.mozilla.org/en-US/docs/Web/HTTP/Status/403'}
Traceback (most recent call last):
  File "/home/franklin/workspace/causaganha/src/djen_backup/backfill.py", line 557, in backfill_process_date
    zip_url = await get_caderno_url(client, config.djen_proxy_url, tribunal, d)
              ^^^^^^^^^^^^^^^^^^^^^^^^^^^^^^^^^^^^^^^^^^^^^^^^^^^^^^^^^^^^^^^^^
  File "/home/franklin/workspace/causaganha/src/djen_backup/djen.py", line 77, in get_caderno_url
    resp.raise_for_status()
  File "/home/franklin/workspace/causaganha/.venv/lib/python3.12/site-packages/httpx/_models.py", line 829, in raise_for_status
    raise HTTPStatusError(message, request=request, response=self)
httpx.HTTPStatusError: Client error '403 Forbidden' for url 'https://comunicaapi.pje.jus.br/api/v1/caderno/TRE-BA/2026-03-22/D'
For more information check: https://developer.mozilla.org/en-US/docs/Web/HTTP/Status/403
2026-04-08 22:42:42,780 WARNING  djen_backup.backfill  {'tribunal': 'TRE-BA', 'date': '2026-03-22', 'event': 'backfill_item_error', 'level': 'warning', 'timestamp': '2026-04-09T02:42:42.780252Z'}
2026-04-08 22:42:42,781 WARNING  djen_backup.backfill  {'tribunal': 'TRE-BA', 'year': 2026, 'reason': '3 consecutive errors', 'event': 'backfill_tribunal_skipped', 'level': 'warning', 'timestamp': '2026-04-09T02:42:42.781142Z'}
2026-04-08 22:42:45,338 INFO     httpx  HTTP Request: GET https://archive.org/metadata/djen-tre-ce-2026/files "HTTP/1.1 200 OK"
2026-04-08 22:42:45,339 INFO     djen_backup.backfill  {'tribunal': 'TRE-CE', 'year': 2026, 'gaps': 98, 'event': 'backfill_tribunal_year', 'level': 'info', 'timestamp': '2026-04-09T02:42:45.339941Z'}
2026-04-08 22:42:45,386 INFO     httpx  HTTP Request: GET https://comunicaapi.pje.jus.br/api/v1/caderno/TRE-CE/2026-04-08/D "HTTP/1.1 403 Forbidden"
2026-04-08 22:42:45,388 ERROR    djen_backup.backfill  {'tribunal': 'TRE-CE', 'date': '2026-04-08', 'event': 'backfill_download_error', 'level': 'error', 'timestamp': '2026-04-09T02:42:45.388295Z', 'exception': 'Traceback (most recent call last):\n  File "/home/franklin/workspace/causaganha/src/djen_backup/backfill.py", line 557, in backfill_process_date\n    zip_url = await get_caderno_url(client, config.djen_proxy_url, tribunal, d)\n              ^^^^^^^^^^^^^^^^^^^^^^^^^^^^^^^^^^^^^^^^^^^^^^^^^^^^^^^^^^^^^^^^^\n  File "/home/franklin/workspace/causaganha/src/djen_backup/djen.py", line 77, in get_caderno_url\n    resp.raise_for_status()\n  File "/home/franklin/workspace/causaganha/.venv/lib/python3.12/site-packages/httpx/_models.py", line 829, in raise_for_status\n    raise HTTPStatusError(message, request=request, response=self)\nhttpx.HTTPStatusError: Client error \'403 Forbidden\' for url \'https://comunicaapi.pje.jus.br/api/v1/caderno/TRE-CE/2026-04-08/D\'\nFor more information check: https://developer.mozilla.org/en-US/docs/Web/HTTP/Status/403'}
Traceback (most recent call last):
  File "/home/franklin/workspace/causaganha/src/djen_backup/backfill.py", line 557, in backfill_process_date
    zip_url = await get_caderno_url(client, config.djen_proxy_url, tribunal, d)
              ^^^^^^^^^^^^^^^^^^^^^^^^^^^^^^^^^^^^^^^^^^^^^^^^^^^^^^^^^^^^^^^^^
  File "/home/franklin/workspace/causaganha/src/djen_backup/djen.py", line 77, in get_caderno_url
    resp.raise_for_status()
  File "/home/franklin/workspace/causaganha/.venv/lib/python3.12/site-packages/httpx/_models.py", line 829, in raise_for_status
    raise HTTPStatusError(message, request=request, response=self)
httpx.HTTPStatusError: Client error '403 Forbidden' for url 'https://comunicaapi.pje.jus.br/api/v1/caderno/TRE-CE/2026-04-08/D'
For more information check: https://developer.mozilla.org/en-US/docs/Web/HTTP/Status/403
2026-04-08 22:42:45,487 WARNING  djen_backup.backfill  {'tribunal': 'TRE-CE', 'date': '2026-04-08', 'event': 'backfill_item_error', 'level': 'warning', 'timestamp': '2026-04-09T02:42:45.487644Z'}
2026-04-08 22:42:45,536 INFO     httpx  HTTP Request: GET https://comunicaapi.pje.jus.br/api/v1/caderno/TRE-CE/2026-04-07/D "HTTP/1.1 403 Forbidden"
2026-04-08 22:42:45,538 ERROR    djen_backup.backfill  {'tribunal': 'TRE-CE', 'date': '2026-04-07', 'event': 'backfill_download_error', 'level': 'error', 'timestamp': '2026-04-09T02:42:45.537824Z', 'exception': 'Traceback (most recent call last):\n  File "/home/franklin/workspace/causaganha/src/djen_backup/backfill.py", line 557, in backfill_process_date\n    zip_url = await get_caderno_url(client, config.djen_proxy_url, tribunal, d)\n              ^^^^^^^^^^^^^^^^^^^^^^^^^^^^^^^^^^^^^^^^^^^^^^^^^^^^^^^^^^^^^^^^^\n  File "/home/franklin/workspace/causaganha/src/djen_backup/djen.py", line 77, in get_caderno_url\n    resp.raise_for_status()\n  File "/home/franklin/workspace/causaganha/.venv/lib/python3.12/site-packages/httpx/_models.py", line 829, in raise_for_status\n    raise HTTPStatusError(message, request=request, response=self)\nhttpx.HTTPStatusError: Client error \'403 Forbidden\' for url \'https://comunicaapi.pje.jus.br/api/v1/caderno/TRE-CE/2026-04-07/D\'\nFor more information check: https://developer.mozilla.org/en-US/docs/Web/HTTP/Status/403'}
Traceback (most recent call last):
  File "/home/franklin/workspace/causaganha/src/djen_backup/backfill.py", line 557, in backfill_process_date
    zip_url = await get_caderno_url(client, config.djen_proxy_url, tribunal, d)
              ^^^^^^^^^^^^^^^^^^^^^^^^^^^^^^^^^^^^^^^^^^^^^^^^^^^^^^^^^^^^^^^^^
  File "/home/franklin/workspace/causaganha/src/djen_backup/djen.py", line 77, in get_caderno_url
    resp.raise_for_status()
  File "/home/franklin/workspace/causaganha/.venv/lib/python3.12/site-packages/httpx/_models.py", line 829, in raise_for_status
    raise HTTPStatusError(message, request=request, response=self)
httpx.HTTPStatusError: Client error '403 Forbidden' for url 'https://comunicaapi.pje.jus.br/api/v1/caderno/TRE-CE/2026-04-07/D'
For more information check: https://developer.mozilla.org/en-US/docs/Web/HTTP/Status/403
2026-04-08 22:42:45,640 WARNING  djen_backup.backfill  {'tribunal': 'TRE-CE', 'date': '2026-04-07', 'event': 'backfill_item_error', 'level': 'warning', 'timestamp': '2026-04-09T02:42:45.640460Z'}
2026-04-08 22:42:45,687 INFO     httpx  HTTP Request: GET https://comunicaapi.pje.jus.br/api/v1/caderno/TRE-CE/2026-04-06/D "HTTP/1.1 403 Forbidden"
2026-04-08 22:42:45,689 ERROR    djen_backup.backfill  {'tribunal': 'TRE-CE', 'date': '2026-04-06', 'event': 'backfill_download_error', 'level': 'error', 'timestamp': '2026-04-09T02:42:45.689676Z', 'exception': 'Traceback (most recent call last):\n  File "/home/franklin/workspace/causaganha/src/djen_backup/backfill.py", line 557, in backfill_process_date\n    zip_url = await get_caderno_url(client, config.djen_proxy_url, tribunal, d)\n              ^^^^^^^^^^^^^^^^^^^^^^^^^^^^^^^^^^^^^^^^^^^^^^^^^^^^^^^^^^^^^^^^^\n  File "/home/franklin/workspace/causaganha/src/djen_backup/djen.py", line 77, in get_caderno_url\n    resp.raise_for_status()\n  File "/home/franklin/workspace/causaganha/.venv/lib/python3.12/site-packages/httpx/_models.py", line 829, in raise_for_status\n    raise HTTPStatusError(message, request=request, response=self)\nhttpx.HTTPStatusError: Client error \'403 Forbidden\' for url \'https://comunicaapi.pje.jus.br/api/v1/caderno/TRE-CE/2026-04-06/D\'\nFor more information check: https://developer.mozilla.org/en-US/docs/Web/HTTP/Status/403'}
Traceback (most recent call last):
  File "/home/franklin/workspace/causaganha/src/djen_backup/backfill.py", line 557, in backfill_process_date
    zip_url = await get_caderno_url(client, config.djen_proxy_url, tribunal, d)
              ^^^^^^^^^^^^^^^^^^^^^^^^^^^^^^^^^^^^^^^^^^^^^^^^^^^^^^^^^^^^^^^^^
  File "/home/franklin/workspace/causaganha/src/djen_backup/djen.py", line 77, in get_caderno_url
    resp.raise_for_status()
  File "/home/franklin/workspace/causaganha/.venv/lib/python3.12/site-packages/httpx/_models.py", line 829, in raise_for_status
    raise HTTPStatusError(message, request=request, response=self)
httpx.HTTPStatusError: Client error '403 Forbidden' for url 'https://comunicaapi.pje.jus.br/api/v1/caderno/TRE-CE/2026-04-06/D'
For more information check: https://developer.mozilla.org/en-US/docs/Web/HTTP/Status/403
2026-04-08 22:42:45,784 WARNING  djen_backup.backfill  {'tribunal': 'TRE-CE', 'date': '2026-04-06', 'event': 'backfill_item_error', 'level': 'warning', 'timestamp': '2026-04-09T02:42:45.784484Z'}
2026-04-08 22:42:45,785 WARNING  djen_backup.backfill  {'tribunal': 'TRE-CE', 'year': 2026, 'reason': '3 consecutive errors', 'event': 'backfill_tribunal_skipped', 'level': 'warning', 'timestamp': '2026-04-09T02:42:45.785614Z'}
2026-04-08 22:42:48,399 INFO     httpx  HTTP Request: GET https://archive.org/metadata/djen-tre-df-2026/files "HTTP/1.1 200 OK"
2026-04-08 22:42:48,401 INFO     djen_backup.backfill  {'tribunal': 'TRE-DF', 'year': 2026, 'gaps': 98, 'event': 'backfill_tribunal_year', 'level': 'info', 'timestamp': '2026-04-09T02:42:48.401265Z'}
2026-04-08 22:42:48,464 INFO     httpx  HTTP Request: GET https://comunicaapi.pje.jus.br/api/v1/caderno/TRE-DF/2026-04-08/D "HTTP/1.1 403 Forbidden"
2026-04-08 22:42:48,465 ERROR    djen_backup.backfill  {'tribunal': 'TRE-DF', 'date': '2026-04-08', 'event': 'backfill_download_error', 'level': 'error', 'timestamp': '2026-04-09T02:42:48.465613Z', 'exception': 'Traceback (most recent call last):\n  File "/home/franklin/workspace/causaganha/src/djen_backup/backfill.py", line 557, in backfill_process_date\n    zip_url = await get_caderno_url(client, config.djen_proxy_url, tribunal, d)\n              ^^^^^^^^^^^^^^^^^^^^^^^^^^^^^^^^^^^^^^^^^^^^^^^^^^^^^^^^^^^^^^^^^\n  File "/home/franklin/workspace/causaganha/src/djen_backup/djen.py", line 77, in get_caderno_url\n    resp.raise_for_status()\n  File "/home/franklin/workspace/causaganha/.venv/lib/python3.12/site-packages/httpx/_models.py", line 829, in raise_for_status\n    raise HTTPStatusError(message, request=request, response=self)\nhttpx.HTTPStatusError: Client error \'403 Forbidden\' for url \'https://comunicaapi.pje.jus.br/api/v1/caderno/TRE-DF/2026-04-08/D\'\nFor more information check: https://developer.mozilla.org/en-US/docs/Web/HTTP/Status/403'}
Traceback (most recent call last):
  File "/home/franklin/workspace/causaganha/src/djen_backup/backfill.py", line 557, in backfill_process_date
    zip_url = await get_caderno_url(client, config.djen_proxy_url, tribunal, d)
              ^^^^^^^^^^^^^^^^^^^^^^^^^^^^^^^^^^^^^^^^^^^^^^^^^^^^^^^^^^^^^^^^^
  File "/home/franklin/workspace/causaganha/src/djen_backup/djen.py", line 77, in get_caderno_url
    resp.raise_for_status()
  File "/home/franklin/workspace/causaganha/.venv/lib/python3.12/site-packages/httpx/_models.py", line 829, in raise_for_status
    raise HTTPStatusError(message, request=request, response=self)
httpx.HTTPStatusError: Client error '403 Forbidden' for url 'https://comunicaapi.pje.jus.br/api/v1/caderno/TRE-DF/2026-04-08/D'
For more information check: https://developer.mozilla.org/en-US/docs/Web/HTTP/Status/403
2026-04-08 22:42:48,551 WARNING  djen_backup.backfill  {'tribunal': 'TRE-DF', 'date': '2026-04-08', 'event': 'backfill_item_error', 'level': 'warning', 'timestamp': '2026-04-09T02:42:48.551107Z'}
2026-04-08 22:42:48,599 INFO     httpx  HTTP Request: GET https://comunicaapi.pje.jus.br/api/v1/caderno/TRE-DF/2026-04-07/D "HTTP/1.1 403 Forbidden"
2026-04-08 22:42:48,601 ERROR    djen_backup.backfill  {'tribunal': 'TRE-DF', 'date': '2026-04-07', 'event': 'backfill_download_error', 'level': 'error', 'timestamp': '2026-04-09T02:42:48.601038Z', 'exception': 'Traceback (most recent call last):\n  File "/home/franklin/workspace/causaganha/src/djen_backup/backfill.py", line 557, in backfill_process_date\n    zip_url = await get_caderno_url(client, config.djen_proxy_url, tribunal, d)\n              ^^^^^^^^^^^^^^^^^^^^^^^^^^^^^^^^^^^^^^^^^^^^^^^^^^^^^^^^^^^^^^^^^\n  File "/home/franklin/workspace/causaganha/src/djen_backup/djen.py", line 77, in get_caderno_url\n    resp.raise_for_status()\n  File "/home/franklin/workspace/causaganha/.venv/lib/python3.12/site-packages/httpx/_models.py", line 829, in raise_for_status\n    raise HTTPStatusError(message, request=request, response=self)\nhttpx.HTTPStatusError: Client error \'403 Forbidden\' for url \'https://comunicaapi.pje.jus.br/api/v1/caderno/TRE-DF/2026-04-07/D\'\nFor more information check: https://developer.mozilla.org/en-US/docs/Web/HTTP/Status/403'}
Traceback (most recent call last):
  File "/home/franklin/workspace/causaganha/src/djen_backup/backfill.py", line 557, in backfill_process_date
    zip_url = await get_caderno_url(client, config.djen_proxy_url, tribunal, d)
              ^^^^^^^^^^^^^^^^^^^^^^^^^^^^^^^^^^^^^^^^^^^^^^^^^^^^^^^^^^^^^^^^^
  File "/home/franklin/workspace/causaganha/src/djen_backup/djen.py", line 77, in get_caderno_url
    resp.raise_for_status()
  File "/home/franklin/workspace/causaganha/.venv/lib/python3.12/site-packages/httpx/_models.py", line 829, in raise_for_status
    raise HTTPStatusError(message, request=request, response=self)
httpx.HTTPStatusError: Client error '403 Forbidden' for url 'https://comunicaapi.pje.jus.br/api/v1/caderno/TRE-DF/2026-04-07/D'
For more information check: https://developer.mozilla.org/en-US/docs/Web/HTTP/Status/403
2026-04-08 22:42:48,677 WARNING  djen_backup.backfill  {'tribunal': 'TRE-DF', 'date': '2026-04-07', 'event': 'backfill_item_error', 'level': 'warning', 'timestamp': '2026-04-09T02:42:48.677320Z'}
2026-04-08 22:42:48,726 INFO     httpx  HTTP Request: GET https://comunicaapi.pje.jus.br/api/v1/caderno/TRE-DF/2026-04-06/D "HTTP/1.1 403 Forbidden"
2026-04-08 22:42:48,727 ERROR    djen_backup.backfill  {'tribunal': 'TRE-DF', 'date': '2026-04-06', 'event': 'backfill_download_error', 'level': 'error', 'timestamp': '2026-04-09T02:42:48.727409Z', 'exception': 'Traceback (most recent call last):\n  File "/home/franklin/workspace/causaganha/src/djen_backup/backfill.py", line 557, in backfill_process_date\n    zip_url = await get_caderno_url(client, config.djen_proxy_url, tribunal, d)\n              ^^^^^^^^^^^^^^^^^^^^^^^^^^^^^^^^^^^^^^^^^^^^^^^^^^^^^^^^^^^^^^^^^\n  File "/home/franklin/workspace/causaganha/src/djen_backup/djen.py", line 77, in get_caderno_url\n    resp.raise_for_status()\n  File "/home/franklin/workspace/causaganha/.venv/lib/python3.12/site-packages/httpx/_models.py", line 829, in raise_for_status\n    raise HTTPStatusError(message, request=request, response=self)\nhttpx.HTTPStatusError: Client error \'403 Forbidden\' for url \'https://comunicaapi.pje.jus.br/api/v1/caderno/TRE-DF/2026-04-06/D\'\nFor more information check: https://developer.mozilla.org/en-US/docs/Web/HTTP/Status/403'}
Traceback (most recent call last):
  File "/home/franklin/workspace/causaganha/src/djen_backup/backfill.py", line 557, in backfill_process_date
    zip_url = await get_caderno_url(client, config.djen_proxy_url, tribunal, d)
              ^^^^^^^^^^^^^^^^^^^^^^^^^^^^^^^^^^^^^^^^^^^^^^^^^^^^^^^^^^^^^^^^^
  File "/home/franklin/workspace/causaganha/src/djen_backup/djen.py", line 77, in get_caderno_url
    resp.raise_for_status()
  File "/home/franklin/workspace/causaganha/.venv/lib/python3.12/site-packages/httpx/_models.py", line 829, in raise_for_status
    raise HTTPStatusError(message, request=request, response=self)
httpx.HTTPStatusError: Client error '403 Forbidden' for url 'https://comunicaapi.pje.jus.br/api/v1/caderno/TRE-DF/2026-04-06/D'
For more information check: https://developer.mozilla.org/en-US/docs/Web/HTTP/Status/403
2026-04-08 22:42:48,803 WARNING  djen_backup.backfill  {'tribunal': 'TRE-DF', 'date': '2026-04-06', 'event': 'backfill_item_error', 'level': 'warning', 'timestamp': '2026-04-09T02:42:48.803270Z'}
2026-04-08 22:42:48,804 WARNING  djen_backup.backfill  {'tribunal': 'TRE-DF', 'year': 2026, 'reason': '3 consecutive errors', 'event': 'backfill_tribunal_skipped', 'level': 'warning', 'timestamp': '2026-04-09T02:42:48.804866Z'}
2026-04-08 22:42:51,359 INFO     httpx  HTTP Request: GET https://archive.org/metadata/djen-tre-es-2026/files "HTTP/1.1 200 OK"
2026-04-08 22:42:51,360 INFO     djen_backup.backfill  {'tribunal': 'TRE-ES', 'year': 2026, 'gaps': 98, 'event': 'backfill_tribunal_year', 'level': 'info', 'timestamp': '2026-04-09T02:42:51.360856Z'}
2026-04-08 22:42:51,407 INFO     httpx  HTTP Request: GET https://comunicaapi.pje.jus.br/api/v1/caderno/TRE-ES/2026-04-08/D "HTTP/1.1 403 Forbidden"
2026-04-08 22:42:51,409 ERROR    djen_backup.backfill  {'tribunal': 'TRE-ES', 'date': '2026-04-08', 'event': 'backfill_download_error', 'level': 'error', 'timestamp': '2026-04-09T02:42:51.409420Z', 'exception': 'Traceback (most recent call last):\n  File "/home/franklin/workspace/causaganha/src/djen_backup/backfill.py", line 557, in backfill_process_date\n    zip_url = await get_caderno_url(client, config.djen_proxy_url, tribunal, d)\n              ^^^^^^^^^^^^^^^^^^^^^^^^^^^^^^^^^^^^^^^^^^^^^^^^^^^^^^^^^^^^^^^^^\n  File "/home/franklin/workspace/causaganha/src/djen_backup/djen.py", line 77, in get_caderno_url\n    resp.raise_for_status()\n  File "/home/franklin/workspace/causaganha/.venv/lib/python3.12/site-packages/httpx/_models.py", line 829, in raise_for_status\n    raise HTTPStatusError(message, request=request, response=self)\nhttpx.HTTPStatusError: Client error \'403 Forbidden\' for url \'https://comunicaapi.pje.jus.br/api/v1/caderno/TRE-ES/2026-04-08/D\'\nFor more information check: https://developer.mozilla.org/en-US/docs/Web/HTTP/Status/403'}
Traceback (most recent call last):
  File "/home/franklin/workspace/causaganha/src/djen_backup/backfill.py", line 557, in backfill_process_date
    zip_url = await get_caderno_url(client, config.djen_proxy_url, tribunal, d)
              ^^^^^^^^^^^^^^^^^^^^^^^^^^^^^^^^^^^^^^^^^^^^^^^^^^^^^^^^^^^^^^^^^
  File "/home/franklin/workspace/causaganha/src/djen_backup/djen.py", line 77, in get_caderno_url
    resp.raise_for_status()
  File "/home/franklin/workspace/causaganha/.venv/lib/python3.12/site-packages/httpx/_models.py", line 829, in raise_for_status
    raise HTTPStatusError(message, request=request, response=self)
httpx.HTTPStatusError: Client error '403 Forbidden' for url 'https://comunicaapi.pje.jus.br/api/v1/caderno/TRE-ES/2026-04-08/D'
For more information check: https://developer.mozilla.org/en-US/docs/Web/HTTP/Status/403
2026-04-08 22:42:51,638 WARNING  djen_backup.backfill  {'tribunal': 'TRE-ES', 'date': '2026-04-08', 'event': 'backfill_item_error', 'level': 'warning', 'timestamp': '2026-04-09T02:42:51.638535Z'}
2026-04-08 22:42:51,687 INFO     httpx  HTTP Request: GET https://comunicaapi.pje.jus.br/api/v1/caderno/TRE-ES/2026-04-07/D "HTTP/1.1 403 Forbidden"
2026-04-08 22:42:51,689 ERROR    djen_backup.backfill  {'tribunal': 'TRE-ES', 'date': '2026-04-07', 'event': 'backfill_download_error', 'level': 'error', 'timestamp': '2026-04-09T02:42:51.689236Z', 'exception': 'Traceback (most recent call last):\n  File "/home/franklin/workspace/causaganha/src/djen_backup/backfill.py", line 557, in backfill_process_date\n    zip_url = await get_caderno_url(client, config.djen_proxy_url, tribunal, d)\n              ^^^^^^^^^^^^^^^^^^^^^^^^^^^^^^^^^^^^^^^^^^^^^^^^^^^^^^^^^^^^^^^^^\n  File "/home/franklin/workspace/causaganha/src/djen_backup/djen.py", line 77, in get_caderno_url\n    resp.raise_for_status()\n  File "/home/franklin/workspace/causaganha/.venv/lib/python3.12/site-packages/httpx/_models.py", line 829, in raise_for_status\n    raise HTTPStatusError(message, request=request, response=self)\nhttpx.HTTPStatusError: Client error \'403 Forbidden\' for url \'https://comunicaapi.pje.jus.br/api/v1/caderno/TRE-ES/2026-04-07/D\'\nFor more information check: https://developer.mozilla.org/en-US/docs/Web/HTTP/Status/403'}
Traceback (most recent call last):
  File "/home/franklin/workspace/causaganha/src/djen_backup/backfill.py", line 557, in backfill_process_date
    zip_url = await get_caderno_url(client, config.djen_proxy_url, tribunal, d)
              ^^^^^^^^^^^^^^^^^^^^^^^^^^^^^^^^^^^^^^^^^^^^^^^^^^^^^^^^^^^^^^^^^
  File "/home/franklin/workspace/causaganha/src/djen_backup/djen.py", line 77, in get_caderno_url
    resp.raise_for_status()
  File "/home/franklin/workspace/causaganha/.venv/lib/python3.12/site-packages/httpx/_models.py", line 829, in raise_for_status
    raise HTTPStatusError(message, request=request, response=self)
httpx.HTTPStatusError: Client error '403 Forbidden' for url 'https://comunicaapi.pje.jus.br/api/v1/caderno/TRE-ES/2026-04-07/D'
For more information check: https://developer.mozilla.org/en-US/docs/Web/HTTP/Status/403
2026-04-08 22:42:51,774 WARNING  djen_backup.backfill  {'tribunal': 'TRE-ES', 'date': '2026-04-07', 'event': 'backfill_item_error', 'level': 'warning', 'timestamp': '2026-04-09T02:42:51.774685Z'}
2026-04-08 22:42:51,822 INFO     httpx  HTTP Request: GET https://comunicaapi.pje.jus.br/api/v1/caderno/TRE-ES/2026-04-06/D "HTTP/1.1 403 Forbidden"
2026-04-08 22:42:51,824 ERROR    djen_backup.backfill  {'tribunal': 'TRE-ES', 'date': '2026-04-06', 'event': 'backfill_download_error', 'level': 'error', 'timestamp': '2026-04-09T02:42:51.824422Z', 'exception': 'Traceback (most recent call last):\n  File "/home/franklin/workspace/causaganha/src/djen_backup/backfill.py", line 557, in backfill_process_date\n    zip_url = await get_caderno_url(client, config.djen_proxy_url, tribunal, d)\n              ^^^^^^^^^^^^^^^^^^^^^^^^^^^^^^^^^^^^^^^^^^^^^^^^^^^^^^^^^^^^^^^^^\n  File "/home/franklin/workspace/causaganha/src/djen_backup/djen.py", line 77, in get_caderno_url\n    resp.raise_for_status()\n  File "/home/franklin/workspace/causaganha/.venv/lib/python3.12/site-packages/httpx/_models.py", line 829, in raise_for_status\n    raise HTTPStatusError(message, request=request, response=self)\nhttpx.HTTPStatusError: Client error \'403 Forbidden\' for url \'https://comunicaapi.pje.jus.br/api/v1/caderno/TRE-ES/2026-04-06/D\'\nFor more information check: https://developer.mozilla.org/en-US/docs/Web/HTTP/Status/403'}
Traceback (most recent call last):
  File "/home/franklin/workspace/causaganha/src/djen_backup/backfill.py", line 557, in backfill_process_date
    zip_url = await get_caderno_url(client, config.djen_proxy_url, tribunal, d)
              ^^^^^^^^^^^^^^^^^^^^^^^^^^^^^^^^^^^^^^^^^^^^^^^^^^^^^^^^^^^^^^^^^
  File "/home/franklin/workspace/causaganha/src/djen_backup/djen.py", line 77, in get_caderno_url
    resp.raise_for_status()
  File "/home/franklin/workspace/causaganha/.venv/lib/python3.12/site-packages/httpx/_models.py", line 829, in raise_for_status
    raise HTTPStatusError(message, request=request, response=self)
httpx.HTTPStatusError: Client error '403 Forbidden' for url 'https://comunicaapi.pje.jus.br/api/v1/caderno/TRE-ES/2026-04-06/D'
For more information check: https://developer.mozilla.org/en-US/docs/Web/HTTP/Status/403
2026-04-08 22:42:51,908 WARNING  djen_backup.backfill  {'tribunal': 'TRE-ES', 'date': '2026-04-06', 'event': 'backfill_item_error', 'level': 'warning', 'timestamp': '2026-04-09T02:42:51.908456Z'}
2026-04-08 22:42:51,910 WARNING  djen_backup.backfill  {'tribunal': 'TRE-ES', 'year': 2026, 'reason': '3 consecutive errors', 'event': 'backfill_tribunal_skipped', 'level': 'warning', 'timestamp': '2026-04-09T02:42:51.910171Z'}
2026-04-08 22:42:54,503 INFO     httpx  HTTP Request: GET https://archive.org/metadata/djen-tre-go-2026/files "HTTP/1.1 200 OK"
2026-04-08 22:42:54,505 INFO     djen_backup.backfill  {'tribunal': 'TRE-GO', 'year': 2026, 'gaps': 98, 'event': 'backfill_tribunal_year', 'level': 'info', 'timestamp': '2026-04-09T02:42:54.505843Z'}
2026-04-08 22:42:54,555 INFO     httpx  HTTP Request: GET https://comunicaapi.pje.jus.br/api/v1/caderno/TRE-GO/2026-04-08/D "HTTP/1.1 403 Forbidden"
2026-04-08 22:42:54,557 ERROR    djen_backup.backfill  {'tribunal': 'TRE-GO', 'date': '2026-04-08', 'event': 'backfill_download_error', 'level': 'error', 'timestamp': '2026-04-09T02:42:54.556832Z', 'exception': 'Traceback (most recent call last):\n  File "/home/franklin/workspace/causaganha/src/djen_backup/backfill.py", line 557, in backfill_process_date\n    zip_url = await get_caderno_url(client, config.djen_proxy_url, tribunal, d)\n              ^^^^^^^^^^^^^^^^^^^^^^^^^^^^^^^^^^^^^^^^^^^^^^^^^^^^^^^^^^^^^^^^^\n  File "/home/franklin/workspace/causaganha/src/djen_backup/djen.py", line 77, in get_caderno_url\n    resp.raise_for_status()\n  File "/home/franklin/workspace/causaganha/.venv/lib/python3.12/site-packages/httpx/_models.py", line 829, in raise_for_status\n    raise HTTPStatusError(message, request=request, response=self)\nhttpx.HTTPStatusError: Client error \'403 Forbidden\' for url \'https://comunicaapi.pje.jus.br/api/v1/caderno/TRE-GO/2026-04-08/D\'\nFor more information check: https://developer.mozilla.org/en-US/docs/Web/HTTP/Status/403'}
Traceback (most recent call last):
  File "/home/franklin/workspace/causaganha/src/djen_backup/backfill.py", line 557, in backfill_process_date
    zip_url = await get_caderno_url(client, config.djen_proxy_url, tribunal, d)
              ^^^^^^^^^^^^^^^^^^^^^^^^^^^^^^^^^^^^^^^^^^^^^^^^^^^^^^^^^^^^^^^^^
  File "/home/franklin/workspace/causaganha/src/djen_backup/djen.py", line 77, in get_caderno_url
    resp.raise_for_status()
  File "/home/franklin/workspace/causaganha/.venv/lib/python3.12/site-packages/httpx/_models.py", line 829, in raise_for_status
    raise HTTPStatusError(message, request=request, response=self)
httpx.HTTPStatusError: Client error '403 Forbidden' for url 'https://comunicaapi.pje.jus.br/api/v1/caderno/TRE-GO/2026-04-08/D'
For more information check: https://developer.mozilla.org/en-US/docs/Web/HTTP/Status/403
2026-04-08 22:42:54,632 WARNING  djen_backup.backfill  {'tribunal': 'TRE-GO', 'date': '2026-04-08', 'event': 'backfill_item_error', 'level': 'warning', 'timestamp': '2026-04-09T02:42:54.632286Z'}
2026-04-08 22:42:54,680 INFO     httpx  HTTP Request: GET https://comunicaapi.pje.jus.br/api/v1/caderno/TRE-GO/2026-04-07/D "HTTP/1.1 403 Forbidden"
2026-04-08 22:42:54,681 ERROR    djen_backup.backfill  {'tribunal': 'TRE-GO', 'date': '2026-04-07', 'event': 'backfill_download_error', 'level': 'error', 'timestamp': '2026-04-09T02:42:54.681166Z', 'exception': 'Traceback (most recent call last):\n  File "/home/franklin/workspace/causaganha/src/djen_backup/backfill.py", line 557, in backfill_process_date\n    zip_url = await get_caderno_url(client, config.djen_proxy_url, tribunal, d)\n              ^^^^^^^^^^^^^^^^^^^^^^^^^^^^^^^^^^^^^^^^^^^^^^^^^^^^^^^^^^^^^^^^^\n  File "/home/franklin/workspace/causaganha/src/djen_backup/djen.py", line 77, in get_caderno_url\n    resp.raise_for_status()\n  File "/home/franklin/workspace/causaganha/.venv/lib/python3.12/site-packages/httpx/_models.py", line 829, in raise_for_status\n    raise HTTPStatusError(message, request=request, response=self)\nhttpx.HTTPStatusError: Client error \'403 Forbidden\' for url \'https://comunicaapi.pje.jus.br/api/v1/caderno/TRE-GO/2026-04-07/D\'\nFor more information check: https://developer.mozilla.org/en-US/docs/Web/HTTP/Status/403'}
Traceback (most recent call last):
  File "/home/franklin/workspace/causaganha/src/djen_backup/backfill.py", line 557, in backfill_process_date
    zip_url = await get_caderno_url(client, config.djen_proxy_url, tribunal, d)
              ^^^^^^^^^^^^^^^^^^^^^^^^^^^^^^^^^^^^^^^^^^^^^^^^^^^^^^^^^^^^^^^^^
  File "/home/franklin/workspace/causaganha/src/djen_backup/djen.py", line 77, in get_caderno_url
    resp.raise_for_status()
  File "/home/franklin/workspace/causaganha/.venv/lib/python3.12/site-packages/httpx/_models.py", line 829, in raise_for_status
    raise HTTPStatusError(message, request=request, response=self)
httpx.HTTPStatusError: Client error '403 Forbidden' for url 'https://comunicaapi.pje.jus.br/api/v1/caderno/TRE-GO/2026-04-07/D'
For more information check: https://developer.mozilla.org/en-US/docs/Web/HTTP/Status/403
2026-04-08 22:42:54,756 WARNING  djen_backup.backfill  {'tribunal': 'TRE-GO', 'date': '2026-04-07', 'event': 'backfill_item_error', 'level': 'warning', 'timestamp': '2026-04-09T02:42:54.756046Z'}
2026-04-08 22:42:54,806 INFO     httpx  HTTP Request: GET https://comunicaapi.pje.jus.br/api/v1/caderno/TRE-GO/2026-04-06/D "HTTP/1.1 403 Forbidden"
2026-04-08 22:42:54,808 ERROR    djen_backup.backfill  {'tribunal': 'TRE-GO', 'date': '2026-04-06', 'event': 'backfill_download_error', 'level': 'error', 'timestamp': '2026-04-09T02:42:54.808250Z', 'exception': 'Traceback (most recent call last):\n  File "/home/franklin/workspace/causaganha/src/djen_backup/backfill.py", line 557, in backfill_process_date\n    zip_url = await get_caderno_url(client, config.djen_proxy_url, tribunal, d)\n              ^^^^^^^^^^^^^^^^^^^^^^^^^^^^^^^^^^^^^^^^^^^^^^^^^^^^^^^^^^^^^^^^^\n  File "/home/franklin/workspace/causaganha/src/djen_backup/djen.py", line 77, in get_caderno_url\n    resp.raise_for_status()\n  File "/home/franklin/workspace/causaganha/.venv/lib/python3.12/site-packages/httpx/_models.py", line 829, in raise_for_status\n    raise HTTPStatusError(message, request=request, response=self)\nhttpx.HTTPStatusError: Client error \'403 Forbidden\' for url \'https://comunicaapi.pje.jus.br/api/v1/caderno/TRE-GO/2026-04-06/D\'\nFor more information check: https://developer.mozilla.org/en-US/docs/Web/HTTP/Status/403'}
Traceback (most recent call last):
  File "/home/franklin/workspace/causaganha/src/djen_backup/backfill.py", line 557, in backfill_process_date
    zip_url = await get_caderno_url(client, config.djen_proxy_url, tribunal, d)
              ^^^^^^^^^^^^^^^^^^^^^^^^^^^^^^^^^^^^^^^^^^^^^^^^^^^^^^^^^^^^^^^^^
  File "/home/franklin/workspace/causaganha/src/djen_backup/djen.py", line 77, in get_caderno_url
    resp.raise_for_status()
  File "/home/franklin/workspace/causaganha/.venv/lib/python3.12/site-packages/httpx/_models.py", line 829, in raise_for_status
    raise HTTPStatusError(message, request=request, response=self)
httpx.HTTPStatusError: Client error '403 Forbidden' for url 'https://comunicaapi.pje.jus.br/api/v1/caderno/TRE-GO/2026-04-06/D'
For more information check: https://developer.mozilla.org/en-US/docs/Web/HTTP/Status/403
2026-04-08 22:42:54,881 WARNING  djen_backup.backfill  {'tribunal': 'TRE-GO', 'date': '2026-04-06', 'event': 'backfill_item_error', 'level': 'warning', 'timestamp': '2026-04-09T02:42:54.881749Z'}
2026-04-08 22:42:54,882 WARNING  djen_backup.backfill  {'tribunal': 'TRE-GO', 'year': 2026, 'reason': '3 consecutive errors', 'event': 'backfill_tribunal_skipped', 'level': 'warning', 'timestamp': '2026-04-09T02:42:54.882648Z'}
2026-04-08 22:42:57,442 INFO     httpx  HTTP Request: GET https://archive.org/metadata/djen-tre-ma-2026/files "HTTP/1.1 200 OK"
2026-04-08 22:42:57,444 INFO     djen_backup.backfill  {'tribunal': 'TRE-MA', 'year': 2026, 'gaps': 98, 'event': 'backfill_tribunal_year', 'level': 'info', 'timestamp': '2026-04-09T02:42:57.444082Z'}
2026-04-08 22:42:57,493 INFO     httpx  HTTP Request: GET https://comunicaapi.pje.jus.br/api/v1/caderno/TRE-MA/2026-04-08/D "HTTP/1.1 403 Forbidden"
2026-04-08 22:42:57,495 ERROR    djen_backup.backfill  {'tribunal': 'TRE-MA', 'date': '2026-04-08', 'event': 'backfill_download_error', 'level': 'error', 'timestamp': '2026-04-09T02:42:57.494921Z', 'exception': 'Traceback (most recent call last):\n  File "/home/franklin/workspace/causaganha/src/djen_backup/backfill.py", line 557, in backfill_process_date\n    zip_url = await get_caderno_url(client, config.djen_proxy_url, tribunal, d)\n              ^^^^^^^^^^^^^^^^^^^^^^^^^^^^^^^^^^^^^^^^^^^^^^^^^^^^^^^^^^^^^^^^^\n  File "/home/franklin/workspace/causaganha/src/djen_backup/djen.py", line 77, in get_caderno_url\n    resp.raise_for_status()\n  File "/home/franklin/workspace/causaganha/.venv/lib/python3.12/site-packages/httpx/_models.py", line 829, in raise_for_status\n    raise HTTPStatusError(message, request=request, response=self)\nhttpx.HTTPStatusError: Client error \'403 Forbidden\' for url \'https://comunicaapi.pje.jus.br/api/v1/caderno/TRE-MA/2026-04-08/D\'\nFor more information check: https://developer.mozilla.org/en-US/docs/Web/HTTP/Status/403'}
Traceback (most recent call last):
  File "/home/franklin/workspace/causaganha/src/djen_backup/backfill.py", line 557, in backfill_process_date
    zip_url = await get_caderno_url(client, config.djen_proxy_url, tribunal, d)
              ^^^^^^^^^^^^^^^^^^^^^^^^^^^^^^^^^^^^^^^^^^^^^^^^^^^^^^^^^^^^^^^^^
  File "/home/franklin/workspace/causaganha/src/djen_backup/djen.py", line 77, in get_caderno_url
    resp.raise_for_status()
  File "/home/franklin/workspace/causaganha/.venv/lib/python3.12/site-packages/httpx/_models.py", line 829, in raise_for_status
    raise HTTPStatusError(message, request=request, response=self)
httpx.HTTPStatusError: Client error '403 Forbidden' for url 'https://comunicaapi.pje.jus.br/api/v1/caderno/TRE-MA/2026-04-08/D'
For more information check: https://developer.mozilla.org/en-US/docs/Web/HTTP/Status/403
2026-04-08 22:42:57,569 WARNING  djen_backup.backfill  {'tribunal': 'TRE-MA', 'date': '2026-04-08', 'event': 'backfill_item_error', 'level': 'warning', 'timestamp': '2026-04-09T02:42:57.569472Z'}
2026-04-08 22:42:57,616 INFO     httpx  HTTP Request: GET https://comunicaapi.pje.jus.br/api/v1/caderno/TRE-MA/2026-04-07/D "HTTP/1.1 403 Forbidden"
2026-04-08 22:42:57,618 ERROR    djen_backup.backfill  {'tribunal': 'TRE-MA', 'date': '2026-04-07', 'event': 'backfill_download_error', 'level': 'error', 'timestamp': '2026-04-09T02:42:57.618032Z', 'exception': 'Traceback (most recent call last):\n  File "/home/franklin/workspace/causaganha/src/djen_backup/backfill.py", line 557, in backfill_process_date\n    zip_url = await get_caderno_url(client, config.djen_proxy_url, tribunal, d)\n              ^^^^^^^^^^^^^^^^^^^^^^^^^^^^^^^^^^^^^^^^^^^^^^^^^^^^^^^^^^^^^^^^^\n  File "/home/franklin/workspace/causaganha/src/djen_backup/djen.py", line 77, in get_caderno_url\n    resp.raise_for_status()\n  File "/home/franklin/workspace/causaganha/.venv/lib/python3.12/site-packages/httpx/_models.py", line 829, in raise_for_status\n    raise HTTPStatusError(message, request=request, response=self)\nhttpx.HTTPStatusError: Client error \'403 Forbidden\' for url \'https://comunicaapi.pje.jus.br/api/v1/caderno/TRE-MA/2026-04-07/D\'\nFor more information check: https://developer.mozilla.org/en-US/docs/Web/HTTP/Status/403'}
Traceback (most recent call last):
  File "/home/franklin/workspace/causaganha/src/djen_backup/backfill.py", line 557, in backfill_process_date
    zip_url = await get_caderno_url(client, config.djen_proxy_url, tribunal, d)
              ^^^^^^^^^^^^^^^^^^^^^^^^^^^^^^^^^^^^^^^^^^^^^^^^^^^^^^^^^^^^^^^^^
  File "/home/franklin/workspace/causaganha/src/djen_backup/djen.py", line 77, in get_caderno_url
    resp.raise_for_status()
  File "/home/franklin/workspace/causaganha/.venv/lib/python3.12/site-packages/httpx/_models.py", line 829, in raise_for_status
    raise HTTPStatusError(message, request=request, response=self)
httpx.HTTPStatusError: Client error '403 Forbidden' for url 'https://comunicaapi.pje.jus.br/api/v1/caderno/TRE-MA/2026-04-07/D'
For more information check: https://developer.mozilla.org/en-US/docs/Web/HTTP/Status/403
2026-04-08 22:42:57,696 WARNING  djen_backup.backfill  {'tribunal': 'TRE-MA', 'date': '2026-04-07', 'event': 'backfill_item_error', 'level': 'warning', 'timestamp': '2026-04-09T02:42:57.696309Z'}
2026-04-08 22:42:57,744 INFO     httpx  HTTP Request: GET https://comunicaapi.pje.jus.br/api/v1/caderno/TRE-MA/2026-04-06/D "HTTP/1.1 403 Forbidden"
2026-04-08 22:42:57,746 ERROR    djen_backup.backfill  {'tribunal': 'TRE-MA', 'date': '2026-04-06', 'event': 'backfill_download_error', 'level': 'error', 'timestamp': '2026-04-09T02:42:57.745705Z', 'exception': 'Traceback (most recent call last):\n  File "/home/franklin/workspace/causaganha/src/djen_backup/backfill.py", line 557, in backfill_process_date\n    zip_url = await get_caderno_url(client, config.djen_proxy_url, tribunal, d)\n              ^^^^^^^^^^^^^^^^^^^^^^^^^^^^^^^^^^^^^^^^^^^^^^^^^^^^^^^^^^^^^^^^^\n  File "/home/franklin/workspace/causaganha/src/djen_backup/djen.py", line 77, in get_caderno_url\n    resp.raise_for_status()\n  File "/home/franklin/workspace/causaganha/.venv/lib/python3.12/site-packages/httpx/_models.py", line 829, in raise_for_status\n    raise HTTPStatusError(message, request=request, response=self)\nhttpx.HTTPStatusError: Client error \'403 Forbidden\' for url \'https://comunicaapi.pje.jus.br/api/v1/caderno/TRE-MA/2026-04-06/D\'\nFor more information check: https://developer.mozilla.org/en-US/docs/Web/HTTP/Status/403'}
Traceback (most recent call last):
  File "/home/franklin/workspace/causaganha/src/djen_backup/backfill.py", line 557, in backfill_process_date
    zip_url = await get_caderno_url(client, config.djen_proxy_url, tribunal, d)
              ^^^^^^^^^^^^^^^^^^^^^^^^^^^^^^^^^^^^^^^^^^^^^^^^^^^^^^^^^^^^^^^^^
  File "/home/franklin/workspace/causaganha/src/djen_backup/djen.py", line 77, in get_caderno_url
    resp.raise_for_status()
  File "/home/franklin/workspace/causaganha/.venv/lib/python3.12/site-packages/httpx/_models.py", line 829, in raise_for_status
    raise HTTPStatusError(message, request=request, response=self)
httpx.HTTPStatusError: Client error '403 Forbidden' for url 'https://comunicaapi.pje.jus.br/api/v1/caderno/TRE-MA/2026-04-06/D'
For more information check: https://developer.mozilla.org/en-US/docs/Web/HTTP/Status/403
2026-04-08 22:42:57,820 WARNING  djen_backup.backfill  {'tribunal': 'TRE-MA', 'date': '2026-04-06', 'event': 'backfill_item_error', 'level': 'warning', 'timestamp': '2026-04-09T02:42:57.820080Z'}
2026-04-08 22:42:57,821 WARNING  djen_backup.backfill  {'tribunal': 'TRE-MA', 'year': 2026, 'reason': '3 consecutive errors', 'event': 'backfill_tribunal_skipped', 'level': 'warning', 'timestamp': '2026-04-09T02:42:57.821672Z'}
2026-04-08 22:43:00,394 INFO     httpx  HTTP Request: GET https://archive.org/metadata/djen-tre-mg-2026/files "HTTP/1.1 200 OK"
2026-04-08 22:43:00,396 INFO     djen_backup.backfill  {'tribunal': 'TRE-MG', 'year': 2026, 'gaps': 98, 'event': 'backfill_tribunal_year', 'level': 'info', 'timestamp': '2026-04-09T02:43:00.396476Z'}
2026-04-08 22:43:00,445 INFO     httpx  HTTP Request: GET https://comunicaapi.pje.jus.br/api/v1/caderno/TRE-MG/2026-04-08/D "HTTP/1.1 403 Forbidden"
2026-04-08 22:43:00,447 ERROR    djen_backup.backfill  {'tribunal': 'TRE-MG', 'date': '2026-04-08', 'event': 'backfill_download_error', 'level': 'error', 'timestamp': '2026-04-09T02:43:00.446944Z', 'exception': 'Traceback (most recent call last):\n  File "/home/franklin/workspace/causaganha/src/djen_backup/backfill.py", line 557, in backfill_process_date\n    zip_url = await get_caderno_url(client, config.djen_proxy_url, tribunal, d)\n              ^^^^^^^^^^^^^^^^^^^^^^^^^^^^^^^^^^^^^^^^^^^^^^^^^^^^^^^^^^^^^^^^^\n  File "/home/franklin/workspace/causaganha/src/djen_backup/djen.py", line 77, in get_caderno_url\n    resp.raise_for_status()\n  File "/home/franklin/workspace/causaganha/.venv/lib/python3.12/site-packages/httpx/_models.py", line 829, in raise_for_status\n    raise HTTPStatusError(message, request=request, response=self)\nhttpx.HTTPStatusError: Client error \'403 Forbidden\' for url \'https://comunicaapi.pje.jus.br/api/v1/caderno/TRE-MG/2026-04-08/D\'\nFor more information check: https://developer.mozilla.org/en-US/docs/Web/HTTP/Status/403'}
Traceback (most recent call last):
  File "/home/franklin/workspace/causaganha/src/djen_backup/backfill.py", line 557, in backfill_process_date
    zip_url = await get_caderno_url(client, config.djen_proxy_url, tribunal, d)
              ^^^^^^^^^^^^^^^^^^^^^^^^^^^^^^^^^^^^^^^^^^^^^^^^^^^^^^^^^^^^^^^^^
  File "/home/franklin/workspace/causaganha/src/djen_backup/djen.py", line 77, in get_caderno_url
    resp.raise_for_status()
  File "/home/franklin/workspace/causaganha/.venv/lib/python3.12/site-packages/httpx/_models.py", line 829, in raise_for_status
    raise HTTPStatusError(message, request=request, response=self)
httpx.HTTPStatusError: Client error '403 Forbidden' for url 'https://comunicaapi.pje.jus.br/api/v1/caderno/TRE-MG/2026-04-08/D'
For more information check: https://developer.mozilla.org/en-US/docs/Web/HTTP/Status/403
2026-04-08 22:43:00,522 WARNING  djen_backup.backfill  {'tribunal': 'TRE-MG', 'date': '2026-04-08', 'event': 'backfill_item_error', 'level': 'warning', 'timestamp': '2026-04-09T02:43:00.522354Z'}
2026-04-08 22:43:00,571 INFO     httpx  HTTP Request: GET https://comunicaapi.pje.jus.br/api/v1/caderno/TRE-MG/2026-04-07/D "HTTP/1.1 403 Forbidden"
2026-04-08 22:43:00,573 ERROR    djen_backup.backfill  {'tribunal': 'TRE-MG', 'date': '2026-04-07', 'event': 'backfill_download_error', 'level': 'error', 'timestamp': '2026-04-09T02:43:00.573018Z', 'exception': 'Traceback (most recent call last):\n  File "/home/franklin/workspace/causaganha/src/djen_backup/backfill.py", line 557, in backfill_process_date\n    zip_url = await get_caderno_url(client, config.djen_proxy_url, tribunal, d)\n              ^^^^^^^^^^^^^^^^^^^^^^^^^^^^^^^^^^^^^^^^^^^^^^^^^^^^^^^^^^^^^^^^^\n  File "/home/franklin/workspace/causaganha/src/djen_backup/djen.py", line 77, in get_caderno_url\n    resp.raise_for_status()\n  File "/home/franklin/workspace/causaganha/.venv/lib/python3.12/site-packages/httpx/_models.py", line 829, in raise_for_status\n    raise HTTPStatusError(message, request=request, response=self)\nhttpx.HTTPStatusError: Client error \'403 Forbidden\' for url \'https://comunicaapi.pje.jus.br/api/v1/caderno/TRE-MG/2026-04-07/D\'\nFor more information check: https://developer.mozilla.org/en-US/docs/Web/HTTP/Status/403'}
Traceback (most recent call last):
  File "/home/franklin/workspace/causaganha/src/djen_backup/backfill.py", line 557, in backfill_process_date
    zip_url = await get_caderno_url(client, config.djen_proxy_url, tribunal, d)
              ^^^^^^^^^^^^^^^^^^^^^^^^^^^^^^^^^^^^^^^^^^^^^^^^^^^^^^^^^^^^^^^^^
  File "/home/franklin/workspace/causaganha/src/djen_backup/djen.py", line 77, in get_caderno_url
    resp.raise_for_status()
  File "/home/franklin/workspace/causaganha/.venv/lib/python3.12/site-packages/httpx/_models.py", line 829, in raise_for_status
    raise HTTPStatusError(message, request=request, response=self)
httpx.HTTPStatusError: Client error '403 Forbidden' for url 'https://comunicaapi.pje.jus.br/api/v1/caderno/TRE-MG/2026-04-07/D'
For more information check: https://developer.mozilla.org/en-US/docs/Web/HTTP/Status/403
2026-04-08 22:43:00,647 WARNING  djen_backup.backfill  {'tribunal': 'TRE-MG', 'date': '2026-04-07', 'event': 'backfill_item_error', 'level': 'warning', 'timestamp': '2026-04-09T02:43:00.647959Z'}
2026-04-08 22:43:00,697 INFO     httpx  HTTP Request: GET https://comunicaapi.pje.jus.br/api/v1/caderno/TRE-MG/2026-04-06/D "HTTP/1.1 403 Forbidden"
2026-04-08 22:43:00,698 ERROR    djen_backup.backfill  {'tribunal': 'TRE-MG', 'date': '2026-04-06', 'event': 'backfill_download_error', 'level': 'error', 'timestamp': '2026-04-09T02:43:00.698706Z', 'exception': 'Traceback (most recent call last):\n  File "/home/franklin/workspace/causaganha/src/djen_backup/backfill.py", line 557, in backfill_process_date\n    zip_url = await get_caderno_url(client, config.djen_proxy_url, tribunal, d)\n              ^^^^^^^^^^^^^^^^^^^^^^^^^^^^^^^^^^^^^^^^^^^^^^^^^^^^^^^^^^^^^^^^^\n  File "/home/franklin/workspace/causaganha/src/djen_backup/djen.py", line 77, in get_caderno_url\n    resp.raise_for_status()\n  File "/home/franklin/workspace/causaganha/.venv/lib/python3.12/site-packages/httpx/_models.py", line 829, in raise_for_status\n    raise HTTPStatusError(message, request=request, response=self)\nhttpx.HTTPStatusError: Client error \'403 Forbidden\' for url \'https://comunicaapi.pje.jus.br/api/v1/caderno/TRE-MG/2026-04-06/D\'\nFor more information check: https://developer.mozilla.org/en-US/docs/Web/HTTP/Status/403'}
Traceback (most recent call last):
  File "/home/franklin/workspace/causaganha/src/djen_backup/backfill.py", line 557, in backfill_process_date
    zip_url = await get_caderno_url(client, config.djen_proxy_url, tribunal, d)
              ^^^^^^^^^^^^^^^^^^^^^^^^^^^^^^^^^^^^^^^^^^^^^^^^^^^^^^^^^^^^^^^^^
  File "/home/franklin/workspace/causaganha/src/djen_backup/djen.py", line 77, in get_caderno_url
    resp.raise_for_status()
  File "/home/franklin/workspace/causaganha/.venv/lib/python3.12/site-packages/httpx/_models.py", line 829, in raise_for_status
    raise HTTPStatusError(message, request=request, response=self)
httpx.HTTPStatusError: Client error '403 Forbidden' for url 'https://comunicaapi.pje.jus.br/api/v1/caderno/TRE-MG/2026-04-06/D'
For more information check: https://developer.mozilla.org/en-US/docs/Web/HTTP/Status/403
2026-04-08 22:43:00,778 WARNING  djen_backup.backfill  {'tribunal': 'TRE-MG', 'date': '2026-04-06', 'event': 'backfill_item_error', 'level': 'warning', 'timestamp': '2026-04-09T02:43:00.778722Z'}
2026-04-08 22:43:00,779 WARNING  djen_backup.backfill  {'tribunal': 'TRE-MG', 'year': 2026, 'reason': '3 consecutive errors', 'event': 'backfill_tribunal_skipped', 'level': 'warning', 'timestamp': '2026-04-09T02:43:00.779768Z'}
2026-04-08 22:43:03,365 INFO     httpx  HTTP Request: GET https://archive.org/metadata/djen-tre-ms-2026/files "HTTP/1.1 200 OK"
2026-04-08 22:43:03,367 INFO     djen_backup.backfill  {'tribunal': 'TRE-MS', 'year': 2026, 'gaps': 98, 'event': 'backfill_tribunal_year', 'level': 'info', 'timestamp': '2026-04-09T02:43:03.367766Z'}
2026-04-08 22:43:03,415 INFO     httpx  HTTP Request: GET https://comunicaapi.pje.jus.br/api/v1/caderno/TRE-MS/2026-04-08/D "HTTP/1.1 403 Forbidden"
2026-04-08 22:43:03,417 ERROR    djen_backup.backfill  {'tribunal': 'TRE-MS', 'date': '2026-04-08', 'event': 'backfill_download_error', 'level': 'error', 'timestamp': '2026-04-09T02:43:03.417307Z', 'exception': 'Traceback (most recent call last):\n  File "/home/franklin/workspace/causaganha/src/djen_backup/backfill.py", line 557, in backfill_process_date\n    zip_url = await get_caderno_url(client, config.djen_proxy_url, tribunal, d)\n              ^^^^^^^^^^^^^^^^^^^^^^^^^^^^^^^^^^^^^^^^^^^^^^^^^^^^^^^^^^^^^^^^^\n  File "/home/franklin/workspace/causaganha/src/djen_backup/djen.py", line 77, in get_caderno_url\n    resp.raise_for_status()\n  File "/home/franklin/workspace/causaganha/.venv/lib/python3.12/site-packages/httpx/_models.py", line 829, in raise_for_status\n    raise HTTPStatusError(message, request=request, response=self)\nhttpx.HTTPStatusError: Client error \'403 Forbidden\' for url \'https://comunicaapi.pje.jus.br/api/v1/caderno/TRE-MS/2026-04-08/D\'\nFor more information check: https://developer.mozilla.org/en-US/docs/Web/HTTP/Status/403'}
Traceback (most recent call last):
  File "/home/franklin/workspace/causaganha/src/djen_backup/backfill.py", line 557, in backfill_process_date
    zip_url = await get_caderno_url(client, config.djen_proxy_url, tribunal, d)
              ^^^^^^^^^^^^^^^^^^^^^^^^^^^^^^^^^^^^^^^^^^^^^^^^^^^^^^^^^^^^^^^^^
  File "/home/franklin/workspace/causaganha/src/djen_backup/djen.py", line 77, in get_caderno_url
    resp.raise_for_status()
  File "/home/franklin/workspace/causaganha/.venv/lib/python3.12/site-packages/httpx/_models.py", line 829, in raise_for_status
    raise HTTPStatusError(message, request=request, response=self)
httpx.HTTPStatusError: Client error '403 Forbidden' for url 'https://comunicaapi.pje.jus.br/api/v1/caderno/TRE-MS/2026-04-08/D'
For more information check: https://developer.mozilla.org/en-US/docs/Web/HTTP/Status/403
2026-04-08 22:43:03,498 WARNING  djen_backup.backfill  {'tribunal': 'TRE-MS', 'date': '2026-04-08', 'event': 'backfill_item_error', 'level': 'warning', 'timestamp': '2026-04-09T02:43:03.498215Z'}
2026-04-08 22:43:03,572 INFO     httpx  HTTP Request: GET https://comunicaapi.pje.jus.br/api/v1/caderno/TRE-MS/2026-04-07/D "HTTP/1.1 403 Forbidden"
2026-04-08 22:43:03,575 ERROR    djen_backup.backfill  {'tribunal': 'TRE-MS', 'date': '2026-04-07', 'event': 'backfill_download_error', 'level': 'error', 'timestamp': '2026-04-09T02:43:03.574961Z', 'exception': 'Traceback (most recent call last):\n  File "/home/franklin/workspace/causaganha/src/djen_backup/backfill.py", line 557, in backfill_process_date\n    zip_url = await get_caderno_url(client, config.djen_proxy_url, tribunal, d)\n              ^^^^^^^^^^^^^^^^^^^^^^^^^^^^^^^^^^^^^^^^^^^^^^^^^^^^^^^^^^^^^^^^^\n  File "/home/franklin/workspace/causaganha/src/djen_backup/djen.py", line 77, in get_caderno_url\n    resp.raise_for_status()\n  File "/home/franklin/workspace/causaganha/.venv/lib/python3.12/site-packages/httpx/_models.py", line 829, in raise_for_status\n    raise HTTPStatusError(message, request=request, response=self)\nhttpx.HTTPStatusError: Client error \'403 Forbidden\' for url \'https://comunicaapi.pje.jus.br/api/v1/caderno/TRE-MS/2026-04-07/D\'\nFor more information check: https://developer.mozilla.org/en-US/docs/Web/HTTP/Status/403'}
Traceback (most recent call last):
  File "/home/franklin/workspace/causaganha/src/djen_backup/backfill.py", line 557, in backfill_process_date
    zip_url = await get_caderno_url(client, config.djen_proxy_url, tribunal, d)
              ^^^^^^^^^^^^^^^^^^^^^^^^^^^^^^^^^^^^^^^^^^^^^^^^^^^^^^^^^^^^^^^^^
  File "/home/franklin/workspace/causaganha/src/djen_backup/djen.py", line 77, in get_caderno_url
    resp.raise_for_status()
  File "/home/franklin/workspace/causaganha/.venv/lib/python3.12/site-packages/httpx/_models.py", line 829, in raise_for_status
    raise HTTPStatusError(message, request=request, response=self)
httpx.HTTPStatusError: Client error '403 Forbidden' for url 'https://comunicaapi.pje.jus.br/api/v1/caderno/TRE-MS/2026-04-07/D'
For more information check: https://developer.mozilla.org/en-US/docs/Web/HTTP/Status/403
2026-04-08 22:43:03,667 WARNING  djen_backup.backfill  {'tribunal': 'TRE-MS', 'date': '2026-04-07', 'event': 'backfill_item_error', 'level': 'warning', 'timestamp': '2026-04-09T02:43:03.667755Z'}
2026-04-08 22:43:03,715 INFO     httpx  HTTP Request: GET https://comunicaapi.pje.jus.br/api/v1/caderno/TRE-MS/2026-04-06/D "HTTP/1.1 403 Forbidden"
2026-04-08 22:43:03,717 ERROR    djen_backup.backfill  {'tribunal': 'TRE-MS', 'date': '2026-04-06', 'event': 'backfill_download_error', 'level': 'error', 'timestamp': '2026-04-09T02:43:03.717151Z', 'exception': 'Traceback (most recent call last):\n  File "/home/franklin/workspace/causaganha/src/djen_backup/backfill.py", line 557, in backfill_process_date\n    zip_url = await get_caderno_url(client, config.djen_proxy_url, tribunal, d)\n              ^^^^^^^^^^^^^^^^^^^^^^^^^^^^^^^^^^^^^^^^^^^^^^^^^^^^^^^^^^^^^^^^^\n  File "/home/franklin/workspace/causaganha/src/djen_backup/djen.py", line 77, in get_caderno_url\n    resp.raise_for_status()\n  File "/home/franklin/workspace/causaganha/.venv/lib/python3.12/site-packages/httpx/_models.py", line 829, in raise_for_status\n    raise HTTPStatusError(message, request=request, response=self)\nhttpx.HTTPStatusError: Client error \'403 Forbidden\' for url \'https://comunicaapi.pje.jus.br/api/v1/caderno/TRE-MS/2026-04-06/D\'\nFor more information check: https://developer.mozilla.org/en-US/docs/Web/HTTP/Status/403'}
Traceback (most recent call last):
  File "/home/franklin/workspace/causaganha/src/djen_backup/backfill.py", line 557, in backfill_process_date
    zip_url = await get_caderno_url(client, config.djen_proxy_url, tribunal, d)
              ^^^^^^^^^^^^^^^^^^^^^^^^^^^^^^^^^^^^^^^^^^^^^^^^^^^^^^^^^^^^^^^^^
  File "/home/franklin/workspace/causaganha/src/djen_backup/djen.py", line 77, in get_caderno_url
    resp.raise_for_status()
  File "/home/franklin/workspace/causaganha/.venv/lib/python3.12/site-packages/httpx/_models.py", line 829, in raise_for_status
    raise HTTPStatusError(message, request=request, response=self)
httpx.HTTPStatusError: Client error '403 Forbidden' for url 'https://comunicaapi.pje.jus.br/api/v1/caderno/TRE-MS/2026-04-06/D'
For more information check: https://developer.mozilla.org/en-US/docs/Web/HTTP/Status/403
2026-04-08 22:43:03,798 WARNING  djen_backup.backfill  {'tribunal': 'TRE-MS', 'date': '2026-04-06', 'event': 'backfill_item_error', 'level': 'warning', 'timestamp': '2026-04-09T02:43:03.798334Z'}
2026-04-08 22:43:03,799 WARNING  djen_backup.backfill  {'tribunal': 'TRE-MS', 'year': 2026, 'reason': '3 consecutive errors', 'event': 'backfill_tribunal_skipped', 'level': 'warning', 'timestamp': '2026-04-09T02:43:03.799395Z'}
2026-04-08 22:43:06,374 INFO     httpx  HTTP Request: GET https://archive.org/metadata/djen-tre-mt-2026/files "HTTP/1.1 200 OK"
2026-04-08 22:43:06,376 INFO     djen_backup.backfill  {'tribunal': 'TRE-MT', 'year': 2026, 'gaps': 98, 'event': 'backfill_tribunal_year', 'level': 'info', 'timestamp': '2026-04-09T02:43:06.376463Z'}
2026-04-08 22:43:06,425 INFO     httpx  HTTP Request: GET https://comunicaapi.pje.jus.br/api/v1/caderno/TRE-MT/2026-04-08/D "HTTP/1.1 403 Forbidden"
2026-04-08 22:43:06,428 ERROR    djen_backup.backfill  {'tribunal': 'TRE-MT', 'date': '2026-04-08', 'event': 'backfill_download_error', 'level': 'error', 'timestamp': '2026-04-09T02:43:06.427772Z', 'exception': 'Traceback (most recent call last):\n  File "/home/franklin/workspace/causaganha/src/djen_backup/backfill.py", line 557, in backfill_process_date\n    zip_url = await get_caderno_url(client, config.djen_proxy_url, tribunal, d)\n              ^^^^^^^^^^^^^^^^^^^^^^^^^^^^^^^^^^^^^^^^^^^^^^^^^^^^^^^^^^^^^^^^^\n  File "/home/franklin/workspace/causaganha/src/djen_backup/djen.py", line 77, in get_caderno_url\n    resp.raise_for_status()\n  File "/home/franklin/workspace/causaganha/.venv/lib/python3.12/site-packages/httpx/_models.py", line 829, in raise_for_status\n    raise HTTPStatusError(message, request=request, response=self)\nhttpx.HTTPStatusError: Client error \'403 Forbidden\' for url \'https://comunicaapi.pje.jus.br/api/v1/caderno/TRE-MT/2026-04-08/D\'\nFor more information check: https://developer.mozilla.org/en-US/docs/Web/HTTP/Status/403'}
Traceback (most recent call last):
  File "/home/franklin/workspace/causaganha/src/djen_backup/backfill.py", line 557, in backfill_process_date
    zip_url = await get_caderno_url(client, config.djen_proxy_url, tribunal, d)
              ^^^^^^^^^^^^^^^^^^^^^^^^^^^^^^^^^^^^^^^^^^^^^^^^^^^^^^^^^^^^^^^^^
  File "/home/franklin/workspace/causaganha/src/djen_backup/djen.py", line 77, in get_caderno_url
    resp.raise_for_status()
  File "/home/franklin/workspace/causaganha/.venv/lib/python3.12/site-packages/httpx/_models.py", line 829, in raise_for_status
    raise HTTPStatusError(message, request=request, response=self)
httpx.HTTPStatusError: Client error '403 Forbidden' for url 'https://comunicaapi.pje.jus.br/api/v1/caderno/TRE-MT/2026-04-08/D'
For more information check: https://developer.mozilla.org/en-US/docs/Web/HTTP/Status/403
2026-04-08 22:43:06,500 WARNING  djen_backup.backfill  {'tribunal': 'TRE-MT', 'date': '2026-04-08', 'event': 'backfill_item_error', 'level': 'warning', 'timestamp': '2026-04-09T02:43:06.500597Z'}
2026-04-08 22:43:06,549 INFO     httpx  HTTP Request: GET https://comunicaapi.pje.jus.br/api/v1/caderno/TRE-MT/2026-04-07/D "HTTP/1.1 403 Forbidden"
2026-04-08 22:43:06,550 ERROR    djen_backup.backfill  {'tribunal': 'TRE-MT', 'date': '2026-04-07', 'event': 'backfill_download_error', 'level': 'error', 'timestamp': '2026-04-09T02:43:06.550404Z', 'exception': 'Traceback (most recent call last):\n  File "/home/franklin/workspace/causaganha/src/djen_backup/backfill.py", line 557, in backfill_process_date\n    zip_url = await get_caderno_url(client, config.djen_proxy_url, tribunal, d)\n              ^^^^^^^^^^^^^^^^^^^^^^^^^^^^^^^^^^^^^^^^^^^^^^^^^^^^^^^^^^^^^^^^^\n  File "/home/franklin/workspace/causaganha/src/djen_backup/djen.py", line 77, in get_caderno_url\n    resp.raise_for_status()\n  File "/home/franklin/workspace/causaganha/.venv/lib/python3.12/site-packages/httpx/_models.py", line 829, in raise_for_status\n    raise HTTPStatusError(message, request=request, response=self)\nhttpx.HTTPStatusError: Client error \'403 Forbidden\' for url \'https://comunicaapi.pje.jus.br/api/v1/caderno/TRE-MT/2026-04-07/D\'\nFor more information check: https://developer.mozilla.org/en-US/docs/Web/HTTP/Status/403'}
Traceback (most recent call last):
  File "/home/franklin/workspace/causaganha/src/djen_backup/backfill.py", line 557, in backfill_process_date
    zip_url = await get_caderno_url(client, config.djen_proxy_url, tribunal, d)
              ^^^^^^^^^^^^^^^^^^^^^^^^^^^^^^^^^^^^^^^^^^^^^^^^^^^^^^^^^^^^^^^^^
  File "/home/franklin/workspace/causaganha/src/djen_backup/djen.py", line 77, in get_caderno_url
    resp.raise_for_status()
  File "/home/franklin/workspace/causaganha/.venv/lib/python3.12/site-packages/httpx/_models.py", line 829, in raise_for_status
    raise HTTPStatusError(message, request=request, response=self)
httpx.HTTPStatusError: Client error '403 Forbidden' for url 'https://comunicaapi.pje.jus.br/api/v1/caderno/TRE-MT/2026-04-07/D'
For more information check: https://developer.mozilla.org/en-US/docs/Web/HTTP/Status/403
2026-04-08 22:43:06,633 WARNING  djen_backup.backfill  {'tribunal': 'TRE-MT', 'date': '2026-04-07', 'event': 'backfill_item_error', 'level': 'warning', 'timestamp': '2026-04-09T02:43:06.633488Z'}
2026-04-08 22:43:06,683 INFO     httpx  HTTP Request: GET https://comunicaapi.pje.jus.br/api/v1/caderno/TRE-MT/2026-04-06/D "HTTP/1.1 403 Forbidden"
2026-04-08 22:43:06,685 ERROR    djen_backup.backfill  {'tribunal': 'TRE-MT', 'date': '2026-04-06', 'event': 'backfill_download_error', 'level': 'error', 'timestamp': '2026-04-09T02:43:06.685444Z', 'exception': 'Traceback (most recent call last):\n  File "/home/franklin/workspace/causaganha/src/djen_backup/backfill.py", line 557, in backfill_process_date\n    zip_url = await get_caderno_url(client, config.djen_proxy_url, tribunal, d)\n              ^^^^^^^^^^^^^^^^^^^^^^^^^^^^^^^^^^^^^^^^^^^^^^^^^^^^^^^^^^^^^^^^^\n  File "/home/franklin/workspace/causaganha/src/djen_backup/djen.py", line 77, in get_caderno_url\n    resp.raise_for_status()\n  File "/home/franklin/workspace/causaganha/.venv/lib/python3.12/site-packages/httpx/_models.py", line 829, in raise_for_status\n    raise HTTPStatusError(message, request=request, response=self)\nhttpx.HTTPStatusError: Client error \'403 Forbidden\' for url \'https://comunicaapi.pje.jus.br/api/v1/caderno/TRE-MT/2026-04-06/D\'\nFor more information check: https://developer.mozilla.org/en-US/docs/Web/HTTP/Status/403'}
Traceback (most recent call last):
  File "/home/franklin/workspace/causaganha/src/djen_backup/backfill.py", line 557, in backfill_process_date
    zip_url = await get_caderno_url(client, config.djen_proxy_url, tribunal, d)
              ^^^^^^^^^^^^^^^^^^^^^^^^^^^^^^^^^^^^^^^^^^^^^^^^^^^^^^^^^^^^^^^^^
  File "/home/franklin/workspace/causaganha/src/djen_backup/djen.py", line 77, in get_caderno_url
    resp.raise_for_status()
  File "/home/franklin/workspace/causaganha/.venv/lib/python3.12/site-packages/httpx/_models.py", line 829, in raise_for_status
    raise HTTPStatusError(message, request=request, response=self)
httpx.HTTPStatusError: Client error '403 Forbidden' for url 'https://comunicaapi.pje.jus.br/api/v1/caderno/TRE-MT/2026-04-06/D'
For more information check: https://developer.mozilla.org/en-US/docs/Web/HTTP/Status/403
2026-04-08 22:43:06,848 WARNING  djen_backup.backfill  {'tribunal': 'TRE-MT', 'date': '2026-04-06', 'event': 'backfill_item_error', 'level': 'warning', 'timestamp': '2026-04-09T02:43:06.848264Z'}
2026-04-08 22:43:06,849 WARNING  djen_backup.backfill  {'tribunal': 'TRE-MT', 'year': 2026, 'reason': '3 consecutive errors', 'event': 'backfill_tribunal_skipped', 'level': 'warning', 'timestamp': '2026-04-09T02:43:06.849127Z'}
2026-04-08 22:43:09,406 INFO     httpx  HTTP Request: GET https://archive.org/metadata/djen-tre-pa-2026/files "HTTP/1.1 200 OK"
2026-04-08 22:43:09,408 INFO     djen_backup.backfill  {'tribunal': 'TRE-PA', 'year': 2026, 'gaps': 98, 'event': 'backfill_tribunal_year', 'level': 'info', 'timestamp': '2026-04-09T02:43:09.408685Z'}
2026-04-08 22:43:09,455 INFO     httpx  HTTP Request: GET https://comunicaapi.pje.jus.br/api/v1/caderno/TRE-PA/2026-04-08/D "HTTP/1.1 403 Forbidden"
2026-04-08 22:43:09,458 ERROR    djen_backup.backfill  {'tribunal': 'TRE-PA', 'date': '2026-04-08', 'event': 'backfill_download_error', 'level': 'error', 'timestamp': '2026-04-09T02:43:09.457741Z', 'exception': 'Traceback (most recent call last):\n  File "/home/franklin/workspace/causaganha/src/djen_backup/backfill.py", line 557, in backfill_process_date\n    zip_url = await get_caderno_url(client, config.djen_proxy_url, tribunal, d)\n              ^^^^^^^^^^^^^^^^^^^^^^^^^^^^^^^^^^^^^^^^^^^^^^^^^^^^^^^^^^^^^^^^^\n  File "/home/franklin/workspace/causaganha/src/djen_backup/djen.py", line 77, in get_caderno_url\n    resp.raise_for_status()\n  File "/home/franklin/workspace/causaganha/.venv/lib/python3.12/site-packages/httpx/_models.py", line 829, in raise_for_status\n    raise HTTPStatusError(message, request=request, response=self)\nhttpx.HTTPStatusError: Client error \'403 Forbidden\' for url \'https://comunicaapi.pje.jus.br/api/v1/caderno/TRE-PA/2026-04-08/D\'\nFor more information check: https://developer.mozilla.org/en-US/docs/Web/HTTP/Status/403'}
Traceback (most recent call last):
  File "/home/franklin/workspace/causaganha/src/djen_backup/backfill.py", line 557, in backfill_process_date
    zip_url = await get_caderno_url(client, config.djen_proxy_url, tribunal, d)
              ^^^^^^^^^^^^^^^^^^^^^^^^^^^^^^^^^^^^^^^^^^^^^^^^^^^^^^^^^^^^^^^^^
  File "/home/franklin/workspace/causaganha/src/djen_backup/djen.py", line 77, in get_caderno_url
    resp.raise_for_status()
  File "/home/franklin/workspace/causaganha/.venv/lib/python3.12/site-packages/httpx/_models.py", line 829, in raise_for_status
    raise HTTPStatusError(message, request=request, response=self)
httpx.HTTPStatusError: Client error '403 Forbidden' for url 'https://comunicaapi.pje.jus.br/api/v1/caderno/TRE-PA/2026-04-08/D'
For more information check: https://developer.mozilla.org/en-US/docs/Web/HTTP/Status/403
2026-04-08 22:43:09,537 WARNING  djen_backup.backfill  {'tribunal': 'TRE-PA', 'date': '2026-04-08', 'event': 'backfill_item_error', 'level': 'warning', 'timestamp': '2026-04-09T02:43:09.537360Z'}
2026-04-08 22:43:09,585 INFO     httpx  HTTP Request: GET https://comunicaapi.pje.jus.br/api/v1/caderno/TRE-PA/2026-04-07/D "HTTP/1.1 403 Forbidden"
2026-04-08 22:43:09,587 ERROR    djen_backup.backfill  {'tribunal': 'TRE-PA', 'date': '2026-04-07', 'event': 'backfill_download_error', 'level': 'error', 'timestamp': '2026-04-09T02:43:09.586727Z', 'exception': 'Traceback (most recent call last):\n  File "/home/franklin/workspace/causaganha/src/djen_backup/backfill.py", line 557, in backfill_process_date\n    zip_url = await get_caderno_url(client, config.djen_proxy_url, tribunal, d)\n              ^^^^^^^^^^^^^^^^^^^^^^^^^^^^^^^^^^^^^^^^^^^^^^^^^^^^^^^^^^^^^^^^^\n  File "/home/franklin/workspace/causaganha/src/djen_backup/djen.py", line 77, in get_caderno_url\n    resp.raise_for_status()\n  File "/home/franklin/workspace/causaganha/.venv/lib/python3.12/site-packages/httpx/_models.py", line 829, in raise_for_status\n    raise HTTPStatusError(message, request=request, response=self)\nhttpx.HTTPStatusError: Client error \'403 Forbidden\' for url \'https://comunicaapi.pje.jus.br/api/v1/caderno/TRE-PA/2026-04-07/D\'\nFor more information check: https://developer.mozilla.org/en-US/docs/Web/HTTP/Status/403'}
Traceback (most recent call last):
  File "/home/franklin/workspace/causaganha/src/djen_backup/backfill.py", line 557, in backfill_process_date
    zip_url = await get_caderno_url(client, config.djen_proxy_url, tribunal, d)
              ^^^^^^^^^^^^^^^^^^^^^^^^^^^^^^^^^^^^^^^^^^^^^^^^^^^^^^^^^^^^^^^^^
  File "/home/franklin/workspace/causaganha/src/djen_backup/djen.py", line 77, in get_caderno_url
    resp.raise_for_status()
  File "/home/franklin/workspace/causaganha/.venv/lib/python3.12/site-packages/httpx/_models.py", line 829, in raise_for_status
    raise HTTPStatusError(message, request=request, response=self)
httpx.HTTPStatusError: Client error '403 Forbidden' for url 'https://comunicaapi.pje.jus.br/api/v1/caderno/TRE-PA/2026-04-07/D'
For more information check: https://developer.mozilla.org/en-US/docs/Web/HTTP/Status/403
2026-04-08 22:43:09,676 WARNING  djen_backup.backfill  {'tribunal': 'TRE-PA', 'date': '2026-04-07', 'event': 'backfill_item_error', 'level': 'warning', 'timestamp': '2026-04-09T02:43:09.676658Z'}
2026-04-08 22:43:09,723 INFO     httpx  HTTP Request: GET https://comunicaapi.pje.jus.br/api/v1/caderno/TRE-PA/2026-04-06/D "HTTP/1.1 403 Forbidden"
2026-04-08 22:43:09,725 ERROR    djen_backup.backfill  {'tribunal': 'TRE-PA', 'date': '2026-04-06', 'event': 'backfill_download_error', 'level': 'error', 'timestamp': '2026-04-09T02:43:09.725268Z', 'exception': 'Traceback (most recent call last):\n  File "/home/franklin/workspace/causaganha/src/djen_backup/backfill.py", line 557, in backfill_process_date\n    zip_url = await get_caderno_url(client, config.djen_proxy_url, tribunal, d)\n              ^^^^^^^^^^^^^^^^^^^^^^^^^^^^^^^^^^^^^^^^^^^^^^^^^^^^^^^^^^^^^^^^^\n  File "/home/franklin/workspace/causaganha/src/djen_backup/djen.py", line 77, in get_caderno_url\n    resp.raise_for_status()\n  File "/home/franklin/workspace/causaganha/.venv/lib/python3.12/site-packages/httpx/_models.py", line 829, in raise_for_status\n    raise HTTPStatusError(message, request=request, response=self)\nhttpx.HTTPStatusError: Client error \'403 Forbidden\' for url \'https://comunicaapi.pje.jus.br/api/v1/caderno/TRE-PA/2026-04-06/D\'\nFor more information check: https://developer.mozilla.org/en-US/docs/Web/HTTP/Status/403'}
Traceback (most recent call last):
  File "/home/franklin/workspace/causaganha/src/djen_backup/backfill.py", line 557, in backfill_process_date
    zip_url = await get_caderno_url(client, config.djen_proxy_url, tribunal, d)
              ^^^^^^^^^^^^^^^^^^^^^^^^^^^^^^^^^^^^^^^^^^^^^^^^^^^^^^^^^^^^^^^^^
  File "/home/franklin/workspace/causaganha/src/djen_backup/djen.py", line 77, in get_caderno_url
    resp.raise_for_status()
  File "/home/franklin/workspace/causaganha/.venv/lib/python3.12/site-packages/httpx/_models.py", line 829, in raise_for_status
    raise HTTPStatusError(message, request=request, response=self)
httpx.HTTPStatusError: Client error '403 Forbidden' for url 'https://comunicaapi.pje.jus.br/api/v1/caderno/TRE-PA/2026-04-06/D'
For more information check: https://developer.mozilla.org/en-US/docs/Web/HTTP/Status/403
2026-04-08 22:43:09,807 WARNING  djen_backup.backfill  {'tribunal': 'TRE-PA', 'date': '2026-04-06', 'event': 'backfill_item_error', 'level': 'warning', 'timestamp': '2026-04-09T02:43:09.807117Z'}
2026-04-08 22:43:09,808 WARNING  djen_backup.backfill  {'tribunal': 'TRE-PA', 'year': 2026, 'reason': '3 consecutive errors', 'event': 'backfill_tribunal_skipped', 'level': 'warning', 'timestamp': '2026-04-09T02:43:09.808121Z'}
2026-04-08 22:43:12,388 INFO     httpx  HTTP Request: GET https://archive.org/metadata/djen-tre-pb-2026/files "HTTP/1.1 200 OK"
2026-04-08 22:43:12,389 INFO     djen_backup.backfill  {'tribunal': 'TRE-PB', 'year': 2026, 'gaps': 98, 'event': 'backfill_tribunal_year', 'level': 'info', 'timestamp': '2026-04-09T02:43:12.389614Z'}
2026-04-08 22:43:12,438 INFO     httpx  HTTP Request: GET https://comunicaapi.pje.jus.br/api/v1/caderno/TRE-PB/2026-04-08/D "HTTP/1.1 403 Forbidden"
2026-04-08 22:43:12,440 ERROR    djen_backup.backfill  {'tribunal': 'TRE-PB', 'date': '2026-04-08', 'event': 'backfill_download_error', 'level': 'error', 'timestamp': '2026-04-09T02:43:12.440610Z', 'exception': 'Traceback (most recent call last):\n  File "/home/franklin/workspace/causaganha/src/djen_backup/backfill.py", line 557, in backfill_process_date\n    zip_url = await get_caderno_url(client, config.djen_proxy_url, tribunal, d)\n              ^^^^^^^^^^^^^^^^^^^^^^^^^^^^^^^^^^^^^^^^^^^^^^^^^^^^^^^^^^^^^^^^^\n  File "/home/franklin/workspace/causaganha/src/djen_backup/djen.py", line 77, in get_caderno_url\n    resp.raise_for_status()\n  File "/home/franklin/workspace/causaganha/.venv/lib/python3.12/site-packages/httpx/_models.py", line 829, in raise_for_status\n    raise HTTPStatusError(message, request=request, response=self)\nhttpx.HTTPStatusError: Client error \'403 Forbidden\' for url \'https://comunicaapi.pje.jus.br/api/v1/caderno/TRE-PB/2026-04-08/D\'\nFor more information check: https://developer.mozilla.org/en-US/docs/Web/HTTP/Status/403'}
Traceback (most recent call last):
  File "/home/franklin/workspace/causaganha/src/djen_backup/backfill.py", line 557, in backfill_process_date
    zip_url = await get_caderno_url(client, config.djen_proxy_url, tribunal, d)
              ^^^^^^^^^^^^^^^^^^^^^^^^^^^^^^^^^^^^^^^^^^^^^^^^^^^^^^^^^^^^^^^^^
  File "/home/franklin/workspace/causaganha/src/djen_backup/djen.py", line 77, in get_caderno_url
    resp.raise_for_status()
  File "/home/franklin/workspace/causaganha/.venv/lib/python3.12/site-packages/httpx/_models.py", line 829, in raise_for_status
    raise HTTPStatusError(message, request=request, response=self)
httpx.HTTPStatusError: Client error '403 Forbidden' for url 'https://comunicaapi.pje.jus.br/api/v1/caderno/TRE-PB/2026-04-08/D'
For more information check: https://developer.mozilla.org/en-US/docs/Web/HTTP/Status/403
2026-04-08 22:43:12,522 WARNING  djen_backup.backfill  {'tribunal': 'TRE-PB', 'date': '2026-04-08', 'event': 'backfill_item_error', 'level': 'warning', 'timestamp': '2026-04-09T02:43:12.522705Z'}
2026-04-08 22:43:12,571 INFO     httpx  HTTP Request: GET https://comunicaapi.pje.jus.br/api/v1/caderno/TRE-PB/2026-04-07/D "HTTP/1.1 403 Forbidden"
2026-04-08 22:43:12,573 ERROR    djen_backup.backfill  {'tribunal': 'TRE-PB', 'date': '2026-04-07', 'event': 'backfill_download_error', 'level': 'error', 'timestamp': '2026-04-09T02:43:12.573096Z', 'exception': 'Traceback (most recent call last):\n  File "/home/franklin/workspace/causaganha/src/djen_backup/backfill.py", line 557, in backfill_process_date\n    zip_url = await get_caderno_url(client, config.djen_proxy_url, tribunal, d)\n              ^^^^^^^^^^^^^^^^^^^^^^^^^^^^^^^^^^^^^^^^^^^^^^^^^^^^^^^^^^^^^^^^^\n  File "/home/franklin/workspace/causaganha/src/djen_backup/djen.py", line 77, in get_caderno_url\n    resp.raise_for_status()\n  File "/home/franklin/workspace/causaganha/.venv/lib/python3.12/site-packages/httpx/_models.py", line 829, in raise_for_status\n    raise HTTPStatusError(message, request=request, response=self)\nhttpx.HTTPStatusError: Client error \'403 Forbidden\' for url \'https://comunicaapi.pje.jus.br/api/v1/caderno/TRE-PB/2026-04-07/D\'\nFor more information check: https://developer.mozilla.org/en-US/docs/Web/HTTP/Status/403'}
Traceback (most recent call last):
  File "/home/franklin/workspace/causaganha/src/djen_backup/backfill.py", line 557, in backfill_process_date
    zip_url = await get_caderno_url(client, config.djen_proxy_url, tribunal, d)
              ^^^^^^^^^^^^^^^^^^^^^^^^^^^^^^^^^^^^^^^^^^^^^^^^^^^^^^^^^^^^^^^^^
  File "/home/franklin/workspace/causaganha/src/djen_backup/djen.py", line 77, in get_caderno_url
    resp.raise_for_status()
  File "/home/franklin/workspace/causaganha/.venv/lib/python3.12/site-packages/httpx/_models.py", line 829, in raise_for_status
    raise HTTPStatusError(message, request=request, response=self)
httpx.HTTPStatusError: Client error '403 Forbidden' for url 'https://comunicaapi.pje.jus.br/api/v1/caderno/TRE-PB/2026-04-07/D'
For more information check: https://developer.mozilla.org/en-US/docs/Web/HTTP/Status/403
2026-04-08 22:43:12,654 WARNING  djen_backup.backfill  {'tribunal': 'TRE-PB', 'date': '2026-04-07', 'event': 'backfill_item_error', 'level': 'warning', 'timestamp': '2026-04-09T02:43:12.654028Z'}
2026-04-08 22:43:12,702 INFO     httpx  HTTP Request: GET https://comunicaapi.pje.jus.br/api/v1/caderno/TRE-PB/2026-04-06/D "HTTP/1.1 403 Forbidden"
2026-04-08 22:43:12,705 ERROR    djen_backup.backfill  {'tribunal': 'TRE-PB', 'date': '2026-04-06', 'event': 'backfill_download_error', 'level': 'error', 'timestamp': '2026-04-09T02:43:12.704858Z', 'exception': 'Traceback (most recent call last):\n  File "/home/franklin/workspace/causaganha/src/djen_backup/backfill.py", line 557, in backfill_process_date\n    zip_url = await get_caderno_url(client, config.djen_proxy_url, tribunal, d)\n              ^^^^^^^^^^^^^^^^^^^^^^^^^^^^^^^^^^^^^^^^^^^^^^^^^^^^^^^^^^^^^^^^^\n  File "/home/franklin/workspace/causaganha/src/djen_backup/djen.py", line 77, in get_caderno_url\n    resp.raise_for_status()\n  File "/home/franklin/workspace/causaganha/.venv/lib/python3.12/site-packages/httpx/_models.py", line 829, in raise_for_status\n    raise HTTPStatusError(message, request=request, response=self)\nhttpx.HTTPStatusError: Client error \'403 Forbidden\' for url \'https://comunicaapi.pje.jus.br/api/v1/caderno/TRE-PB/2026-04-06/D\'\nFor more information check: https://developer.mozilla.org/en-US/docs/Web/HTTP/Status/403'}
Traceback (most recent call last):
  File "/home/franklin/workspace/causaganha/src/djen_backup/backfill.py", line 557, in backfill_process_date
    zip_url = await get_caderno_url(client, config.djen_proxy_url, tribunal, d)
              ^^^^^^^^^^^^^^^^^^^^^^^^^^^^^^^^^^^^^^^^^^^^^^^^^^^^^^^^^^^^^^^^^
  File "/home/franklin/workspace/causaganha/src/djen_backup/djen.py", line 77, in get_caderno_url
    resp.raise_for_status()
  File "/home/franklin/workspace/causaganha/.venv/lib/python3.12/site-packages/httpx/_models.py", line 829, in raise_for_status
    raise HTTPStatusError(message, request=request, response=self)
httpx.HTTPStatusError: Client error '403 Forbidden' for url 'https://comunicaapi.pje.jus.br/api/v1/caderno/TRE-PB/2026-04-06/D'
For more information check: https://developer.mozilla.org/en-US/docs/Web/HTTP/Status/403
2026-04-08 22:43:12,779 WARNING  djen_backup.backfill  {'tribunal': 'TRE-PB', 'date': '2026-04-06', 'event': 'backfill_item_error', 'level': 'warning', 'timestamp': '2026-04-09T02:43:12.779181Z'}
2026-04-08 22:43:12,780 WARNING  djen_backup.backfill  {'tribunal': 'TRE-PB', 'year': 2026, 'reason': '3 consecutive errors', 'event': 'backfill_tribunal_skipped', 'level': 'warning', 'timestamp': '2026-04-09T02:43:12.780255Z'}
2026-04-08 22:43:15,328 INFO     httpx  HTTP Request: GET https://archive.org/metadata/djen-tre-pe-2026/files "HTTP/1.1 200 OK"
2026-04-08 22:43:15,330 INFO     djen_backup.backfill  {'tribunal': 'TRE-PE', 'year': 2026, 'gaps': 98, 'event': 'backfill_tribunal_year', 'level': 'info', 'timestamp': '2026-04-09T02:43:15.330412Z'}
2026-04-08 22:43:15,377 INFO     httpx  HTTP Request: GET https://comunicaapi.pje.jus.br/api/v1/caderno/TRE-PE/2026-04-08/D "HTTP/1.1 403 Forbidden"
2026-04-08 22:43:15,380 ERROR    djen_backup.backfill  {'tribunal': 'TRE-PE', 'date': '2026-04-08', 'event': 'backfill_download_error', 'level': 'error', 'timestamp': '2026-04-09T02:43:15.379960Z', 'exception': 'Traceback (most recent call last):\n  File "/home/franklin/workspace/causaganha/src/djen_backup/backfill.py", line 557, in backfill_process_date\n    zip_url = await get_caderno_url(client, config.djen_proxy_url, tribunal, d)\n              ^^^^^^^^^^^^^^^^^^^^^^^^^^^^^^^^^^^^^^^^^^^^^^^^^^^^^^^^^^^^^^^^^\n  File "/home/franklin/workspace/causaganha/src/djen_backup/djen.py", line 77, in get_caderno_url\n    resp.raise_for_status()\n  File "/home/franklin/workspace/causaganha/.venv/lib/python3.12/site-packages/httpx/_models.py", line 829, in raise_for_status\n    raise HTTPStatusError(message, request=request, response=self)\nhttpx.HTTPStatusError: Client error \'403 Forbidden\' for url \'https://comunicaapi.pje.jus.br/api/v1/caderno/TRE-PE/2026-04-08/D\'\nFor more information check: https://developer.mozilla.org/en-US/docs/Web/HTTP/Status/403'}
Traceback (most recent call last):
  File "/home/franklin/workspace/causaganha/src/djen_backup/backfill.py", line 557, in backfill_process_date
    zip_url = await get_caderno_url(client, config.djen_proxy_url, tribunal, d)
              ^^^^^^^^^^^^^^^^^^^^^^^^^^^^^^^^^^^^^^^^^^^^^^^^^^^^^^^^^^^^^^^^^
  File "/home/franklin/workspace/causaganha/src/djen_backup/djen.py", line 77, in get_caderno_url
    resp.raise_for_status()
  File "/home/franklin/workspace/causaganha/.venv/lib/python3.12/site-packages/httpx/_models.py", line 829, in raise_for_status
    raise HTTPStatusError(message, request=request, response=self)
httpx.HTTPStatusError: Client error '403 Forbidden' for url 'https://comunicaapi.pje.jus.br/api/v1/caderno/TRE-PE/2026-04-08/D'
For more information check: https://developer.mozilla.org/en-US/docs/Web/HTTP/Status/403
2026-04-08 22:43:15,457 WARNING  djen_backup.backfill  {'tribunal': 'TRE-PE', 'date': '2026-04-08', 'event': 'backfill_item_error', 'level': 'warning', 'timestamp': '2026-04-09T02:43:15.457665Z'}
2026-04-08 22:43:15,504 INFO     httpx  HTTP Request: GET https://comunicaapi.pje.jus.br/api/v1/caderno/TRE-PE/2026-04-07/D "HTTP/1.1 403 Forbidden"
2026-04-08 22:43:15,506 ERROR    djen_backup.backfill  {'tribunal': 'TRE-PE', 'date': '2026-04-07', 'event': 'backfill_download_error', 'level': 'error', 'timestamp': '2026-04-09T02:43:15.505947Z', 'exception': 'Traceback (most recent call last):\n  File "/home/franklin/workspace/causaganha/src/djen_backup/backfill.py", line 557, in backfill_process_date\n    zip_url = await get_caderno_url(client, config.djen_proxy_url, tribunal, d)\n              ^^^^^^^^^^^^^^^^^^^^^^^^^^^^^^^^^^^^^^^^^^^^^^^^^^^^^^^^^^^^^^^^^\n  File "/home/franklin/workspace/causaganha/src/djen_backup/djen.py", line 77, in get_caderno_url\n    resp.raise_for_status()\n  File "/home/franklin/workspace/causaganha/.venv/lib/python3.12/site-packages/httpx/_models.py", line 829, in raise_for_status\n    raise HTTPStatusError(message, request=request, response=self)\nhttpx.HTTPStatusError: Client error \'403 Forbidden\' for url \'https://comunicaapi.pje.jus.br/api/v1/caderno/TRE-PE/2026-04-07/D\'\nFor more information check: https://developer.mozilla.org/en-US/docs/Web/HTTP/Status/403'}
Traceback (most recent call last):
  File "/home/franklin/workspace/causaganha/src/djen_backup/backfill.py", line 557, in backfill_process_date
    zip_url = await get_caderno_url(client, config.djen_proxy_url, tribunal, d)
              ^^^^^^^^^^^^^^^^^^^^^^^^^^^^^^^^^^^^^^^^^^^^^^^^^^^^^^^^^^^^^^^^^
  File "/home/franklin/workspace/causaganha/src/djen_backup/djen.py", line 77, in get_caderno_url
    resp.raise_for_status()
  File "/home/franklin/workspace/causaganha/.venv/lib/python3.12/site-packages/httpx/_models.py", line 829, in raise_for_status
    raise HTTPStatusError(message, request=request, response=self)
httpx.HTTPStatusError: Client error '403 Forbidden' for url 'https://comunicaapi.pje.jus.br/api/v1/caderno/TRE-PE/2026-04-07/D'
For more information check: https://developer.mozilla.org/en-US/docs/Web/HTTP/Status/403
2026-04-08 22:43:15,590 WARNING  djen_backup.backfill  {'tribunal': 'TRE-PE', 'date': '2026-04-07', 'event': 'backfill_item_error', 'level': 'warning', 'timestamp': '2026-04-09T02:43:15.590745Z'}
2026-04-08 22:43:15,637 INFO     httpx  HTTP Request: GET https://comunicaapi.pje.jus.br/api/v1/caderno/TRE-PE/2026-04-06/D "HTTP/1.1 403 Forbidden"
2026-04-08 22:43:15,640 ERROR    djen_backup.backfill  {'tribunal': 'TRE-PE', 'date': '2026-04-06', 'event': 'backfill_download_error', 'level': 'error', 'timestamp': '2026-04-09T02:43:15.639756Z', 'exception': 'Traceback (most recent call last):\n  File "/home/franklin/workspace/causaganha/src/djen_backup/backfill.py", line 557, in backfill_process_date\n    zip_url = await get_caderno_url(client, config.djen_proxy_url, tribunal, d)\n              ^^^^^^^^^^^^^^^^^^^^^^^^^^^^^^^^^^^^^^^^^^^^^^^^^^^^^^^^^^^^^^^^^\n  File "/home/franklin/workspace/causaganha/src/djen_backup/djen.py", line 77, in get_caderno_url\n    resp.raise_for_status()\n  File "/home/franklin/workspace/causaganha/.venv/lib/python3.12/site-packages/httpx/_models.py", line 829, in raise_for_status\n    raise HTTPStatusError(message, request=request, response=self)\nhttpx.HTTPStatusError: Client error \'403 Forbidden\' for url \'https://comunicaapi.pje.jus.br/api/v1/caderno/TRE-PE/2026-04-06/D\'\nFor more information check: https://developer.mozilla.org/en-US/docs/Web/HTTP/Status/403'}
Traceback (most recent call last):
  File "/home/franklin/workspace/causaganha/src/djen_backup/backfill.py", line 557, in backfill_process_date
    zip_url = await get_caderno_url(client, config.djen_proxy_url, tribunal, d)
              ^^^^^^^^^^^^^^^^^^^^^^^^^^^^^^^^^^^^^^^^^^^^^^^^^^^^^^^^^^^^^^^^^
  File "/home/franklin/workspace/causaganha/src/djen_backup/djen.py", line 77, in get_caderno_url
    resp.raise_for_status()
  File "/home/franklin/workspace/causaganha/.venv/lib/python3.12/site-packages/httpx/_models.py", line 829, in raise_for_status
    raise HTTPStatusError(message, request=request, response=self)
httpx.HTTPStatusError: Client error '403 Forbidden' for url 'https://comunicaapi.pje.jus.br/api/v1/caderno/TRE-PE/2026-04-06/D'
For more information check: https://developer.mozilla.org/en-US/docs/Web/HTTP/Status/403
2026-04-08 22:43:15,727 WARNING  djen_backup.backfill  {'tribunal': 'TRE-PE', 'date': '2026-04-06', 'event': 'backfill_item_error', 'level': 'warning', 'timestamp': '2026-04-09T02:43:15.727827Z'}
2026-04-08 22:43:15,728 WARNING  djen_backup.backfill  {'tribunal': 'TRE-PE', 'year': 2026, 'reason': '3 consecutive errors', 'event': 'backfill_tribunal_skipped', 'level': 'warning', 'timestamp': '2026-04-09T02:43:15.728812Z'}
2026-04-08 22:43:18,535 INFO     httpx  HTTP Request: GET https://archive.org/metadata/djen-tre-pi-2026/files "HTTP/1.1 200 OK"
2026-04-08 22:43:18,538 INFO     djen_backup.backfill  {'tribunal': 'TRE-PI', 'year': 2026, 'gaps': 98, 'event': 'backfill_tribunal_year', 'level': 'info', 'timestamp': '2026-04-09T02:43:18.538021Z'}
2026-04-08 22:43:18,626 INFO     httpx  HTTP Request: GET https://comunicaapi.pje.jus.br/api/v1/caderno/TRE-PI/2026-04-08/D "HTTP/1.1 403 Forbidden"
2026-04-08 22:43:18,628 ERROR    djen_backup.backfill  {'tribunal': 'TRE-PI', 'date': '2026-04-08', 'event': 'backfill_download_error', 'level': 'error', 'timestamp': '2026-04-09T02:43:18.627799Z', 'exception': 'Traceback (most recent call last):\n  File "/home/franklin/workspace/causaganha/src/djen_backup/backfill.py", line 557, in backfill_process_date\n    zip_url = await get_caderno_url(client, config.djen_proxy_url, tribunal, d)\n              ^^^^^^^^^^^^^^^^^^^^^^^^^^^^^^^^^^^^^^^^^^^^^^^^^^^^^^^^^^^^^^^^^\n  File "/home/franklin/workspace/causaganha/src/djen_backup/djen.py", line 77, in get_caderno_url\n    resp.raise_for_status()\n  File "/home/franklin/workspace/causaganha/.venv/lib/python3.12/site-packages/httpx/_models.py", line 829, in raise_for_status\n    raise HTTPStatusError(message, request=request, response=self)\nhttpx.HTTPStatusError: Client error \'403 Forbidden\' for url \'https://comunicaapi.pje.jus.br/api/v1/caderno/TRE-PI/2026-04-08/D\'\nFor more information check: https://developer.mozilla.org/en-US/docs/Web/HTTP/Status/403'}
Traceback (most recent call last):
  File "/home/franklin/workspace/causaganha/src/djen_backup/backfill.py", line 557, in backfill_process_date
    zip_url = await get_caderno_url(client, config.djen_proxy_url, tribunal, d)
              ^^^^^^^^^^^^^^^^^^^^^^^^^^^^^^^^^^^^^^^^^^^^^^^^^^^^^^^^^^^^^^^^^
  File "/home/franklin/workspace/causaganha/src/djen_backup/djen.py", line 77, in get_caderno_url
    resp.raise_for_status()
  File "/home/franklin/workspace/causaganha/.venv/lib/python3.12/site-packages/httpx/_models.py", line 829, in raise_for_status
    raise HTTPStatusError(message, request=request, response=self)
httpx.HTTPStatusError: Client error '403 Forbidden' for url 'https://comunicaapi.pje.jus.br/api/v1/caderno/TRE-PI/2026-04-08/D'
For more information check: https://developer.mozilla.org/en-US/docs/Web/HTTP/Status/403
2026-04-08 22:43:18,716 WARNING  djen_backup.backfill  {'tribunal': 'TRE-PI', 'date': '2026-04-08', 'event': 'backfill_item_error', 'level': 'warning', 'timestamp': '2026-04-09T02:43:18.716596Z'}
2026-04-08 22:43:18,771 INFO     httpx  HTTP Request: GET https://comunicaapi.pje.jus.br/api/v1/caderno/TRE-PI/2026-04-07/D "HTTP/1.1 403 Forbidden"
2026-04-08 22:43:18,773 ERROR    djen_backup.backfill  {'tribunal': 'TRE-PI', 'date': '2026-04-07', 'event': 'backfill_download_error', 'level': 'error', 'timestamp': '2026-04-09T02:43:18.773540Z', 'exception': 'Traceback (most recent call last):\n  File "/home/franklin/workspace/causaganha/src/djen_backup/backfill.py", line 557, in backfill_process_date\n    zip_url = await get_caderno_url(client, config.djen_proxy_url, tribunal, d)\n              ^^^^^^^^^^^^^^^^^^^^^^^^^^^^^^^^^^^^^^^^^^^^^^^^^^^^^^^^^^^^^^^^^\n  File "/home/franklin/workspace/causaganha/src/djen_backup/djen.py", line 77, in get_caderno_url\n    resp.raise_for_status()\n  File "/home/franklin/workspace/causaganha/.venv/lib/python3.12/site-packages/httpx/_models.py", line 829, in raise_for_status\n    raise HTTPStatusError(message, request=request, response=self)\nhttpx.HTTPStatusError: Client error \'403 Forbidden\' for url \'https://comunicaapi.pje.jus.br/api/v1/caderno/TRE-PI/2026-04-07/D\'\nFor more information check: https://developer.mozilla.org/en-US/docs/Web/HTTP/Status/403'}
Traceback (most recent call last):
  File "/home/franklin/workspace/causaganha/src/djen_backup/backfill.py", line 557, in backfill_process_date
    zip_url = await get_caderno_url(client, config.djen_proxy_url, tribunal, d)
              ^^^^^^^^^^^^^^^^^^^^^^^^^^^^^^^^^^^^^^^^^^^^^^^^^^^^^^^^^^^^^^^^^
  File "/home/franklin/workspace/causaganha/src/djen_backup/djen.py", line 77, in get_caderno_url
    resp.raise_for_status()
  File "/home/franklin/workspace/causaganha/.venv/lib/python3.12/site-packages/httpx/_models.py", line 829, in raise_for_status
    raise HTTPStatusError(message, request=request, response=self)
httpx.HTTPStatusError: Client error '403 Forbidden' for url 'https://comunicaapi.pje.jus.br/api/v1/caderno/TRE-PI/2026-04-07/D'
For more information check: https://developer.mozilla.org/en-US/docs/Web/HTTP/Status/403
2026-04-08 22:43:18,875 WARNING  djen_backup.backfill  {'tribunal': 'TRE-PI', 'date': '2026-04-07', 'event': 'backfill_item_error', 'level': 'warning', 'timestamp': '2026-04-09T02:43:18.874999Z'}
2026-04-08 22:43:18,924 INFO     httpx  HTTP Request: GET https://comunicaapi.pje.jus.br/api/v1/caderno/TRE-PI/2026-04-06/D "HTTP/1.1 403 Forbidden"
2026-04-08 22:43:18,926 ERROR    djen_backup.backfill  {'tribunal': 'TRE-PI', 'date': '2026-04-06', 'event': 'backfill_download_error', 'level': 'error', 'timestamp': '2026-04-09T02:43:18.926270Z', 'exception': 'Traceback (most recent call last):\n  File "/home/franklin/workspace/causaganha/src/djen_backup/backfill.py", line 557, in backfill_process_date\n    zip_url = await get_caderno_url(client, config.djen_proxy_url, tribunal, d)\n              ^^^^^^^^^^^^^^^^^^^^^^^^^^^^^^^^^^^^^^^^^^^^^^^^^^^^^^^^^^^^^^^^^\n  File "/home/franklin/workspace/causaganha/src/djen_backup/djen.py", line 77, in get_caderno_url\n    resp.raise_for_status()\n  File "/home/franklin/workspace/causaganha/.venv/lib/python3.12/site-packages/httpx/_models.py", line 829, in raise_for_status\n    raise HTTPStatusError(message, request=request, response=self)\nhttpx.HTTPStatusError: Client error \'403 Forbidden\' for url \'https://comunicaapi.pje.jus.br/api/v1/caderno/TRE-PI/2026-04-06/D\'\nFor more information check: https://developer.mozilla.org/en-US/docs/Web/HTTP/Status/403'}
Traceback (most recent call last):
  File "/home/franklin/workspace/causaganha/src/djen_backup/backfill.py", line 557, in backfill_process_date
    zip_url = await get_caderno_url(client, config.djen_proxy_url, tribunal, d)
              ^^^^^^^^^^^^^^^^^^^^^^^^^^^^^^^^^^^^^^^^^^^^^^^^^^^^^^^^^^^^^^^^^
  File "/home/franklin/workspace/causaganha/src/djen_backup/djen.py", line 77, in get_caderno_url
    resp.raise_for_status()
  File "/home/franklin/workspace/causaganha/.venv/lib/python3.12/site-packages/httpx/_models.py", line 829, in raise_for_status
    raise HTTPStatusError(message, request=request, response=self)
httpx.HTTPStatusError: Client error '403 Forbidden' for url 'https://comunicaapi.pje.jus.br/api/v1/caderno/TRE-PI/2026-04-06/D'
For more information check: https://developer.mozilla.org/en-US/docs/Web/HTTP/Status/403
2026-04-08 22:43:19,007 WARNING  djen_backup.backfill  {'tribunal': 'TRE-PI', 'date': '2026-04-06', 'event': 'backfill_item_error', 'level': 'warning', 'timestamp': '2026-04-09T02:43:19.007020Z'}
2026-04-08 22:43:19,007 WARNING  djen_backup.backfill  {'tribunal': 'TRE-PI', 'year': 2026, 'reason': '3 consecutive errors', 'event': 'backfill_tribunal_skipped', 'level': 'warning', 'timestamp': '2026-04-09T02:43:19.007945Z'}
2026-04-08 22:43:21,597 INFO     httpx  HTTP Request: GET https://archive.org/metadata/djen-tre-pr-2026/files "HTTP/1.1 200 OK"
2026-04-08 22:43:21,599 INFO     djen_backup.backfill  {'tribunal': 'TRE-PR', 'year': 2026, 'gaps': 98, 'event': 'backfill_tribunal_year', 'level': 'info', 'timestamp': '2026-04-09T02:43:21.599228Z'}
2026-04-08 22:43:21,646 INFO     httpx  HTTP Request: GET https://comunicaapi.pje.jus.br/api/v1/caderno/TRE-PR/2026-04-08/D "HTTP/1.1 403 Forbidden"
2026-04-08 22:43:21,648 ERROR    djen_backup.backfill  {'tribunal': 'TRE-PR', 'date': '2026-04-08', 'event': 'backfill_download_error', 'level': 'error', 'timestamp': '2026-04-09T02:43:21.648339Z', 'exception': 'Traceback (most recent call last):\n  File "/home/franklin/workspace/causaganha/src/djen_backup/backfill.py", line 557, in backfill_process_date\n    zip_url = await get_caderno_url(client, config.djen_proxy_url, tribunal, d)\n              ^^^^^^^^^^^^^^^^^^^^^^^^^^^^^^^^^^^^^^^^^^^^^^^^^^^^^^^^^^^^^^^^^\n  File "/home/franklin/workspace/causaganha/src/djen_backup/djen.py", line 77, in get_caderno_url\n    resp.raise_for_status()\n  File "/home/franklin/workspace/causaganha/.venv/lib/python3.12/site-packages/httpx/_models.py", line 829, in raise_for_status\n    raise HTTPStatusError(message, request=request, response=self)\nhttpx.HTTPStatusError: Client error \'403 Forbidden\' for url \'https://comunicaapi.pje.jus.br/api/v1/caderno/TRE-PR/2026-04-08/D\'\nFor more information check: https://developer.mozilla.org/en-US/docs/Web/HTTP/Status/403'}
Traceback (most recent call last):
  File "/home/franklin/workspace/causaganha/src/djen_backup/backfill.py", line 557, in backfill_process_date
    zip_url = await get_caderno_url(client, config.djen_proxy_url, tribunal, d)
              ^^^^^^^^^^^^^^^^^^^^^^^^^^^^^^^^^^^^^^^^^^^^^^^^^^^^^^^^^^^^^^^^^
  File "/home/franklin/workspace/causaganha/src/djen_backup/djen.py", line 77, in get_caderno_url
    resp.raise_for_status()
  File "/home/franklin/workspace/causaganha/.venv/lib/python3.12/site-packages/httpx/_models.py", line 829, in raise_for_status
    raise HTTPStatusError(message, request=request, response=self)
httpx.HTTPStatusError: Client error '403 Forbidden' for url 'https://comunicaapi.pje.jus.br/api/v1/caderno/TRE-PR/2026-04-08/D'
For more information check: https://developer.mozilla.org/en-US/docs/Web/HTTP/Status/403
2026-04-08 22:43:21,728 WARNING  djen_backup.backfill  {'tribunal': 'TRE-PR', 'date': '2026-04-08', 'event': 'backfill_item_error', 'level': 'warning', 'timestamp': '2026-04-09T02:43:21.728647Z'}
2026-04-08 22:43:21,776 INFO     httpx  HTTP Request: GET https://comunicaapi.pje.jus.br/api/v1/caderno/TRE-PR/2026-04-07/D "HTTP/1.1 403 Forbidden"
2026-04-08 22:43:21,778 ERROR    djen_backup.backfill  {'tribunal': 'TRE-PR', 'date': '2026-04-07', 'event': 'backfill_download_error', 'level': 'error', 'timestamp': '2026-04-09T02:43:21.778267Z', 'exception': 'Traceback (most recent call last):\n  File "/home/franklin/workspace/causaganha/src/djen_backup/backfill.py", line 557, in backfill_process_date\n    zip_url = await get_caderno_url(client, config.djen_proxy_url, tribunal, d)\n              ^^^^^^^^^^^^^^^^^^^^^^^^^^^^^^^^^^^^^^^^^^^^^^^^^^^^^^^^^^^^^^^^^\n  File "/home/franklin/workspace/causaganha/src/djen_backup/djen.py", line 77, in get_caderno_url\n    resp.raise_for_status()\n  File "/home/franklin/workspace/causaganha/.venv/lib/python3.12/site-packages/httpx/_models.py", line 829, in raise_for_status\n    raise HTTPStatusError(message, request=request, response=self)\nhttpx.HTTPStatusError: Client error \'403 Forbidden\' for url \'https://comunicaapi.pje.jus.br/api/v1/caderno/TRE-PR/2026-04-07/D\'\nFor more information check: https://developer.mozilla.org/en-US/docs/Web/HTTP/Status/403'}
Traceback (most recent call last):
  File "/home/franklin/workspace/causaganha/src/djen_backup/backfill.py", line 557, in backfill_process_date
    zip_url = await get_caderno_url(client, config.djen_proxy_url, tribunal, d)
              ^^^^^^^^^^^^^^^^^^^^^^^^^^^^^^^^^^^^^^^^^^^^^^^^^^^^^^^^^^^^^^^^^
  File "/home/franklin/workspace/causaganha/src/djen_backup/djen.py", line 77, in get_caderno_url
    resp.raise_for_status()
  File "/home/franklin/workspace/causaganha/.venv/lib/python3.12/site-packages/httpx/_models.py", line 829, in raise_for_status
    raise HTTPStatusError(message, request=request, response=self)
httpx.HTTPStatusError: Client error '403 Forbidden' for url 'https://comunicaapi.pje.jus.br/api/v1/caderno/TRE-PR/2026-04-07/D'
For more information check: https://developer.mozilla.org/en-US/docs/Web/HTTP/Status/403
2026-04-08 22:43:21,981 WARNING  djen_backup.backfill  {'tribunal': 'TRE-PR', 'date': '2026-04-07', 'event': 'backfill_item_error', 'level': 'warning', 'timestamp': '2026-04-09T02:43:21.981805Z'}
2026-04-08 22:43:22,031 INFO     httpx  HTTP Request: GET https://comunicaapi.pje.jus.br/api/v1/caderno/TRE-PR/2026-04-06/D "HTTP/1.1 403 Forbidden"
2026-04-08 22:43:22,034 ERROR    djen_backup.backfill  {'tribunal': 'TRE-PR', 'date': '2026-04-06', 'event': 'backfill_download_error', 'level': 'error', 'timestamp': '2026-04-09T02:43:22.033873Z', 'exception': 'Traceback (most recent call last):\n  File "/home/franklin/workspace/causaganha/src/djen_backup/backfill.py", line 557, in backfill_process_date\n    zip_url = await get_caderno_url(client, config.djen_proxy_url, tribunal, d)\n              ^^^^^^^^^^^^^^^^^^^^^^^^^^^^^^^^^^^^^^^^^^^^^^^^^^^^^^^^^^^^^^^^^\n  File "/home/franklin/workspace/causaganha/src/djen_backup/djen.py", line 77, in get_caderno_url\n    resp.raise_for_status()\n  File "/home/franklin/workspace/causaganha/.venv/lib/python3.12/site-packages/httpx/_models.py", line 829, in raise_for_status\n    raise HTTPStatusError(message, request=request, response=self)\nhttpx.HTTPStatusError: Client error \'403 Forbidden\' for url \'https://comunicaapi.pje.jus.br/api/v1/caderno/TRE-PR/2026-04-06/D\'\nFor more information check: https://developer.mozilla.org/en-US/docs/Web/HTTP/Status/403'}
Traceback (most recent call last):
  File "/home/franklin/workspace/causaganha/src/djen_backup/backfill.py", line 557, in backfill_process_date
    zip_url = await get_caderno_url(client, config.djen_proxy_url, tribunal, d)
              ^^^^^^^^^^^^^^^^^^^^^^^^^^^^^^^^^^^^^^^^^^^^^^^^^^^^^^^^^^^^^^^^^
  File "/home/franklin/workspace/causaganha/src/djen_backup/djen.py", line 77, in get_caderno_url
    resp.raise_for_status()
  File "/home/franklin/workspace/causaganha/.venv/lib/python3.12/site-packages/httpx/_models.py", line 829, in raise_for_status
    raise HTTPStatusError(message, request=request, response=self)
httpx.HTTPStatusError: Client error '403 Forbidden' for url 'https://comunicaapi.pje.jus.br/api/v1/caderno/TRE-PR/2026-04-06/D'
For more information check: https://developer.mozilla.org/en-US/docs/Web/HTTP/Status/403
2026-04-08 22:43:22,116 WARNING  djen_backup.backfill  {'tribunal': 'TRE-PR', 'date': '2026-04-06', 'event': 'backfill_item_error', 'level': 'warning', 'timestamp': '2026-04-09T02:43:22.116355Z'}
2026-04-08 22:43:22,117 WARNING  djen_backup.backfill  {'tribunal': 'TRE-PR', 'year': 2026, 'reason': '3 consecutive errors', 'event': 'backfill_tribunal_skipped', 'level': 'warning', 'timestamp': '2026-04-09T02:43:22.117871Z'}
2026-04-08 22:43:24,667 INFO     httpx  HTTP Request: GET https://archive.org/metadata/djen-tre-rj-2026/files "HTTP/1.1 200 OK"
2026-04-08 22:43:24,670 INFO     djen_backup.backfill  {'tribunal': 'TRE-RJ', 'year': 2026, 'gaps': 98, 'event': 'backfill_tribunal_year', 'level': 'info', 'timestamp': '2026-04-09T02:43:24.670343Z'}
2026-04-08 22:43:24,718 INFO     httpx  HTTP Request: GET https://comunicaapi.pje.jus.br/api/v1/caderno/TRE-RJ/2026-04-08/D "HTTP/1.1 403 Forbidden"
2026-04-08 22:43:24,722 ERROR    djen_backup.backfill  {'tribunal': 'TRE-RJ', 'date': '2026-04-08', 'event': 'backfill_download_error', 'level': 'error', 'timestamp': '2026-04-09T02:43:24.721811Z', 'exception': 'Traceback (most recent call last):\n  File "/home/franklin/workspace/causaganha/src/djen_backup/backfill.py", line 557, in backfill_process_date\n    zip_url = await get_caderno_url(client, config.djen_proxy_url, tribunal, d)\n              ^^^^^^^^^^^^^^^^^^^^^^^^^^^^^^^^^^^^^^^^^^^^^^^^^^^^^^^^^^^^^^^^^\n  File "/home/franklin/workspace/causaganha/src/djen_backup/djen.py", line 77, in get_caderno_url\n    resp.raise_for_status()\n  File "/home/franklin/workspace/causaganha/.venv/lib/python3.12/site-packages/httpx/_models.py", line 829, in raise_for_status\n    raise HTTPStatusError(message, request=request, response=self)\nhttpx.HTTPStatusError: Client error \'403 Forbidden\' for url \'https://comunicaapi.pje.jus.br/api/v1/caderno/TRE-RJ/2026-04-08/D\'\nFor more information check: https://developer.mozilla.org/en-US/docs/Web/HTTP/Status/403'}
Traceback (most recent call last):
  File "/home/franklin/workspace/causaganha/src/djen_backup/backfill.py", line 557, in backfill_process_date
    zip_url = await get_caderno_url(client, config.djen_proxy_url, tribunal, d)
              ^^^^^^^^^^^^^^^^^^^^^^^^^^^^^^^^^^^^^^^^^^^^^^^^^^^^^^^^^^^^^^^^^
  File "/home/franklin/workspace/causaganha/src/djen_backup/djen.py", line 77, in get_caderno_url
    resp.raise_for_status()
  File "/home/franklin/workspace/causaganha/.venv/lib/python3.12/site-packages/httpx/_models.py", line 829, in raise_for_status
    raise HTTPStatusError(message, request=request, response=self)
httpx.HTTPStatusError: Client error '403 Forbidden' for url 'https://comunicaapi.pje.jus.br/api/v1/caderno/TRE-RJ/2026-04-08/D'
For more information check: https://developer.mozilla.org/en-US/docs/Web/HTTP/Status/403
2026-04-08 22:43:24,809 WARNING  djen_backup.backfill  {'tribunal': 'TRE-RJ', 'date': '2026-04-08', 'event': 'backfill_item_error', 'level': 'warning', 'timestamp': '2026-04-09T02:43:24.809511Z'}
2026-04-08 22:43:24,861 INFO     httpx  HTTP Request: GET https://comunicaapi.pje.jus.br/api/v1/caderno/TRE-RJ/2026-04-07/D "HTTP/1.1 403 Forbidden"
2026-04-08 22:43:24,864 ERROR    djen_backup.backfill  {'tribunal': 'TRE-RJ', 'date': '2026-04-07', 'event': 'backfill_download_error', 'level': 'error', 'timestamp': '2026-04-09T02:43:24.863633Z', 'exception': 'Traceback (most recent call last):\n  File "/home/franklin/workspace/causaganha/src/djen_backup/backfill.py", line 557, in backfill_process_date\n    zip_url = await get_caderno_url(client, config.djen_proxy_url, tribunal, d)\n              ^^^^^^^^^^^^^^^^^^^^^^^^^^^^^^^^^^^^^^^^^^^^^^^^^^^^^^^^^^^^^^^^^\n  File "/home/franklin/workspace/causaganha/src/djen_backup/djen.py", line 77, in get_caderno_url\n    resp.raise_for_status()\n  File "/home/franklin/workspace/causaganha/.venv/lib/python3.12/site-packages/httpx/_models.py", line 829, in raise_for_status\n    raise HTTPStatusError(message, request=request, response=self)\nhttpx.HTTPStatusError: Client error \'403 Forbidden\' for url \'https://comunicaapi.pje.jus.br/api/v1/caderno/TRE-RJ/2026-04-07/D\'\nFor more information check: https://developer.mozilla.org/en-US/docs/Web/HTTP/Status/403'}
Traceback (most recent call last):
  File "/home/franklin/workspace/causaganha/src/djen_backup/backfill.py", line 557, in backfill_process_date
    zip_url = await get_caderno_url(client, config.djen_proxy_url, tribunal, d)
              ^^^^^^^^^^^^^^^^^^^^^^^^^^^^^^^^^^^^^^^^^^^^^^^^^^^^^^^^^^^^^^^^^
  File "/home/franklin/workspace/causaganha/src/djen_backup/djen.py", line 77, in get_caderno_url
    resp.raise_for_status()
  File "/home/franklin/workspace/causaganha/.venv/lib/python3.12/site-packages/httpx/_models.py", line 829, in raise_for_status
    raise HTTPStatusError(message, request=request, response=self)
httpx.HTTPStatusError: Client error '403 Forbidden' for url 'https://comunicaapi.pje.jus.br/api/v1/caderno/TRE-RJ/2026-04-07/D'
For more information check: https://developer.mozilla.org/en-US/docs/Web/HTTP/Status/403
2026-04-08 22:43:24,944 WARNING  djen_backup.backfill  {'tribunal': 'TRE-RJ', 'date': '2026-04-07', 'event': 'backfill_item_error', 'level': 'warning', 'timestamp': '2026-04-09T02:43:24.944019Z'}
2026-04-08 22:43:24,993 INFO     httpx  HTTP Request: GET https://comunicaapi.pje.jus.br/api/v1/caderno/TRE-RJ/2026-04-06/D "HTTP/1.1 403 Forbidden"
2026-04-08 22:43:24,996 ERROR    djen_backup.backfill  {'tribunal': 'TRE-RJ', 'date': '2026-04-06', 'event': 'backfill_download_error', 'level': 'error', 'timestamp': '2026-04-09T02:43:24.996195Z', 'exception': 'Traceback (most recent call last):\n  File "/home/franklin/workspace/causaganha/src/djen_backup/backfill.py", line 557, in backfill_process_date\n    zip_url = await get_caderno_url(client, config.djen_proxy_url, tribunal, d)\n              ^^^^^^^^^^^^^^^^^^^^^^^^^^^^^^^^^^^^^^^^^^^^^^^^^^^^^^^^^^^^^^^^^\n  File "/home/franklin/workspace/causaganha/src/djen_backup/djen.py", line 77, in get_caderno_url\n    resp.raise_for_status()\n  File "/home/franklin/workspace/causaganha/.venv/lib/python3.12/site-packages/httpx/_models.py", line 829, in raise_for_status\n    raise HTTPStatusError(message, request=request, response=self)\nhttpx.HTTPStatusError: Client error \'403 Forbidden\' for url \'https://comunicaapi.pje.jus.br/api/v1/caderno/TRE-RJ/2026-04-06/D\'\nFor more information check: https://developer.mozilla.org/en-US/docs/Web/HTTP/Status/403'}
Traceback (most recent call last):
  File "/home/franklin/workspace/causaganha/src/djen_backup/backfill.py", line 557, in backfill_process_date
    zip_url = await get_caderno_url(client, config.djen_proxy_url, tribunal, d)
              ^^^^^^^^^^^^^^^^^^^^^^^^^^^^^^^^^^^^^^^^^^^^^^^^^^^^^^^^^^^^^^^^^
  File "/home/franklin/workspace/causaganha/src/djen_backup/djen.py", line 77, in get_caderno_url
    resp.raise_for_status()
  File "/home/franklin/workspace/causaganha/.venv/lib/python3.12/site-packages/httpx/_models.py", line 829, in raise_for_status
    raise HTTPStatusError(message, request=request, response=self)
httpx.HTTPStatusError: Client error '403 Forbidden' for url 'https://comunicaapi.pje.jus.br/api/v1/caderno/TRE-RJ/2026-04-06/D'
For more information check: https://developer.mozilla.org/en-US/docs/Web/HTTP/Status/403
2026-04-08 22:43:25,069 WARNING  djen_backup.backfill  {'tribunal': 'TRE-RJ', 'date': '2026-04-06', 'event': 'backfill_item_error', 'level': 'warning', 'timestamp': '2026-04-09T02:43:25.069936Z'}
2026-04-08 22:43:25,070 WARNING  djen_backup.backfill  {'tribunal': 'TRE-RJ', 'year': 2026, 'reason': '3 consecutive errors', 'event': 'backfill_tribunal_skipped', 'level': 'warning', 'timestamp': '2026-04-09T02:43:25.070881Z'}
2026-04-08 22:43:27,627 INFO     httpx  HTTP Request: GET https://archive.org/metadata/djen-tre-rn-2026/files "HTTP/1.1 200 OK"
2026-04-08 22:43:27,630 INFO     djen_backup.backfill  {'tribunal': 'TRE-RN', 'year': 2026, 'gaps': 98, 'event': 'backfill_tribunal_year', 'level': 'info', 'timestamp': '2026-04-09T02:43:27.630829Z'}
2026-04-08 22:43:27,682 INFO     httpx  HTTP Request: GET https://comunicaapi.pje.jus.br/api/v1/caderno/TRE-RN/2026-04-08/D "HTTP/1.1 403 Forbidden"
2026-04-08 22:43:27,684 ERROR    djen_backup.backfill  {'tribunal': 'TRE-RN', 'date': '2026-04-08', 'event': 'backfill_download_error', 'level': 'error', 'timestamp': '2026-04-09T02:43:27.684079Z', 'exception': 'Traceback (most recent call last):\n  File "/home/franklin/workspace/causaganha/src/djen_backup/backfill.py", line 557, in backfill_process_date\n    zip_url = await get_caderno_url(client, config.djen_proxy_url, tribunal, d)\n              ^^^^^^^^^^^^^^^^^^^^^^^^^^^^^^^^^^^^^^^^^^^^^^^^^^^^^^^^^^^^^^^^^\n  File "/home/franklin/workspace/causaganha/src/djen_backup/djen.py", line 77, in get_caderno_url\n    resp.raise_for_status()\n  File "/home/franklin/workspace/causaganha/.venv/lib/python3.12/site-packages/httpx/_models.py", line 829, in raise_for_status\n    raise HTTPStatusError(message, request=request, response=self)\nhttpx.HTTPStatusError: Client error \'403 Forbidden\' for url \'https://comunicaapi.pje.jus.br/api/v1/caderno/TRE-RN/2026-04-08/D\'\nFor more information check: https://developer.mozilla.org/en-US/docs/Web/HTTP/Status/403'}
Traceback (most recent call last):
  File "/home/franklin/workspace/causaganha/src/djen_backup/backfill.py", line 557, in backfill_process_date
    zip_url = await get_caderno_url(client, config.djen_proxy_url, tribunal, d)
              ^^^^^^^^^^^^^^^^^^^^^^^^^^^^^^^^^^^^^^^^^^^^^^^^^^^^^^^^^^^^^^^^^
  File "/home/franklin/workspace/causaganha/src/djen_backup/djen.py", line 77, in get_caderno_url
    resp.raise_for_status()
  File "/home/franklin/workspace/causaganha/.venv/lib/python3.12/site-packages/httpx/_models.py", line 829, in raise_for_status
    raise HTTPStatusError(message, request=request, response=self)
httpx.HTTPStatusError: Client error '403 Forbidden' for url 'https://comunicaapi.pje.jus.br/api/v1/caderno/TRE-RN/2026-04-08/D'
For more information check: https://developer.mozilla.org/en-US/docs/Web/HTTP/Status/403
2026-04-08 22:43:27,757 WARNING  djen_backup.backfill  {'tribunal': 'TRE-RN', 'date': '2026-04-08', 'event': 'backfill_item_error', 'level': 'warning', 'timestamp': '2026-04-09T02:43:27.757396Z'}
2026-04-08 22:43:27,803 INFO     httpx  HTTP Request: GET https://comunicaapi.pje.jus.br/api/v1/caderno/TRE-RN/2026-04-07/D "HTTP/1.1 403 Forbidden"
2026-04-08 22:43:27,805 ERROR    djen_backup.backfill  {'tribunal': 'TRE-RN', 'date': '2026-04-07', 'event': 'backfill_download_error', 'level': 'error', 'timestamp': '2026-04-09T02:43:27.805390Z', 'exception': 'Traceback (most recent call last):\n  File "/home/franklin/workspace/causaganha/src/djen_backup/backfill.py", line 557, in backfill_process_date\n    zip_url = await get_caderno_url(client, config.djen_proxy_url, tribunal, d)\n              ^^^^^^^^^^^^^^^^^^^^^^^^^^^^^^^^^^^^^^^^^^^^^^^^^^^^^^^^^^^^^^^^^\n  File "/home/franklin/workspace/causaganha/src/djen_backup/djen.py", line 77, in get_caderno_url\n    resp.raise_for_status()\n  File "/home/franklin/workspace/causaganha/.venv/lib/python3.12/site-packages/httpx/_models.py", line 829, in raise_for_status\n    raise HTTPStatusError(message, request=request, response=self)\nhttpx.HTTPStatusError: Client error \'403 Forbidden\' for url \'https://comunicaapi.pje.jus.br/api/v1/caderno/TRE-RN/2026-04-07/D\'\nFor more information check: https://developer.mozilla.org/en-US/docs/Web/HTTP/Status/403'}
Traceback (most recent call last):
  File "/home/franklin/workspace/causaganha/src/djen_backup/backfill.py", line 557, in backfill_process_date
    zip_url = await get_caderno_url(client, config.djen_proxy_url, tribunal, d)
              ^^^^^^^^^^^^^^^^^^^^^^^^^^^^^^^^^^^^^^^^^^^^^^^^^^^^^^^^^^^^^^^^^
  File "/home/franklin/workspace/causaganha/src/djen_backup/djen.py", line 77, in get_caderno_url
    resp.raise_for_status()
  File "/home/franklin/workspace/causaganha/.venv/lib/python3.12/site-packages/httpx/_models.py", line 829, in raise_for_status
    raise HTTPStatusError(message, request=request, response=self)
httpx.HTTPStatusError: Client error '403 Forbidden' for url 'https://comunicaapi.pje.jus.br/api/v1/caderno/TRE-RN/2026-04-07/D'
For more information check: https://developer.mozilla.org/en-US/docs/Web/HTTP/Status/403
2026-04-08 22:43:27,886 WARNING  djen_backup.backfill  {'tribunal': 'TRE-RN', 'date': '2026-04-07', 'event': 'backfill_item_error', 'level': 'warning', 'timestamp': '2026-04-09T02:43:27.886916Z'}
2026-04-08 22:43:27,933 INFO     httpx  HTTP Request: GET https://comunicaapi.pje.jus.br/api/v1/caderno/TRE-RN/2026-04-06/D "HTTP/1.1 403 Forbidden"
2026-04-08 22:43:27,935 ERROR    djen_backup.backfill  {'tribunal': 'TRE-RN', 'date': '2026-04-06', 'event': 'backfill_download_error', 'level': 'error', 'timestamp': '2026-04-09T02:43:27.935274Z', 'exception': 'Traceback (most recent call last):\n  File "/home/franklin/workspace/causaganha/src/djen_backup/backfill.py", line 557, in backfill_process_date\n    zip_url = await get_caderno_url(client, config.djen_proxy_url, tribunal, d)\n              ^^^^^^^^^^^^^^^^^^^^^^^^^^^^^^^^^^^^^^^^^^^^^^^^^^^^^^^^^^^^^^^^^\n  File "/home/franklin/workspace/causaganha/src/djen_backup/djen.py", line 77, in get_caderno_url\n    resp.raise_for_status()\n  File "/home/franklin/workspace/causaganha/.venv/lib/python3.12/site-packages/httpx/_models.py", line 829, in raise_for_status\n    raise HTTPStatusError(message, request=request, response=self)\nhttpx.HTTPStatusError: Client error \'403 Forbidden\' for url \'https://comunicaapi.pje.jus.br/api/v1/caderno/TRE-RN/2026-04-06/D\'\nFor more information check: https://developer.mozilla.org/en-US/docs/Web/HTTP/Status/403'}
Traceback (most recent call last):
  File "/home/franklin/workspace/causaganha/src/djen_backup/backfill.py", line 557, in backfill_process_date
    zip_url = await get_caderno_url(client, config.djen_proxy_url, tribunal, d)
              ^^^^^^^^^^^^^^^^^^^^^^^^^^^^^^^^^^^^^^^^^^^^^^^^^^^^^^^^^^^^^^^^^
  File "/home/franklin/workspace/causaganha/src/djen_backup/djen.py", line 77, in get_caderno_url
    resp.raise_for_status()
  File "/home/franklin/workspace/causaganha/.venv/lib/python3.12/site-packages/httpx/_models.py", line 829, in raise_for_status
    raise HTTPStatusError(message, request=request, response=self)
httpx.HTTPStatusError: Client error '403 Forbidden' for url 'https://comunicaapi.pje.jus.br/api/v1/caderno/TRE-RN/2026-04-06/D'
For more information check: https://developer.mozilla.org/en-US/docs/Web/HTTP/Status/403
2026-04-08 22:43:28,011 WARNING  djen_backup.backfill  {'tribunal': 'TRE-RN', 'date': '2026-04-06', 'event': 'backfill_item_error', 'level': 'warning', 'timestamp': '2026-04-09T02:43:28.011702Z'}
2026-04-08 22:43:28,013 WARNING  djen_backup.backfill  {'tribunal': 'TRE-RN', 'year': 2026, 'reason': '3 consecutive errors', 'event': 'backfill_tribunal_skipped', 'level': 'warning', 'timestamp': '2026-04-09T02:43:28.013249Z'}
2026-04-08 22:43:30,574 INFO     httpx  HTTP Request: GET https://archive.org/metadata/djen-tre-ro-2026/files "HTTP/1.1 200 OK"
2026-04-08 22:43:30,577 INFO     djen_backup.backfill  {'tribunal': 'TRE-RO', 'year': 2026, 'gaps': 98, 'event': 'backfill_tribunal_year', 'level': 'info', 'timestamp': '2026-04-09T02:43:30.577778Z'}
2026-04-08 22:43:30,627 INFO     httpx  HTTP Request: GET https://comunicaapi.pje.jus.br/api/v1/caderno/TRE-RO/2026-04-08/D "HTTP/1.1 403 Forbidden"
2026-04-08 22:43:30,630 ERROR    djen_backup.backfill  {'tribunal': 'TRE-RO', 'date': '2026-04-08', 'event': 'backfill_download_error', 'level': 'error', 'timestamp': '2026-04-09T02:43:30.629973Z', 'exception': 'Traceback (most recent call last):\n  File "/home/franklin/workspace/causaganha/src/djen_backup/backfill.py", line 557, in backfill_process_date\n    zip_url = await get_caderno_url(client, config.djen_proxy_url, tribunal, d)\n              ^^^^^^^^^^^^^^^^^^^^^^^^^^^^^^^^^^^^^^^^^^^^^^^^^^^^^^^^^^^^^^^^^\n  File "/home/franklin/workspace/causaganha/src/djen_backup/djen.py", line 77, in get_caderno_url\n    resp.raise_for_status()\n  File "/home/franklin/workspace/causaganha/.venv/lib/python3.12/site-packages/httpx/_models.py", line 829, in raise_for_status\n    raise HTTPStatusError(message, request=request, response=self)\nhttpx.HTTPStatusError: Client error \'403 Forbidden\' for url \'https://comunicaapi.pje.jus.br/api/v1/caderno/TRE-RO/2026-04-08/D\'\nFor more information check: https://developer.mozilla.org/en-US/docs/Web/HTTP/Status/403'}
Traceback (most recent call last):
  File "/home/franklin/workspace/causaganha/src/djen_backup/backfill.py", line 557, in backfill_process_date
    zip_url = await get_caderno_url(client, config.djen_proxy_url, tribunal, d)
              ^^^^^^^^^^^^^^^^^^^^^^^^^^^^^^^^^^^^^^^^^^^^^^^^^^^^^^^^^^^^^^^^^
  File "/home/franklin/workspace/causaganha/src/djen_backup/djen.py", line 77, in get_caderno_url
    resp.raise_for_status()
  File "/home/franklin/workspace/causaganha/.venv/lib/python3.12/site-packages/httpx/_models.py", line 829, in raise_for_status
    raise HTTPStatusError(message, request=request, response=self)
httpx.HTTPStatusError: Client error '403 Forbidden' for url 'https://comunicaapi.pje.jus.br/api/v1/caderno/TRE-RO/2026-04-08/D'
For more information check: https://developer.mozilla.org/en-US/docs/Web/HTTP/Status/403
2026-04-08 22:43:30,723 WARNING  djen_backup.backfill  {'tribunal': 'TRE-RO', 'date': '2026-04-08', 'event': 'backfill_item_error', 'level': 'warning', 'timestamp': '2026-04-09T02:43:30.723321Z'}
2026-04-08 22:43:30,769 INFO     httpx  HTTP Request: GET https://comunicaapi.pje.jus.br/api/v1/caderno/TRE-RO/2026-04-07/D "HTTP/1.1 403 Forbidden"
2026-04-08 22:43:30,771 ERROR    djen_backup.backfill  {'tribunal': 'TRE-RO', 'date': '2026-04-07', 'event': 'backfill_download_error', 'level': 'error', 'timestamp': '2026-04-09T02:43:30.771437Z', 'exception': 'Traceback (most recent call last):\n  File "/home/franklin/workspace/causaganha/src/djen_backup/backfill.py", line 557, in backfill_process_date\n    zip_url = await get_caderno_url(client, config.djen_proxy_url, tribunal, d)\n              ^^^^^^^^^^^^^^^^^^^^^^^^^^^^^^^^^^^^^^^^^^^^^^^^^^^^^^^^^^^^^^^^^\n  File "/home/franklin/workspace/causaganha/src/djen_backup/djen.py", line 77, in get_caderno_url\n    resp.raise_for_status()\n  File "/home/franklin/workspace/causaganha/.venv/lib/python3.12/site-packages/httpx/_models.py", line 829, in raise_for_status\n    raise HTTPStatusError(message, request=request, response=self)\nhttpx.HTTPStatusError: Client error \'403 Forbidden\' for url \'https://comunicaapi.pje.jus.br/api/v1/caderno/TRE-RO/2026-04-07/D\'\nFor more information check: https://developer.mozilla.org/en-US/docs/Web/HTTP/Status/403'}
Traceback (most recent call last):
  File "/home/franklin/workspace/causaganha/src/djen_backup/backfill.py", line 557, in backfill_process_date
    zip_url = await get_caderno_url(client, config.djen_proxy_url, tribunal, d)
              ^^^^^^^^^^^^^^^^^^^^^^^^^^^^^^^^^^^^^^^^^^^^^^^^^^^^^^^^^^^^^^^^^
  File "/home/franklin/workspace/causaganha/src/djen_backup/djen.py", line 77, in get_caderno_url
    resp.raise_for_status()
  File "/home/franklin/workspace/causaganha/.venv/lib/python3.12/site-packages/httpx/_models.py", line 829, in raise_for_status
    raise HTTPStatusError(message, request=request, response=self)
httpx.HTTPStatusError: Client error '403 Forbidden' for url 'https://comunicaapi.pje.jus.br/api/v1/caderno/TRE-RO/2026-04-07/D'
For more information check: https://developer.mozilla.org/en-US/docs/Web/HTTP/Status/403
2026-04-08 22:43:30,851 WARNING  djen_backup.backfill  {'tribunal': 'TRE-RO', 'date': '2026-04-07', 'event': 'backfill_item_error', 'level': 'warning', 'timestamp': '2026-04-09T02:43:30.851656Z'}
2026-04-08 22:43:30,899 INFO     httpx  HTTP Request: GET https://comunicaapi.pje.jus.br/api/v1/caderno/TRE-RO/2026-04-06/D "HTTP/1.1 403 Forbidden"
2026-04-08 22:43:30,901 ERROR    djen_backup.backfill  {'tribunal': 'TRE-RO', 'date': '2026-04-06', 'event': 'backfill_download_error', 'level': 'error', 'timestamp': '2026-04-09T02:43:30.901018Z', 'exception': 'Traceback (most recent call last):\n  File "/home/franklin/workspace/causaganha/src/djen_backup/backfill.py", line 557, in backfill_process_date\n    zip_url = await get_caderno_url(client, config.djen_proxy_url, tribunal, d)\n              ^^^^^^^^^^^^^^^^^^^^^^^^^^^^^^^^^^^^^^^^^^^^^^^^^^^^^^^^^^^^^^^^^\n  File "/home/franklin/workspace/causaganha/src/djen_backup/djen.py", line 77, in get_caderno_url\n    resp.raise_for_status()\n  File "/home/franklin/workspace/causaganha/.venv/lib/python3.12/site-packages/httpx/_models.py", line 829, in raise_for_status\n    raise HTTPStatusError(message, request=request, response=self)\nhttpx.HTTPStatusError: Client error \'403 Forbidden\' for url \'https://comunicaapi.pje.jus.br/api/v1/caderno/TRE-RO/2026-04-06/D\'\nFor more information check: https://developer.mozilla.org/en-US/docs/Web/HTTP/Status/403'}
Traceback (most recent call last):
  File "/home/franklin/workspace/causaganha/src/djen_backup/backfill.py", line 557, in backfill_process_date
    zip_url = await get_caderno_url(client, config.djen_proxy_url, tribunal, d)
              ^^^^^^^^^^^^^^^^^^^^^^^^^^^^^^^^^^^^^^^^^^^^^^^^^^^^^^^^^^^^^^^^^
  File "/home/franklin/workspace/causaganha/src/djen_backup/djen.py", line 77, in get_caderno_url
    resp.raise_for_status()
  File "/home/franklin/workspace/causaganha/.venv/lib/python3.12/site-packages/httpx/_models.py", line 829, in raise_for_status
    raise HTTPStatusError(message, request=request, response=self)
httpx.HTTPStatusError: Client error '403 Forbidden' for url 'https://comunicaapi.pje.jus.br/api/v1/caderno/TRE-RO/2026-04-06/D'
For more information check: https://developer.mozilla.org/en-US/docs/Web/HTTP/Status/403
2026-04-08 22:43:31,003 WARNING  djen_backup.backfill  {'tribunal': 'TRE-RO', 'date': '2026-04-06', 'event': 'backfill_item_error', 'level': 'warning', 'timestamp': '2026-04-09T02:43:31.001780Z'}
2026-04-08 22:43:31,005 WARNING  djen_backup.backfill  {'tribunal': 'TRE-RO', 'year': 2026, 'reason': '3 consecutive errors', 'event': 'backfill_tribunal_skipped', 'level': 'warning', 'timestamp': '2026-04-09T02:43:31.005185Z'}
2026-04-08 22:43:33,543 INFO     httpx  HTTP Request: GET https://archive.org/metadata/djen-tre-rr-2026/files "HTTP/1.1 200 OK"
2026-04-08 22:43:33,546 INFO     djen_backup.backfill  {'tribunal': 'TRE-RR', 'year': 2026, 'gaps': 98, 'event': 'backfill_tribunal_year', 'level': 'info', 'timestamp': '2026-04-09T02:43:33.545997Z'}
2026-04-08 22:43:33,623 INFO     httpx  HTTP Request: GET https://comunicaapi.pje.jus.br/api/v1/caderno/TRE-RR/2026-04-08/D "HTTP/1.1 403 Forbidden"
2026-04-08 22:43:33,627 ERROR    djen_backup.backfill  {'tribunal': 'TRE-RR', 'date': '2026-04-08', 'event': 'backfill_download_error', 'level': 'error', 'timestamp': '2026-04-09T02:43:33.626558Z', 'exception': 'Traceback (most recent call last):\n  File "/home/franklin/workspace/causaganha/src/djen_backup/backfill.py", line 557, in backfill_process_date\n    zip_url = await get_caderno_url(client, config.djen_proxy_url, tribunal, d)\n              ^^^^^^^^^^^^^^^^^^^^^^^^^^^^^^^^^^^^^^^^^^^^^^^^^^^^^^^^^^^^^^^^^\n  File "/home/franklin/workspace/causaganha/src/djen_backup/djen.py", line 77, in get_caderno_url\n    resp.raise_for_status()\n  File "/home/franklin/workspace/causaganha/.venv/lib/python3.12/site-packages/httpx/_models.py", line 829, in raise_for_status\n    raise HTTPStatusError(message, request=request, response=self)\nhttpx.HTTPStatusError: Client error \'403 Forbidden\' for url \'https://comunicaapi.pje.jus.br/api/v1/caderno/TRE-RR/2026-04-08/D\'\nFor more information check: https://developer.mozilla.org/en-US/docs/Web/HTTP/Status/403'}
Traceback (most recent call last):
  File "/home/franklin/workspace/causaganha/src/djen_backup/backfill.py", line 557, in backfill_process_date
    zip_url = await get_caderno_url(client, config.djen_proxy_url, tribunal, d)
              ^^^^^^^^^^^^^^^^^^^^^^^^^^^^^^^^^^^^^^^^^^^^^^^^^^^^^^^^^^^^^^^^^
  File "/home/franklin/workspace/causaganha/src/djen_backup/djen.py", line 77, in get_caderno_url
    resp.raise_for_status()
  File "/home/franklin/workspace/causaganha/.venv/lib/python3.12/site-packages/httpx/_models.py", line 829, in raise_for_status
    raise HTTPStatusError(message, request=request, response=self)
httpx.HTTPStatusError: Client error '403 Forbidden' for url 'https://comunicaapi.pje.jus.br/api/v1/caderno/TRE-RR/2026-04-08/D'
For more information check: https://developer.mozilla.org/en-US/docs/Web/HTTP/Status/403
2026-04-08 22:43:33,716 WARNING  djen_backup.backfill  {'tribunal': 'TRE-RR', 'date': '2026-04-08', 'event': 'backfill_item_error', 'level': 'warning', 'timestamp': '2026-04-09T02:43:33.716355Z'}
2026-04-08 22:43:33,788 INFO     httpx  HTTP Request: GET https://comunicaapi.pje.jus.br/api/v1/caderno/TRE-RR/2026-04-07/D "HTTP/1.1 403 Forbidden"
2026-04-08 22:43:33,790 ERROR    djen_backup.backfill  {'tribunal': 'TRE-RR', 'date': '2026-04-07', 'event': 'backfill_download_error', 'level': 'error', 'timestamp': '2026-04-09T02:43:33.789880Z', 'exception': 'Traceback (most recent call last):\n  File "/home/franklin/workspace/causaganha/src/djen_backup/backfill.py", line 557, in backfill_process_date\n    zip_url = await get_caderno_url(client, config.djen_proxy_url, tribunal, d)\n              ^^^^^^^^^^^^^^^^^^^^^^^^^^^^^^^^^^^^^^^^^^^^^^^^^^^^^^^^^^^^^^^^^\n  File "/home/franklin/workspace/causaganha/src/djen_backup/djen.py", line 77, in get_caderno_url\n    resp.raise_for_status()\n  File "/home/franklin/workspace/causaganha/.venv/lib/python3.12/site-packages/httpx/_models.py", line 829, in raise_for_status\n    raise HTTPStatusError(message, request=request, response=self)\nhttpx.HTTPStatusError: Client error \'403 Forbidden\' for url \'https://comunicaapi.pje.jus.br/api/v1/caderno/TRE-RR/2026-04-07/D\'\nFor more information check: https://developer.mozilla.org/en-US/docs/Web/HTTP/Status/403'}
Traceback (most recent call last):
  File "/home/franklin/workspace/causaganha/src/djen_backup/backfill.py", line 557, in backfill_process_date
    zip_url = await get_caderno_url(client, config.djen_proxy_url, tribunal, d)
              ^^^^^^^^^^^^^^^^^^^^^^^^^^^^^^^^^^^^^^^^^^^^^^^^^^^^^^^^^^^^^^^^^
  File "/home/franklin/workspace/causaganha/src/djen_backup/djen.py", line 77, in get_caderno_url
    resp.raise_for_status()
  File "/home/franklin/workspace/causaganha/.venv/lib/python3.12/site-packages/httpx/_models.py", line 829, in raise_for_status
    raise HTTPStatusError(message, request=request, response=self)
httpx.HTTPStatusError: Client error '403 Forbidden' for url 'https://comunicaapi.pje.jus.br/api/v1/caderno/TRE-RR/2026-04-07/D'
For more information check: https://developer.mozilla.org/en-US/docs/Web/HTTP/Status/403
2026-04-08 22:43:33,881 WARNING  djen_backup.backfill  {'tribunal': 'TRE-RR', 'date': '2026-04-07', 'event': 'backfill_item_error', 'level': 'warning', 'timestamp': '2026-04-09T02:43:33.881080Z'}
2026-04-08 22:43:33,932 INFO     httpx  HTTP Request: GET https://comunicaapi.pje.jus.br/api/v1/caderno/TRE-RR/2026-04-06/D "HTTP/1.1 403 Forbidden"
2026-04-08 22:43:33,934 ERROR    djen_backup.backfill  {'tribunal': 'TRE-RR', 'date': '2026-04-06', 'event': 'backfill_download_error', 'level': 'error', 'timestamp': '2026-04-09T02:43:33.934411Z', 'exception': 'Traceback (most recent call last):\n  File "/home/franklin/workspace/causaganha/src/djen_backup/backfill.py", line 557, in backfill_process_date\n    zip_url = await get_caderno_url(client, config.djen_proxy_url, tribunal, d)\n              ^^^^^^^^^^^^^^^^^^^^^^^^^^^^^^^^^^^^^^^^^^^^^^^^^^^^^^^^^^^^^^^^^\n  File "/home/franklin/workspace/causaganha/src/djen_backup/djen.py", line 77, in get_caderno_url\n    resp.raise_for_status()\n  File "/home/franklin/workspace/causaganha/.venv/lib/python3.12/site-packages/httpx/_models.py", line 829, in raise_for_status\n    raise HTTPStatusError(message, request=request, response=self)\nhttpx.HTTPStatusError: Client error \'403 Forbidden\' for url \'https://comunicaapi.pje.jus.br/api/v1/caderno/TRE-RR/2026-04-06/D\'\nFor more information check: https://developer.mozilla.org/en-US/docs/Web/HTTP/Status/403'}
Traceback (most recent call last):
  File "/home/franklin/workspace/causaganha/src/djen_backup/backfill.py", line 557, in backfill_process_date
    zip_url = await get_caderno_url(client, config.djen_proxy_url, tribunal, d)
              ^^^^^^^^^^^^^^^^^^^^^^^^^^^^^^^^^^^^^^^^^^^^^^^^^^^^^^^^^^^^^^^^^
  File "/home/franklin/workspace/causaganha/src/djen_backup/djen.py", line 77, in get_caderno_url
    resp.raise_for_status()
  File "/home/franklin/workspace/causaganha/.venv/lib/python3.12/site-packages/httpx/_models.py", line 829, in raise_for_status
    raise HTTPStatusError(message, request=request, response=self)
httpx.HTTPStatusError: Client error '403 Forbidden' for url 'https://comunicaapi.pje.jus.br/api/v1/caderno/TRE-RR/2026-04-06/D'
For more information check: https://developer.mozilla.org/en-US/docs/Web/HTTP/Status/403
2026-04-08 22:43:34,041 WARNING  djen_backup.backfill  {'tribunal': 'TRE-RR', 'date': '2026-04-06', 'event': 'backfill_item_error', 'level': 'warning', 'timestamp': '2026-04-09T02:43:34.041281Z'}
2026-04-08 22:43:34,043 WARNING  djen_backup.backfill  {'tribunal': 'TRE-RR', 'year': 2026, 'reason': '3 consecutive errors', 'event': 'backfill_tribunal_skipped', 'level': 'warning', 'timestamp': '2026-04-09T02:43:34.042972Z'}
2026-04-08 22:43:36,614 INFO     httpx  HTTP Request: GET https://archive.org/metadata/djen-tre-rs-2026/files "HTTP/1.1 200 OK"
2026-04-08 22:43:36,616 INFO     djen_backup.backfill  {'tribunal': 'TRE-RS', 'year': 2026, 'gaps': 98, 'event': 'backfill_tribunal_year', 'level': 'info', 'timestamp': '2026-04-09T02:43:36.616898Z'}
2026-04-08 22:43:36,663 INFO     httpx  HTTP Request: GET https://comunicaapi.pje.jus.br/api/v1/caderno/TRE-RS/2026-04-08/D "HTTP/1.1 403 Forbidden"
2026-04-08 22:43:36,665 ERROR    djen_backup.backfill  {'tribunal': 'TRE-RS', 'date': '2026-04-08', 'event': 'backfill_download_error', 'level': 'error', 'timestamp': '2026-04-09T02:43:36.664784Z', 'exception': 'Traceback (most recent call last):\n  File "/home/franklin/workspace/causaganha/src/djen_backup/backfill.py", line 557, in backfill_process_date\n    zip_url = await get_caderno_url(client, config.djen_proxy_url, tribunal, d)\n              ^^^^^^^^^^^^^^^^^^^^^^^^^^^^^^^^^^^^^^^^^^^^^^^^^^^^^^^^^^^^^^^^^\n  File "/home/franklin/workspace/causaganha/src/djen_backup/djen.py", line 77, in get_caderno_url\n    resp.raise_for_status()\n  File "/home/franklin/workspace/causaganha/.venv/lib/python3.12/site-packages/httpx/_models.py", line 829, in raise_for_status\n    raise HTTPStatusError(message, request=request, response=self)\nhttpx.HTTPStatusError: Client error \'403 Forbidden\' for url \'https://comunicaapi.pje.jus.br/api/v1/caderno/TRE-RS/2026-04-08/D\'\nFor more information check: https://developer.mozilla.org/en-US/docs/Web/HTTP/Status/403'}
Traceback (most recent call last):
  File "/home/franklin/workspace/causaganha/src/djen_backup/backfill.py", line 557, in backfill_process_date
    zip_url = await get_caderno_url(client, config.djen_proxy_url, tribunal, d)
              ^^^^^^^^^^^^^^^^^^^^^^^^^^^^^^^^^^^^^^^^^^^^^^^^^^^^^^^^^^^^^^^^^
  File "/home/franklin/workspace/causaganha/src/djen_backup/djen.py", line 77, in get_caderno_url
    resp.raise_for_status()
  File "/home/franklin/workspace/causaganha/.venv/lib/python3.12/site-packages/httpx/_models.py", line 829, in raise_for_status
    raise HTTPStatusError(message, request=request, response=self)
httpx.HTTPStatusError: Client error '403 Forbidden' for url 'https://comunicaapi.pje.jus.br/api/v1/caderno/TRE-RS/2026-04-08/D'
For more information check: https://developer.mozilla.org/en-US/docs/Web/HTTP/Status/403
2026-04-08 22:43:36,758 WARNING  djen_backup.backfill  {'tribunal': 'TRE-RS', 'date': '2026-04-08', 'event': 'backfill_item_error', 'level': 'warning', 'timestamp': '2026-04-09T02:43:36.758299Z'}
2026-04-08 22:43:36,807 INFO     httpx  HTTP Request: GET https://comunicaapi.pje.jus.br/api/v1/caderno/TRE-RS/2026-04-07/D "HTTP/1.1 403 Forbidden"
2026-04-08 22:43:36,810 ERROR    djen_backup.backfill  {'tribunal': 'TRE-RS', 'date': '2026-04-07', 'event': 'backfill_download_error', 'level': 'error', 'timestamp': '2026-04-09T02:43:36.810412Z', 'exception': 'Traceback (most recent call last):\n  File "/home/franklin/workspace/causaganha/src/djen_backup/backfill.py", line 557, in backfill_process_date\n    zip_url = await get_caderno_url(client, config.djen_proxy_url, tribunal, d)\n              ^^^^^^^^^^^^^^^^^^^^^^^^^^^^^^^^^^^^^^^^^^^^^^^^^^^^^^^^^^^^^^^^^\n  File "/home/franklin/workspace/causaganha/src/djen_backup/djen.py", line 77, in get_caderno_url\n    resp.raise_for_status()\n  File "/home/franklin/workspace/causaganha/.venv/lib/python3.12/site-packages/httpx/_models.py", line 829, in raise_for_status\n    raise HTTPStatusError(message, request=request, response=self)\nhttpx.HTTPStatusError: Client error \'403 Forbidden\' for url \'https://comunicaapi.pje.jus.br/api/v1/caderno/TRE-RS/2026-04-07/D\'\nFor more information check: https://developer.mozilla.org/en-US/docs/Web/HTTP/Status/403'}
Traceback (most recent call last):
  File "/home/franklin/workspace/causaganha/src/djen_backup/backfill.py", line 557, in backfill_process_date
    zip_url = await get_caderno_url(client, config.djen_proxy_url, tribunal, d)
              ^^^^^^^^^^^^^^^^^^^^^^^^^^^^^^^^^^^^^^^^^^^^^^^^^^^^^^^^^^^^^^^^^
  File "/home/franklin/workspace/causaganha/src/djen_backup/djen.py", line 77, in get_caderno_url
    resp.raise_for_status()
  File "/home/franklin/workspace/causaganha/.venv/lib/python3.12/site-packages/httpx/_models.py", line 829, in raise_for_status
    raise HTTPStatusError(message, request=request, response=self)
httpx.HTTPStatusError: Client error '403 Forbidden' for url 'https://comunicaapi.pje.jus.br/api/v1/caderno/TRE-RS/2026-04-07/D'
For more information check: https://developer.mozilla.org/en-US/docs/Web/HTTP/Status/403
2026-04-08 22:43:36,900 WARNING  djen_backup.backfill  {'tribunal': 'TRE-RS', 'date': '2026-04-07', 'event': 'backfill_item_error', 'level': 'warning', 'timestamp': '2026-04-09T02:43:36.900744Z'}
2026-04-08 22:43:36,949 INFO     httpx  HTTP Request: GET https://comunicaapi.pje.jus.br/api/v1/caderno/TRE-RS/2026-04-06/D "HTTP/1.1 403 Forbidden"
2026-04-08 22:43:36,951 ERROR    djen_backup.backfill  {'tribunal': 'TRE-RS', 'date': '2026-04-06', 'event': 'backfill_download_error', 'level': 'error', 'timestamp': '2026-04-09T02:43:36.950713Z', 'exception': 'Traceback (most recent call last):\n  File "/home/franklin/workspace/causaganha/src/djen_backup/backfill.py", line 557, in backfill_process_date\n    zip_url = await get_caderno_url(client, config.djen_proxy_url, tribunal, d)\n              ^^^^^^^^^^^^^^^^^^^^^^^^^^^^^^^^^^^^^^^^^^^^^^^^^^^^^^^^^^^^^^^^^\n  File "/home/franklin/workspace/causaganha/src/djen_backup/djen.py", line 77, in get_caderno_url\n    resp.raise_for_status()\n  File "/home/franklin/workspace/causaganha/.venv/lib/python3.12/site-packages/httpx/_models.py", line 829, in raise_for_status\n    raise HTTPStatusError(message, request=request, response=self)\nhttpx.HTTPStatusError: Client error \'403 Forbidden\' for url \'https://comunicaapi.pje.jus.br/api/v1/caderno/TRE-RS/2026-04-06/D\'\nFor more information check: https://developer.mozilla.org/en-US/docs/Web/HTTP/Status/403'}
Traceback (most recent call last):
  File "/home/franklin/workspace/causaganha/src/djen_backup/backfill.py", line 557, in backfill_process_date
    zip_url = await get_caderno_url(client, config.djen_proxy_url, tribunal, d)
              ^^^^^^^^^^^^^^^^^^^^^^^^^^^^^^^^^^^^^^^^^^^^^^^^^^^^^^^^^^^^^^^^^
  File "/home/franklin/workspace/causaganha/src/djen_backup/djen.py", line 77, in get_caderno_url
    resp.raise_for_status()
  File "/home/franklin/workspace/causaganha/.venv/lib/python3.12/site-packages/httpx/_models.py", line 829, in raise_for_status
    raise HTTPStatusError(message, request=request, response=self)
httpx.HTTPStatusError: Client error '403 Forbidden' for url 'https://comunicaapi.pje.jus.br/api/v1/caderno/TRE-RS/2026-04-06/D'
For more information check: https://developer.mozilla.org/en-US/docs/Web/HTTP/Status/403
2026-04-08 22:43:37,035 WARNING  djen_backup.backfill  {'tribunal': 'TRE-RS', 'date': '2026-04-06', 'event': 'backfill_item_error', 'level': 'warning', 'timestamp': '2026-04-09T02:43:37.035915Z'}
2026-04-08 22:43:37,036 WARNING  djen_backup.backfill  {'tribunal': 'TRE-RS', 'year': 2026, 'reason': '3 consecutive errors', 'event': 'backfill_tribunal_skipped', 'level': 'warning', 'timestamp': '2026-04-09T02:43:37.036915Z'}
2026-04-08 22:43:39,634 INFO     httpx  HTTP Request: GET https://archive.org/metadata/djen-tre-sc-2026/files "HTTP/1.1 200 OK"
2026-04-08 22:43:39,636 INFO     djen_backup.backfill  {'tribunal': 'TRE-SC', 'year': 2026, 'gaps': 98, 'event': 'backfill_tribunal_year', 'level': 'info', 'timestamp': '2026-04-09T02:43:39.636916Z'}
2026-04-08 22:43:39,756 INFO     httpx  HTTP Request: GET https://comunicaapi.pje.jus.br/api/v1/caderno/TRE-SC/2026-04-08/D "HTTP/1.1 200 OK"
2026-04-08 22:43:39,758 INFO     djen_backup.backfill  {'tribunal': 'TRE-SC', 'date': '2026-04-08', 'status_code': 200, 'event': 'backfill_empty', 'level': 'info', 'timestamp': '2026-04-09T02:43:39.758535Z'}
2026-04-08 22:43:39,887 INFO     httpx  HTTP Request: GET https://comunicaapi.pje.jus.br/api/v1/caderno/TRE-SC/2026-04-07/D "HTTP/1.1 200 OK"
2026-04-08 22:43:39,889 INFO     djen_backup.backfill  {'tribunal': 'TRE-SC', 'date': '2026-04-07', 'status_code': 200, 'event': 'backfill_empty', 'level': 'info', 'timestamp': '2026-04-09T02:43:39.889592Z'}
2026-04-08 22:43:40,019 INFO     httpx  HTTP Request: GET https://comunicaapi.pje.jus.br/api/v1/caderno/TRE-SC/2026-04-06/D "HTTP/1.1 200 OK"
2026-04-08 22:43:40,021 INFO     djen_backup.backfill  {'tribunal': 'TRE-SC', 'date': '2026-04-06', 'status_code': 200, 'event': 'backfill_empty', 'level': 'info', 'timestamp': '2026-04-09T02:43:40.021145Z'}
2026-04-08 22:43:40,128 INFO     httpx  HTTP Request: GET https://comunicaapi.pje.jus.br/api/v1/caderno/TRE-SC/2026-04-05/D "HTTP/1.1 404 Not Found"
2026-04-08 22:43:40,130 INFO     djen_backup.backfill  {'tribunal': 'TRE-SC', 'date': '2026-04-05', 'status_code': 404, 'event': 'backfill_empty', 'level': 'info', 'timestamp': '2026-04-09T02:43:40.130618Z'}
2026-04-08 22:43:40,240 INFO     httpx  HTTP Request: GET https://comunicaapi.pje.jus.br/api/v1/caderno/TRE-SC/2026-04-04/D "HTTP/1.1 404 Not Found"
2026-04-08 22:43:40,242 INFO     djen_backup.backfill  {'tribunal': 'TRE-SC', 'date': '2026-04-04', 'status_code': 404, 'event': 'backfill_empty', 'level': 'info', 'timestamp': '2026-04-09T02:43:40.242334Z'}
2026-04-08 22:43:40,357 INFO     httpx  HTTP Request: GET https://comunicaapi.pje.jus.br/api/v1/caderno/TRE-SC/2026-04-03/D "HTTP/1.1 200 OK"
2026-04-08 22:43:40,360 INFO     djen_backup.backfill  {'tribunal': 'TRE-SC', 'date': '2026-04-03', 'status_code': 200, 'event': 'backfill_empty', 'level': 'info', 'timestamp': '2026-04-09T02:43:40.360130Z'}
2026-04-08 22:43:40,471 INFO     httpx  HTTP Request: GET https://comunicaapi.pje.jus.br/api/v1/caderno/TRE-SC/2026-04-02/D "HTTP/1.1 200 OK"
2026-04-08 22:43:40,474 INFO     djen_backup.backfill  {'tribunal': 'TRE-SC', 'date': '2026-04-02', 'status_code': 200, 'event': 'backfill_empty', 'level': 'info', 'timestamp': '2026-04-09T02:43:40.474436Z'}
2026-04-08 22:43:40,611 INFO     httpx  HTTP Request: GET https://comunicaapi.pje.jus.br/api/v1/caderno/TRE-SC/2026-04-01/D "HTTP/1.1 200 OK"
2026-04-08 22:43:40,613 INFO     djen_backup.backfill  {'tribunal': 'TRE-SC', 'date': '2026-04-01', 'status_code': 200, 'event': 'backfill_empty', 'level': 'info', 'timestamp': '2026-04-09T02:43:40.612998Z'}
2026-04-08 22:43:40,762 INFO     httpx  HTTP Request: GET https://comunicaapi.pje.jus.br/api/v1/caderno/TRE-SC/2026-03-31/D "HTTP/1.1 200 OK"
2026-04-08 22:43:40,829 INFO     djen_backup.backfill  {'tribunal': 'TRE-SC', 'date': '2026-03-31', 'status_code': 200, 'event': 'backfill_empty', 'level': 'info', 'timestamp': '2026-04-09T02:43:40.829358Z'}
2026-04-08 22:43:40,935 INFO     httpx  HTTP Request: GET https://comunicaapi.pje.jus.br/api/v1/caderno/TRE-SC/2026-03-30/D "HTTP/1.1 200 OK"
2026-04-08 22:43:40,937 INFO     djen_backup.backfill  {'tribunal': 'TRE-SC', 'date': '2026-03-30', 'status_code': 200, 'event': 'backfill_empty', 'level': 'info', 'timestamp': '2026-04-09T02:43:40.937605Z'}
2026-04-08 22:43:41,134 INFO     httpx  HTTP Request: GET https://comunicaapi.pje.jus.br/api/v1/caderno/TRE-SC/2026-03-29/D "HTTP/1.1 404 Not Found"
2026-04-08 22:43:41,136 INFO     djen_backup.backfill  {'tribunal': 'TRE-SC', 'date': '2026-03-29', 'status_code': 404, 'event': 'backfill_empty', 'level': 'info', 'timestamp': '2026-04-09T02:43:41.136431Z'}
2026-04-08 22:43:41,242 INFO     httpx  HTTP Request: GET https://comunicaapi.pje.jus.br/api/v1/caderno/TRE-SC/2026-03-28/D "HTTP/1.1 404 Not Found"
2026-04-08 22:43:41,244 INFO     djen_backup.backfill  {'tribunal': 'TRE-SC', 'date': '2026-03-28', 'status_code': 404, 'event': 'backfill_empty', 'level': 'info', 'timestamp': '2026-04-09T02:43:41.244078Z'}
2026-04-08 22:43:41,353 INFO     httpx  HTTP Request: GET https://comunicaapi.pje.jus.br/api/v1/caderno/TRE-SC/2026-03-27/D "HTTP/1.1 200 OK"
2026-04-08 22:43:41,355 INFO     djen_backup.backfill  {'tribunal': 'TRE-SC', 'date': '2026-03-27', 'status_code': 200, 'event': 'backfill_empty', 'level': 'info', 'timestamp': '2026-04-09T02:43:41.355345Z'}
2026-04-08 22:43:41,457 INFO     httpx  HTTP Request: GET https://comunicaapi.pje.jus.br/api/v1/caderno/TRE-SC/2026-03-26/D "HTTP/1.1 200 OK"
2026-04-08 22:43:41,458 INFO     djen_backup.backfill  {'tribunal': 'TRE-SC', 'date': '2026-03-26', 'status_code': 200, 'event': 'backfill_empty', 'level': 'info', 'timestamp': '2026-04-09T02:43:41.458554Z'}
2026-04-08 22:43:41,564 INFO     httpx  HTTP Request: GET https://comunicaapi.pje.jus.br/api/v1/caderno/TRE-SC/2026-03-25/D "HTTP/1.1 200 OK"
2026-04-08 22:43:41,565 INFO     djen_backup.backfill  {'tribunal': 'TRE-SC', 'date': '2026-03-25', 'status_code': 200, 'event': 'backfill_empty', 'level': 'info', 'timestamp': '2026-04-09T02:43:41.565903Z'}
2026-04-08 22:43:41,669 INFO     httpx  HTTP Request: GET https://comunicaapi.pje.jus.br/api/v1/caderno/TRE-SC/2026-03-24/D "HTTP/1.1 200 OK"
2026-04-08 22:43:41,671 INFO     djen_backup.backfill  {'tribunal': 'TRE-SC', 'date': '2026-03-24', 'status_code': 200, 'event': 'backfill_empty', 'level': 'info', 'timestamp': '2026-04-09T02:43:41.671058Z'}
2026-04-08 22:43:41,774 INFO     httpx  HTTP Request: GET https://comunicaapi.pje.jus.br/api/v1/caderno/TRE-SC/2026-03-23/D "HTTP/1.1 200 OK"
2026-04-08 22:43:41,776 INFO     djen_backup.backfill  {'tribunal': 'TRE-SC', 'date': '2026-03-23', 'status_code': 200, 'event': 'backfill_empty', 'level': 'info', 'timestamp': '2026-04-09T02:43:41.776536Z'}
2026-04-08 22:43:41,880 INFO     httpx  HTTP Request: GET https://comunicaapi.pje.jus.br/api/v1/caderno/TRE-SC/2026-03-22/D "HTTP/1.1 404 Not Found"
2026-04-08 22:43:41,882 INFO     djen_backup.backfill  {'tribunal': 'TRE-SC', 'date': '2026-03-22', 'status_code': 404, 'event': 'backfill_empty', 'level': 'info', 'timestamp': '2026-04-09T02:43:41.882075Z'}
2026-04-08 22:43:41,985 INFO     httpx  HTTP Request: GET https://comunicaapi.pje.jus.br/api/v1/caderno/TRE-SC/2026-03-21/D "HTTP/1.1 404 Not Found"
2026-04-08 22:43:41,988 INFO     djen_backup.backfill  {'tribunal': 'TRE-SC', 'date': '2026-03-21', 'status_code': 404, 'event': 'backfill_empty', 'level': 'info', 'timestamp': '2026-04-09T02:43:41.988182Z'}
2026-04-08 22:43:42,099 INFO     httpx  HTTP Request: GET https://comunicaapi.pje.jus.br/api/v1/caderno/TRE-SC/2026-03-20/D "HTTP/1.1 200 OK"
2026-04-08 22:43:42,101 INFO     djen_backup.backfill  {'tribunal': 'TRE-SC', 'date': '2026-03-20', 'status_code': 200, 'event': 'backfill_empty', 'level': 'info', 'timestamp': '2026-04-09T02:43:42.101699Z'}
2026-04-08 22:43:42,205 INFO     httpx  HTTP Request: GET https://comunicaapi.pje.jus.br/api/v1/caderno/TRE-SC/2026-03-19/D "HTTP/1.1 200 OK"
2026-04-08 22:43:42,208 INFO     djen_backup.backfill  {'tribunal': 'TRE-SC', 'date': '2026-03-19', 'status_code': 200, 'event': 'backfill_empty', 'level': 'info', 'timestamp': '2026-04-09T02:43:42.208672Z'}
2026-04-08 22:43:42,312 INFO     httpx  HTTP Request: GET https://comunicaapi.pje.jus.br/api/v1/caderno/TRE-SC/2026-03-18/D "HTTP/1.1 200 OK"
2026-04-08 22:43:42,314 INFO     djen_backup.backfill  {'tribunal': 'TRE-SC', 'date': '2026-03-18', 'status_code': 200, 'event': 'backfill_empty', 'level': 'info', 'timestamp': '2026-04-09T02:43:42.314246Z'}
2026-04-08 22:43:42,416 INFO     httpx  HTTP Request: GET https://comunicaapi.pje.jus.br/api/v1/caderno/TRE-SC/2026-03-17/D "HTTP/1.1 200 OK"
2026-04-08 22:43:42,418 INFO     djen_backup.backfill  {'tribunal': 'TRE-SC', 'date': '2026-03-17', 'status_code': 200, 'event': 'backfill_empty', 'level': 'info', 'timestamp': '2026-04-09T02:43:42.418463Z'}
2026-04-08 22:43:42,518 INFO     httpx  HTTP Request: GET https://comunicaapi.pje.jus.br/api/v1/caderno/TRE-SC/2026-03-16/D "HTTP/1.1 200 OK"
2026-04-08 22:43:42,519 INFO     djen_backup.backfill  {'tribunal': 'TRE-SC', 'date': '2026-03-16', 'status_code': 200, 'event': 'backfill_empty', 'level': 'info', 'timestamp': '2026-04-09T02:43:42.519896Z'}
2026-04-08 22:43:42,624 INFO     httpx  HTTP Request: GET https://comunicaapi.pje.jus.br/api/v1/caderno/TRE-SC/2026-03-15/D "HTTP/1.1 404 Not Found"
2026-04-08 22:43:42,626 INFO     djen_backup.backfill  {'tribunal': 'TRE-SC', 'date': '2026-03-15', 'status_code': 404, 'event': 'backfill_empty', 'level': 'info', 'timestamp': '2026-04-09T02:43:42.626464Z'}
2026-04-08 22:43:42,734 INFO     httpx  HTTP Request: GET https://comunicaapi.pje.jus.br/api/v1/caderno/TRE-SC/2026-03-14/D "HTTP/1.1 404 Not Found"
2026-04-08 22:43:42,737 INFO     djen_backup.backfill  {'tribunal': 'TRE-SC', 'date': '2026-03-14', 'status_code': 404, 'event': 'backfill_empty', 'level': 'info', 'timestamp': '2026-04-09T02:43:42.737184Z'}
2026-04-08 22:43:42,843 INFO     httpx  HTTP Request: GET https://comunicaapi.pje.jus.br/api/v1/caderno/TRE-SC/2026-03-13/D "HTTP/1.1 200 OK"
2026-04-08 22:43:42,845 INFO     djen_backup.backfill  {'tribunal': 'TRE-SC', 'date': '2026-03-13', 'status_code': 200, 'event': 'backfill_empty', 'level': 'info', 'timestamp': '2026-04-09T02:43:42.845049Z'}
2026-04-08 22:43:42,948 INFO     httpx  HTTP Request: GET https://comunicaapi.pje.jus.br/api/v1/caderno/TRE-SC/2026-03-12/D "HTTP/1.1 200 OK"
2026-04-08 22:43:42,949 INFO     djen_backup.backfill  {'tribunal': 'TRE-SC', 'date': '2026-03-12', 'status_code': 200, 'event': 'backfill_empty', 'level': 'info', 'timestamp': '2026-04-09T02:43:42.949946Z'}
2026-04-08 22:43:43,108 INFO     httpx  HTTP Request: GET https://comunicaapi.pje.jus.br/api/v1/caderno/TRE-SC/2026-03-11/D "HTTP/1.1 200 OK"
2026-04-08 22:43:43,110 INFO     djen_backup.backfill  {'tribunal': 'TRE-SC', 'date': '2026-03-11', 'status_code': 200, 'event': 'backfill_empty', 'level': 'info', 'timestamp': '2026-04-09T02:43:43.110559Z'}
2026-04-08 22:43:43,236 INFO     httpx  HTTP Request: GET https://comunicaapi.pje.jus.br/api/v1/caderno/TRE-SC/2026-03-10/D "HTTP/1.1 200 OK"
2026-04-08 22:43:43,237 INFO     djen_backup.backfill  {'tribunal': 'TRE-SC', 'date': '2026-03-10', 'status_code': 200, 'event': 'backfill_empty', 'level': 'info', 'timestamp': '2026-04-09T02:43:43.237821Z'}
2026-04-08 22:43:43,401 INFO     httpx  HTTP Request: GET https://comunicaapi.pje.jus.br/api/v1/caderno/TRE-SC/2026-03-09/D "HTTP/1.1 200 OK"
2026-04-08 22:43:43,443 INFO     djen_backup.backfill  {'tribunal': 'TRE-SC', 'date': '2026-03-09', 'status_code': 200, 'event': 'backfill_empty', 'level': 'info', 'timestamp': '2026-04-09T02:43:43.443781Z'}
2026-04-08 22:43:43,573 INFO     httpx  HTTP Request: GET https://comunicaapi.pje.jus.br/api/v1/caderno/TRE-SC/2026-03-08/D "HTTP/1.1 404 Not Found"
2026-04-08 22:43:43,592 INFO     djen_backup.backfill  {'tribunal': 'TRE-SC', 'date': '2026-03-08', 'status_code': 404, 'event': 'backfill_empty', 'level': 'info', 'timestamp': '2026-04-09T02:43:43.592278Z'}
2026-04-08 22:43:43,748 INFO     httpx  HTTP Request: GET https://comunicaapi.pje.jus.br/api/v1/caderno/TRE-SC/2026-03-07/D "HTTP/1.1 404 Not Found"
2026-04-08 22:43:43,750 INFO     djen_backup.backfill  {'tribunal': 'TRE-SC', 'date': '2026-03-07', 'status_code': 404, 'event': 'backfill_empty', 'level': 'info', 'timestamp': '2026-04-09T02:43:43.750063Z'}
2026-04-08 22:43:43,896 INFO     httpx  HTTP Request: GET https://comunicaapi.pje.jus.br/api/v1/caderno/TRE-SC/2026-03-06/D "HTTP/1.1 200 OK"
2026-04-08 22:43:43,898 INFO     djen_backup.backfill  {'tribunal': 'TRE-SC', 'date': '2026-03-06', 'status_code': 200, 'event': 'backfill_empty', 'level': 'info', 'timestamp': '2026-04-09T02:43:43.898875Z'}
2026-04-08 22:43:44,013 INFO     httpx  HTTP Request: GET https://comunicaapi.pje.jus.br/api/v1/caderno/TRE-SC/2026-03-05/D "HTTP/1.1 200 OK"
2026-04-08 22:43:44,015 INFO     djen_backup.backfill  {'tribunal': 'TRE-SC', 'date': '2026-03-05', 'status_code': 200, 'event': 'backfill_empty', 'level': 'info', 'timestamp': '2026-04-09T02:43:44.015122Z'}
2026-04-08 22:43:44,136 INFO     httpx  HTTP Request: GET https://comunicaapi.pje.jus.br/api/v1/caderno/TRE-SC/2026-03-04/D "HTTP/1.1 200 OK"
2026-04-08 22:43:44,138 INFO     djen_backup.backfill  {'tribunal': 'TRE-SC', 'date': '2026-03-04', 'status_code': 200, 'event': 'backfill_empty', 'level': 'info', 'timestamp': '2026-04-09T02:43:44.138321Z'}
2026-04-08 22:43:44,270 INFO     httpx  HTTP Request: GET https://comunicaapi.pje.jus.br/api/v1/caderno/TRE-SC/2026-03-03/D "HTTP/1.1 200 OK"
2026-04-08 22:43:44,271 INFO     djen_backup.backfill  {'tribunal': 'TRE-SC', 'date': '2026-03-03', 'status_code': 200, 'event': 'backfill_empty', 'level': 'info', 'timestamp': '2026-04-09T02:43:44.271957Z'}
2026-04-08 22:43:44,391 INFO     httpx  HTTP Request: GET https://comunicaapi.pje.jus.br/api/v1/caderno/TRE-SC/2026-03-02/D "HTTP/1.1 200 OK"
2026-04-08 22:43:44,392 INFO     djen_backup.backfill  {'tribunal': 'TRE-SC', 'date': '2026-03-02', 'status_code': 200, 'event': 'backfill_empty', 'level': 'info', 'timestamp': '2026-04-09T02:43:44.392418Z'}
2026-04-08 22:43:44,503 INFO     httpx  HTTP Request: GET https://comunicaapi.pje.jus.br/api/v1/caderno/TRE-SC/2026-03-01/D "HTTP/1.1 404 Not Found"
2026-04-08 22:43:44,506 INFO     djen_backup.backfill  {'tribunal': 'TRE-SC', 'date': '2026-03-01', 'status_code': 404, 'event': 'backfill_empty', 'level': 'info', 'timestamp': '2026-04-09T02:43:44.506244Z'}
2026-04-08 22:43:44,628 INFO     httpx  HTTP Request: GET https://comunicaapi.pje.jus.br/api/v1/caderno/TRE-SC/2026-02-28/D "HTTP/1.1 404 Not Found"
2026-04-08 22:43:44,630 INFO     djen_backup.backfill  {'tribunal': 'TRE-SC', 'date': '2026-02-28', 'status_code': 404, 'event': 'backfill_empty', 'level': 'info', 'timestamp': '2026-04-09T02:43:44.630040Z'}
2026-04-08 22:43:44,777 INFO     httpx  HTTP Request: GET https://comunicaapi.pje.jus.br/api/v1/caderno/TRE-SC/2026-02-27/D "HTTP/1.1 200 OK"
2026-04-08 22:43:44,779 INFO     djen_backup.backfill  {'tribunal': 'TRE-SC', 'date': '2026-02-27', 'status_code': 200, 'event': 'backfill_empty', 'level': 'info', 'timestamp': '2026-04-09T02:43:44.779050Z'}
2026-04-08 22:43:44,951 INFO     httpx  HTTP Request: GET https://comunicaapi.pje.jus.br/api/v1/caderno/TRE-SC/2026-02-26/D "HTTP/1.1 200 OK"
2026-04-08 22:43:44,952 INFO     djen_backup.backfill  {'tribunal': 'TRE-SC', 'date': '2026-02-26', 'status_code': 200, 'event': 'backfill_empty', 'level': 'info', 'timestamp': '2026-04-09T02:43:44.952650Z'}
2026-04-08 22:43:45,072 INFO     httpx  HTTP Request: GET https://comunicaapi.pje.jus.br/api/v1/caderno/TRE-SC/2026-02-25/D "HTTP/1.1 200 OK"
2026-04-08 22:43:45,073 INFO     djen_backup.backfill  {'tribunal': 'TRE-SC', 'date': '2026-02-25', 'status_code': 200, 'event': 'backfill_empty', 'level': 'info', 'timestamp': '2026-04-09T02:43:45.073845Z'}
2026-04-08 22:43:45,222 INFO     httpx  HTTP Request: GET https://comunicaapi.pje.jus.br/api/v1/caderno/TRE-SC/2026-02-24/D "HTTP/1.1 200 OK"
2026-04-08 22:43:45,224 INFO     djen_backup.backfill  {'tribunal': 'TRE-SC', 'date': '2026-02-24', 'status_code': 200, 'event': 'backfill_empty', 'level': 'info', 'timestamp': '2026-04-09T02:43:45.224731Z'}
2026-04-08 22:43:45,327 INFO     httpx  HTTP Request: GET https://comunicaapi.pje.jus.br/api/v1/caderno/TRE-SC/2026-02-23/D "HTTP/1.1 200 OK"
2026-04-08 22:43:45,328 INFO     djen_backup.backfill  {'tribunal': 'TRE-SC', 'date': '2026-02-23', 'status_code': 200, 'event': 'backfill_empty', 'level': 'info', 'timestamp': '2026-04-09T02:43:45.328972Z'}
2026-04-08 22:43:45,430 INFO     httpx  HTTP Request: GET https://comunicaapi.pje.jus.br/api/v1/caderno/TRE-SC/2026-02-22/D "HTTP/1.1 404 Not Found"
2026-04-08 22:43:45,432 INFO     djen_backup.backfill  {'tribunal': 'TRE-SC', 'date': '2026-02-22', 'status_code': 404, 'event': 'backfill_empty', 'level': 'info', 'timestamp': '2026-04-09T02:43:45.432021Z'}
2026-04-08 22:43:45,539 INFO     httpx  HTTP Request: GET https://comunicaapi.pje.jus.br/api/v1/caderno/TRE-SC/2026-02-21/D "HTTP/1.1 404 Not Found"
2026-04-08 22:43:45,541 INFO     djen_backup.backfill  {'tribunal': 'TRE-SC', 'date': '2026-02-21', 'status_code': 404, 'event': 'backfill_empty', 'level': 'info', 'timestamp': '2026-04-09T02:43:45.541597Z'}
2026-04-08 22:43:45,645 INFO     httpx  HTTP Request: GET https://comunicaapi.pje.jus.br/api/v1/caderno/TRE-SC/2026-02-20/D "HTTP/1.1 200 OK"
2026-04-08 22:43:45,646 INFO     djen_backup.backfill  {'tribunal': 'TRE-SC', 'date': '2026-02-20', 'status_code': 200, 'event': 'backfill_empty', 'level': 'info', 'timestamp': '2026-04-09T02:43:45.646738Z'}
2026-04-08 22:43:45,748 INFO     httpx  HTTP Request: GET https://comunicaapi.pje.jus.br/api/v1/caderno/TRE-SC/2026-02-19/D "HTTP/1.1 200 OK"
2026-04-08 22:43:45,749 INFO     djen_backup.backfill  {'tribunal': 'TRE-SC', 'date': '2026-02-19', 'status_code': 200, 'event': 'backfill_empty', 'level': 'info', 'timestamp': '2026-04-09T02:43:45.749685Z'}
2026-04-08 22:43:45,850 INFO     httpx  HTTP Request: GET https://comunicaapi.pje.jus.br/api/v1/caderno/TRE-SC/2026-02-18/D "HTTP/1.1 200 OK"
2026-04-08 22:43:45,892 INFO     djen_backup.backfill  {'tribunal': 'TRE-SC', 'date': '2026-02-18', 'status_code': 200, 'event': 'backfill_empty', 'level': 'info', 'timestamp': '2026-04-09T02:43:45.892024Z'}
2026-04-08 22:43:45,998 INFO     httpx  HTTP Request: GET https://comunicaapi.pje.jus.br/api/v1/caderno/TRE-SC/2026-02-17/D "HTTP/1.1 200 OK"
2026-04-08 22:43:46,000 INFO     djen_backup.backfill  {'tribunal': 'TRE-SC', 'date': '2026-02-17', 'status_code': 200, 'event': 'backfill_empty', 'level': 'info', 'timestamp': '2026-04-09T02:43:45.999989Z'}
2026-04-08 22:43:46,099 INFO     httpx  HTTP Request: GET https://comunicaapi.pje.jus.br/api/v1/caderno/TRE-SC/2026-02-16/D "HTTP/1.1 200 OK"
2026-04-08 22:43:46,101 INFO     djen_backup.backfill  {'tribunal': 'TRE-SC', 'date': '2026-02-16', 'status_code': 200, 'event': 'backfill_empty', 'level': 'info', 'timestamp': '2026-04-09T02:43:46.101200Z'}
2026-04-08 22:43:46,198 INFO     httpx  HTTP Request: GET https://comunicaapi.pje.jus.br/api/v1/caderno/TRE-SC/2026-02-15/D "HTTP/1.1 404 Not Found"
2026-04-08 22:43:46,200 INFO     djen_backup.backfill  {'tribunal': 'TRE-SC', 'date': '2026-02-15', 'status_code': 404, 'event': 'backfill_empty', 'level': 'info', 'timestamp': '2026-04-09T02:43:46.200097Z'}
2026-04-08 22:43:46,298 INFO     httpx  HTTP Request: GET https://comunicaapi.pje.jus.br/api/v1/caderno/TRE-SC/2026-02-14/D "HTTP/1.1 404 Not Found"
2026-04-08 22:43:46,300 INFO     djen_backup.backfill  {'tribunal': 'TRE-SC', 'date': '2026-02-14', 'status_code': 404, 'event': 'backfill_empty', 'level': 'info', 'timestamp': '2026-04-09T02:43:46.300171Z'}
2026-04-08 22:43:46,401 INFO     httpx  HTTP Request: GET https://comunicaapi.pje.jus.br/api/v1/caderno/TRE-SC/2026-02-13/D "HTTP/1.1 200 OK"
2026-04-08 22:43:46,402 INFO     djen_backup.backfill  {'tribunal': 'TRE-SC', 'date': '2026-02-13', 'status_code': 200, 'event': 'backfill_empty', 'level': 'info', 'timestamp': '2026-04-09T02:43:46.402825Z'}
2026-04-08 22:43:46,502 INFO     httpx  HTTP Request: GET https://comunicaapi.pje.jus.br/api/v1/caderno/TRE-SC/2026-02-12/D "HTTP/1.1 200 OK"
2026-04-08 22:43:46,505 INFO     djen_backup.backfill  {'tribunal': 'TRE-SC', 'date': '2026-02-12', 'status_code': 200, 'event': 'backfill_empty', 'level': 'info', 'timestamp': '2026-04-09T02:43:46.505067Z'}
2026-04-08 22:43:46,604 INFO     httpx  HTTP Request: GET https://comunicaapi.pje.jus.br/api/v1/caderno/TRE-SC/2026-02-11/D "HTTP/1.1 200 OK"
2026-04-08 22:43:46,607 INFO     djen_backup.backfill  {'tribunal': 'TRE-SC', 'date': '2026-02-11', 'status_code': 200, 'event': 'backfill_empty', 'level': 'info', 'timestamp': '2026-04-09T02:43:46.607027Z'}
2026-04-08 22:43:46,708 INFO     httpx  HTTP Request: GET https://comunicaapi.pje.jus.br/api/v1/caderno/TRE-SC/2026-02-10/D "HTTP/1.1 200 OK"
2026-04-08 22:43:46,711 INFO     djen_backup.backfill  {'tribunal': 'TRE-SC', 'date': '2026-02-10', 'status_code': 200, 'event': 'backfill_empty', 'level': 'info', 'timestamp': '2026-04-09T02:43:46.711096Z'}
2026-04-08 22:43:46,820 INFO     httpx  HTTP Request: GET https://comunicaapi.pje.jus.br/api/v1/caderno/TRE-SC/2026-02-09/D "HTTP/1.1 200 OK"
2026-04-08 22:43:46,823 INFO     djen_backup.backfill  {'tribunal': 'TRE-SC', 'date': '2026-02-09', 'status_code': 200, 'event': 'backfill_empty', 'level': 'info', 'timestamp': '2026-04-09T02:43:46.823226Z'}
2026-04-08 22:43:46,925 INFO     httpx  HTTP Request: GET https://comunicaapi.pje.jus.br/api/v1/caderno/TRE-SC/2026-02-08/D "HTTP/1.1 404 Not Found"
2026-04-08 22:43:46,928 INFO     djen_backup.backfill  {'tribunal': 'TRE-SC', 'date': '2026-02-08', 'status_code': 404, 'event': 'backfill_empty', 'level': 'info', 'timestamp': '2026-04-09T02:43:46.928718Z'}
2026-04-08 22:43:47,031 INFO     httpx  HTTP Request: GET https://comunicaapi.pje.jus.br/api/v1/caderno/TRE-SC/2026-02-07/D "HTTP/1.1 404 Not Found"
2026-04-08 22:43:47,033 INFO     djen_backup.backfill  {'tribunal': 'TRE-SC', 'date': '2026-02-07', 'status_code': 404, 'event': 'backfill_empty', 'level': 'info', 'timestamp': '2026-04-09T02:43:47.033212Z'}
2026-04-08 22:43:47,138 INFO     httpx  HTTP Request: GET https://comunicaapi.pje.jus.br/api/v1/caderno/TRE-SC/2026-02-06/D "HTTP/1.1 200 OK"
2026-04-08 22:43:47,140 INFO     djen_backup.backfill  {'tribunal': 'TRE-SC', 'date': '2026-02-06', 'status_code': 200, 'event': 'backfill_empty', 'level': 'info', 'timestamp': '2026-04-09T02:43:47.140516Z'}
2026-04-08 22:43:47,244 INFO     httpx  HTTP Request: GET https://comunicaapi.pje.jus.br/api/v1/caderno/TRE-SC/2026-02-05/D "HTTP/1.1 200 OK"
2026-04-08 22:43:47,245 INFO     djen_backup.backfill  {'tribunal': 'TRE-SC', 'date': '2026-02-05', 'status_code': 200, 'event': 'backfill_empty', 'level': 'info', 'timestamp': '2026-04-09T02:43:47.245891Z'}
2026-04-08 22:43:47,361 INFO     httpx  HTTP Request: GET https://comunicaapi.pje.jus.br/api/v1/caderno/TRE-SC/2026-02-04/D "HTTP/1.1 200 OK"
2026-04-08 22:43:47,364 INFO     djen_backup.backfill  {'tribunal': 'TRE-SC', 'date': '2026-02-04', 'status_code': 200, 'event': 'backfill_empty', 'level': 'info', 'timestamp': '2026-04-09T02:43:47.364178Z'}
2026-04-08 22:43:47,464 INFO     httpx  HTTP Request: GET https://comunicaapi.pje.jus.br/api/v1/caderno/TRE-SC/2026-02-03/D "HTTP/1.1 200 OK"
2026-04-08 22:43:47,465 INFO     djen_backup.backfill  {'tribunal': 'TRE-SC', 'date': '2026-02-03', 'status_code': 200, 'event': 'backfill_empty', 'level': 'info', 'timestamp': '2026-04-09T02:43:47.465678Z'}
2026-04-08 22:43:47,568 INFO     httpx  HTTP Request: GET https://comunicaapi.pje.jus.br/api/v1/caderno/TRE-SC/2026-02-02/D "HTTP/1.1 200 OK"
2026-04-08 22:43:47,573 INFO     djen_backup.backfill  {'tribunal': 'TRE-SC', 'date': '2026-02-02', 'status_code': 200, 'event': 'backfill_empty', 'level': 'info', 'timestamp': '2026-04-09T02:43:47.572965Z'}
2026-04-08 22:43:47,672 INFO     httpx  HTTP Request: GET https://comunicaapi.pje.jus.br/api/v1/caderno/TRE-SC/2026-02-01/D "HTTP/1.1 404 Not Found"
2026-04-08 22:43:47,678 INFO     djen_backup.backfill  {'tribunal': 'TRE-SC', 'date': '2026-02-01', 'status_code': 404, 'event': 'backfill_empty', 'level': 'info', 'timestamp': '2026-04-09T02:43:47.677983Z'}
2026-04-08 22:43:47,796 INFO     httpx  HTTP Request: GET https://comunicaapi.pje.jus.br/api/v1/caderno/TRE-SC/2026-01-31/D "HTTP/1.1 404 Not Found"
2026-04-08 22:43:47,798 INFO     djen_backup.backfill  {'tribunal': 'TRE-SC', 'date': '2026-01-31', 'status_code': 404, 'event': 'backfill_empty', 'level': 'info', 'timestamp': '2026-04-09T02:43:47.798081Z'}
2026-04-08 22:43:47,902 INFO     httpx  HTTP Request: GET https://comunicaapi.pje.jus.br/api/v1/caderno/TRE-SC/2026-01-30/D "HTTP/1.1 200 OK"
2026-04-08 22:43:47,905 INFO     djen_backup.backfill  {'tribunal': 'TRE-SC', 'date': '2026-01-30', 'status_code': 200, 'event': 'backfill_empty', 'level': 'info', 'timestamp': '2026-04-09T02:43:47.904965Z'}
2026-04-08 22:43:48,011 INFO     httpx  HTTP Request: GET https://comunicaapi.pje.jus.br/api/v1/caderno/TRE-SC/2026-01-29/D "HTTP/1.1 200 OK"
2026-04-08 22:43:48,014 INFO     djen_backup.backfill  {'tribunal': 'TRE-SC', 'date': '2026-01-29', 'status_code': 200, 'event': 'backfill_empty', 'level': 'info', 'timestamp': '2026-04-09T02:43:48.014844Z'}
2026-04-08 22:43:48,117 INFO     httpx  HTTP Request: GET https://comunicaapi.pje.jus.br/api/v1/caderno/TRE-SC/2026-01-28/D "HTTP/1.1 200 OK"
2026-04-08 22:43:48,120 INFO     djen_backup.backfill  {'tribunal': 'TRE-SC', 'date': '2026-01-28', 'status_code': 200, 'event': 'backfill_empty', 'level': 'info', 'timestamp': '2026-04-09T02:43:48.120246Z'}
2026-04-08 22:43:48,229 INFO     httpx  HTTP Request: GET https://comunicaapi.pje.jus.br/api/v1/caderno/TRE-SC/2026-01-27/D "HTTP/1.1 200 OK"
2026-04-08 22:43:48,231 INFO     djen_backup.backfill  {'tribunal': 'TRE-SC', 'date': '2026-01-27', 'status_code': 200, 'event': 'backfill_empty', 'level': 'info', 'timestamp': '2026-04-09T02:43:48.231919Z'}
2026-04-08 22:43:48,333 INFO     httpx  HTTP Request: GET https://comunicaapi.pje.jus.br/api/v1/caderno/TRE-SC/2026-01-26/D "HTTP/1.1 200 OK"
2026-04-08 22:43:48,336 INFO     djen_backup.backfill  {'tribunal': 'TRE-SC', 'date': '2026-01-26', 'status_code': 200, 'event': 'backfill_empty', 'level': 'info', 'timestamp': '2026-04-09T02:43:48.336172Z'}
2026-04-08 22:43:48,437 INFO     httpx  HTTP Request: GET https://comunicaapi.pje.jus.br/api/v1/caderno/TRE-SC/2026-01-25/D "HTTP/1.1 404 Not Found"
2026-04-08 22:43:48,440 INFO     djen_backup.backfill  {'tribunal': 'TRE-SC', 'date': '2026-01-25', 'status_code': 404, 'event': 'backfill_empty', 'level': 'info', 'timestamp': '2026-04-09T02:43:48.440718Z'}
2026-04-08 22:43:48,548 INFO     httpx  HTTP Request: GET https://comunicaapi.pje.jus.br/api/v1/caderno/TRE-SC/2026-01-24/D "HTTP/1.1 404 Not Found"
2026-04-08 22:43:48,551 INFO     djen_backup.backfill  {'tribunal': 'TRE-SC', 'date': '2026-01-24', 'status_code': 404, 'event': 'backfill_empty', 'level': 'info', 'timestamp': '2026-04-09T02:43:48.551071Z'}
2026-04-08 22:43:48,656 INFO     httpx  HTTP Request: GET https://comunicaapi.pje.jus.br/api/v1/caderno/TRE-SC/2026-01-23/D "HTTP/1.1 200 OK"
2026-04-08 22:43:48,658 INFO     djen_backup.backfill  {'tribunal': 'TRE-SC', 'date': '2026-01-23', 'status_code': 200, 'event': 'backfill_empty', 'level': 'info', 'timestamp': '2026-04-09T02:43:48.658935Z'}
2026-04-08 22:43:48,767 INFO     httpx  HTTP Request: GET https://comunicaapi.pje.jus.br/api/v1/caderno/TRE-SC/2026-01-22/D "HTTP/1.1 200 OK"
2026-04-08 22:43:48,770 INFO     djen_backup.backfill  {'tribunal': 'TRE-SC', 'date': '2026-01-22', 'status_code': 200, 'event': 'backfill_empty', 'level': 'info', 'timestamp': '2026-04-09T02:43:48.770479Z'}
2026-04-08 22:43:48,877 INFO     httpx  HTTP Request: GET https://comunicaapi.pje.jus.br/api/v1/caderno/TRE-SC/2026-01-21/D "HTTP/1.1 200 OK"
2026-04-08 22:43:48,879 INFO     djen_backup.backfill  {'tribunal': 'TRE-SC', 'date': '2026-01-21', 'status_code': 200, 'event': 'backfill_empty', 'level': 'info', 'timestamp': '2026-04-09T02:43:48.879557Z'}
2026-04-08 22:43:48,982 INFO     httpx  HTTP Request: GET https://comunicaapi.pje.jus.br/api/v1/caderno/TRE-SC/2026-01-20/D "HTTP/1.1 200 OK"
2026-04-08 22:43:48,984 INFO     djen_backup.backfill  {'tribunal': 'TRE-SC', 'date': '2026-01-20', 'status_code': 200, 'event': 'backfill_empty', 'level': 'info', 'timestamp': '2026-04-09T02:43:48.984870Z'}
2026-04-08 22:43:49,094 INFO     httpx  HTTP Request: GET https://comunicaapi.pje.jus.br/api/v1/caderno/TRE-SC/2026-01-19/D "HTTP/1.1 200 OK"
2026-04-08 22:43:49,097 INFO     djen_backup.backfill  {'tribunal': 'TRE-SC', 'date': '2026-01-19', 'status_code': 200, 'event': 'backfill_empty', 'level': 'info', 'timestamp': '2026-04-09T02:43:49.097791Z'}
2026-04-08 22:43:49,218 INFO     httpx  HTTP Request: GET https://comunicaapi.pje.jus.br/api/v1/caderno/TRE-SC/2026-01-18/D "HTTP/1.1 404 Not Found"
2026-04-08 22:43:49,221 INFO     djen_backup.backfill  {'tribunal': 'TRE-SC', 'date': '2026-01-18', 'status_code': 404, 'event': 'backfill_empty', 'level': 'info', 'timestamp': '2026-04-09T02:43:49.221618Z'}
2026-04-08 22:43:49,337 INFO     httpx  HTTP Request: GET https://comunicaapi.pje.jus.br/api/v1/caderno/TRE-SC/2026-01-17/D "HTTP/1.1 404 Not Found"
2026-04-08 22:43:49,341 INFO     djen_backup.backfill  {'tribunal': 'TRE-SC', 'date': '2026-01-17', 'status_code': 404, 'event': 'backfill_empty', 'level': 'info', 'timestamp': '2026-04-09T02:43:49.341516Z'}
2026-04-08 22:43:49,466 INFO     httpx  HTTP Request: GET https://comunicaapi.pje.jus.br/api/v1/caderno/TRE-SC/2026-01-16/D "HTTP/1.1 200 OK"
2026-04-08 22:43:49,471 INFO     djen_backup.backfill  {'tribunal': 'TRE-SC', 'date': '2026-01-16', 'status_code': 200, 'event': 'backfill_empty', 'level': 'info', 'timestamp': '2026-04-09T02:43:49.470976Z'}
2026-04-08 22:43:49,598 INFO     httpx  HTTP Request: GET https://comunicaapi.pje.jus.br/api/v1/caderno/TRE-SC/2026-01-15/D "HTTP/1.1 200 OK"
2026-04-08 22:43:49,601 INFO     djen_backup.backfill  {'tribunal': 'TRE-SC', 'date': '2026-01-15', 'status_code': 200, 'event': 'backfill_empty', 'level': 'info', 'timestamp': '2026-04-09T02:43:49.601360Z'}
2026-04-08 22:43:49,721 INFO     httpx  HTTP Request: GET https://comunicaapi.pje.jus.br/api/v1/caderno/TRE-SC/2026-01-14/D "HTTP/1.1 200 OK"
2026-04-08 22:43:49,724 INFO     djen_backup.backfill  {'tribunal': 'TRE-SC', 'date': '2026-01-14', 'status_code': 200, 'event': 'backfill_empty', 'level': 'info', 'timestamp': '2026-04-09T02:43:49.723986Z'}
2026-04-08 22:43:49,838 INFO     httpx  HTTP Request: GET https://comunicaapi.pje.jus.br/api/v1/caderno/TRE-SC/2026-01-13/D "HTTP/1.1 200 OK"
2026-04-08 22:43:49,840 INFO     djen_backup.backfill  {'tribunal': 'TRE-SC', 'date': '2026-01-13', 'status_code': 200, 'event': 'backfill_empty', 'level': 'info', 'timestamp': '2026-04-09T02:43:49.840138Z'}
2026-04-08 22:43:49,950 INFO     httpx  HTTP Request: GET https://comunicaapi.pje.jus.br/api/v1/caderno/TRE-SC/2026-01-12/D "HTTP/1.1 200 OK"
2026-04-08 22:43:49,951 INFO     djen_backup.backfill  {'tribunal': 'TRE-SC', 'date': '2026-01-12', 'status_code': 200, 'event': 'backfill_empty', 'level': 'info', 'timestamp': '2026-04-09T02:43:49.951955Z'}
2026-04-08 22:43:50,057 INFO     httpx  HTTP Request: GET https://comunicaapi.pje.jus.br/api/v1/caderno/TRE-SC/2026-01-11/D "HTTP/1.1 404 Not Found"
2026-04-08 22:43:50,070 INFO     djen_backup.backfill  {'tribunal': 'TRE-SC', 'date': '2026-01-11', 'status_code': 404, 'event': 'backfill_empty', 'level': 'info', 'timestamp': '2026-04-09T02:43:50.070682Z'}
2026-04-08 22:43:50,195 INFO     httpx  HTTP Request: GET https://comunicaapi.pje.jus.br/api/v1/caderno/TRE-SC/2026-01-10/D "HTTP/1.1 404 Not Found"
2026-04-08 22:43:50,197 INFO     djen_backup.backfill  {'tribunal': 'TRE-SC', 'date': '2026-01-10', 'status_code': 404, 'event': 'backfill_empty', 'level': 'info', 'timestamp': '2026-04-09T02:43:50.197730Z'}
2026-04-08 22:43:50,300 INFO     httpx  HTTP Request: GET https://comunicaapi.pje.jus.br/api/v1/caderno/TRE-SC/2026-01-09/D "HTTP/1.1 200 OK"
2026-04-08 22:43:50,303 INFO     djen_backup.backfill  {'tribunal': 'TRE-SC', 'date': '2026-01-09', 'status_code': 200, 'event': 'backfill_empty', 'level': 'info', 'timestamp': '2026-04-09T02:43:50.303041Z'}
2026-04-08 22:43:50,414 INFO     httpx  HTTP Request: GET https://comunicaapi.pje.jus.br/api/v1/caderno/TRE-SC/2026-01-08/D "HTTP/1.1 200 OK"
2026-04-08 22:43:50,416 INFO     djen_backup.backfill  {'tribunal': 'TRE-SC', 'date': '2026-01-08', 'status_code': 200, 'event': 'backfill_empty', 'level': 'info', 'timestamp': '2026-04-09T02:43:50.416914Z'}
2026-04-08 22:43:50,517 INFO     httpx  HTTP Request: GET https://comunicaapi.pje.jus.br/api/v1/caderno/TRE-SC/2026-01-07/D "HTTP/1.1 200 OK"
2026-04-08 22:43:50,520 INFO     djen_backup.backfill  {'tribunal': 'TRE-SC', 'date': '2026-01-07', 'status_code': 200, 'event': 'backfill_empty', 'level': 'info', 'timestamp': '2026-04-09T02:43:50.519942Z'}
2026-04-08 22:43:50,626 INFO     httpx  HTTP Request: GET https://comunicaapi.pje.jus.br/api/v1/caderno/TRE-SC/2026-01-06/D "HTTP/1.1 200 OK"
2026-04-08 22:43:50,628 INFO     djen_backup.backfill  {'tribunal': 'TRE-SC', 'date': '2026-01-06', 'status_code': 200, 'event': 'backfill_empty', 'level': 'info', 'timestamp': '2026-04-09T02:43:50.628607Z'}
2026-04-08 22:43:50,734 INFO     httpx  HTTP Request: GET https://comunicaapi.pje.jus.br/api/v1/caderno/TRE-SC/2026-01-05/D "HTTP/1.1 200 OK"
2026-04-08 22:43:50,735 INFO     djen_backup.backfill  {'tribunal': 'TRE-SC', 'date': '2026-01-05', 'status_code': 200, 'event': 'backfill_empty', 'level': 'info', 'timestamp': '2026-04-09T02:43:50.735771Z'}
2026-04-08 22:43:50,841 INFO     httpx  HTTP Request: GET https://comunicaapi.pje.jus.br/api/v1/caderno/TRE-SC/2026-01-04/D "HTTP/1.1 404 Not Found"
2026-04-08 22:43:50,842 INFO     djen_backup.backfill  {'tribunal': 'TRE-SC', 'date': '2026-01-04', 'status_code': 404, 'event': 'backfill_empty', 'level': 'info', 'timestamp': '2026-04-09T02:43:50.842712Z'}
2026-04-08 22:43:50,946 INFO     httpx  HTTP Request: GET https://comunicaapi.pje.jus.br/api/v1/caderno/TRE-SC/2026-01-03/D "HTTP/1.1 404 Not Found"
2026-04-08 22:43:50,948 INFO     djen_backup.backfill  {'tribunal': 'TRE-SC', 'date': '2026-01-03', 'status_code': 404, 'event': 'backfill_empty', 'level': 'info', 'timestamp': '2026-04-09T02:43:50.948770Z'}
2026-04-08 22:43:51,050 INFO     httpx  HTTP Request: GET https://comunicaapi.pje.jus.br/api/v1/caderno/TRE-SC/2026-01-02/D "HTTP/1.1 200 OK"
2026-04-08 22:43:51,052 INFO     djen_backup.backfill  {'tribunal': 'TRE-SC', 'date': '2026-01-02', 'status_code': 200, 'event': 'backfill_empty', 'level': 'info', 'timestamp': '2026-04-09T02:43:51.052199Z'}
2026-04-08 22:43:51,157 INFO     httpx  HTTP Request: GET https://comunicaapi.pje.jus.br/api/v1/caderno/TRE-SC/2026-01-01/D "HTTP/1.1 200 OK"
2026-04-08 22:43:51,159 INFO     djen_backup.backfill  {'tribunal': 'TRE-SC', 'date': '2026-01-01', 'status_code': 200, 'event': 'backfill_empty', 'level': 'info', 'timestamp': '2026-04-09T02:43:51.159124Z'}
2026-04-08 22:43:54,176 INFO     httpx  HTTP Request: GET https://archive.org/metadata/djen-tre-se-2026/files "HTTP/1.1 200 OK"
2026-04-08 22:43:54,178 INFO     djen_backup.backfill  {'tribunal': 'TRE-SE', 'year': 2026, 'gaps': 98, 'event': 'backfill_tribunal_year', 'level': 'info', 'timestamp': '2026-04-09T02:43:54.178908Z'}
2026-04-08 22:43:54,286 INFO     httpx  HTTP Request: GET https://comunicaapi.pje.jus.br/api/v1/caderno/TRE-SE/2026-04-08/D "HTTP/1.1 200 OK"
2026-04-08 22:43:54,288 INFO     djen_backup.backfill  {'tribunal': 'TRE-SE', 'date': '2026-04-08', 'status_code': 200, 'event': 'backfill_empty', 'level': 'info', 'timestamp': '2026-04-09T02:43:54.288632Z'}
2026-04-08 22:43:54,403 INFO     httpx  HTTP Request: GET https://comunicaapi.pje.jus.br/api/v1/caderno/TRE-SE/2026-04-07/D "HTTP/1.1 200 OK"
2026-04-08 22:43:54,404 INFO     djen_backup.backfill  {'tribunal': 'TRE-SE', 'date': '2026-04-07', 'status_code': 200, 'event': 'backfill_empty', 'level': 'info', 'timestamp': '2026-04-09T02:43:54.404834Z'}
2026-04-08 22:43:54,516 INFO     httpx  HTTP Request: GET https://comunicaapi.pje.jus.br/api/v1/caderno/TRE-SE/2026-04-06/D "HTTP/1.1 200 OK"
2026-04-08 22:43:54,526 INFO     djen_backup.backfill  {'tribunal': 'TRE-SE', 'date': '2026-04-06', 'status_code': 200, 'event': 'backfill_empty', 'level': 'info', 'timestamp': '2026-04-09T02:43:54.526901Z'}
2026-04-08 22:43:54,639 INFO     httpx  HTTP Request: GET https://comunicaapi.pje.jus.br/api/v1/caderno/TRE-SE/2026-04-05/D "HTTP/1.1 404 Not Found"
2026-04-08 22:43:54,640 INFO     djen_backup.backfill  {'tribunal': 'TRE-SE', 'date': '2026-04-05', 'status_code': 404, 'event': 'backfill_empty', 'level': 'info', 'timestamp': '2026-04-09T02:43:54.640765Z'}
2026-04-08 22:43:54,756 INFO     httpx  HTTP Request: GET https://comunicaapi.pje.jus.br/api/v1/caderno/TRE-SE/2026-04-04/D "HTTP/1.1 404 Not Found"
2026-04-08 22:43:54,759 INFO     djen_backup.backfill  {'tribunal': 'TRE-SE', 'date': '2026-04-04', 'status_code': 404, 'event': 'backfill_empty', 'level': 'info', 'timestamp': '2026-04-09T02:43:54.758981Z'}
2026-04-08 22:43:54,868 INFO     httpx  HTTP Request: GET https://comunicaapi.pje.jus.br/api/v1/caderno/TRE-SE/2026-04-03/D "HTTP/1.1 200 OK"
2026-04-08 22:43:54,871 INFO     djen_backup.backfill  {'tribunal': 'TRE-SE', 'date': '2026-04-03', 'status_code': 200, 'event': 'backfill_empty', 'level': 'info', 'timestamp': '2026-04-09T02:43:54.871529Z'}
2026-04-08 22:43:54,986 INFO     httpx  HTTP Request: GET https://comunicaapi.pje.jus.br/api/v1/caderno/TRE-SE/2026-04-02/D "HTTP/1.1 200 OK"
2026-04-08 22:43:54,989 INFO     djen_backup.backfill  {'tribunal': 'TRE-SE', 'date': '2026-04-02', 'status_code': 200, 'event': 'backfill_empty', 'level': 'info', 'timestamp': '2026-04-09T02:43:54.988988Z'}
2026-04-08 22:43:55,094 INFO     httpx  HTTP Request: GET https://comunicaapi.pje.jus.br/api/v1/caderno/TRE-SE/2026-04-01/D "HTTP/1.1 200 OK"
2026-04-08 22:43:55,097 INFO     djen_backup.backfill  {'tribunal': 'TRE-SE', 'date': '2026-04-01', 'status_code': 200, 'event': 'backfill_empty', 'level': 'info', 'timestamp': '2026-04-09T02:43:55.097003Z'}
2026-04-08 22:43:55,202 INFO     httpx  HTTP Request: GET https://comunicaapi.pje.jus.br/api/v1/caderno/TRE-SE/2026-03-31/D "HTTP/1.1 200 OK"
2026-04-08 22:43:55,204 INFO     djen_backup.backfill  {'tribunal': 'TRE-SE', 'date': '2026-03-31', 'status_code': 200, 'event': 'backfill_empty', 'level': 'info', 'timestamp': '2026-04-09T02:43:55.204305Z'}
2026-04-08 22:43:55,309 INFO     httpx  HTTP Request: GET https://comunicaapi.pje.jus.br/api/v1/caderno/TRE-SE/2026-03-30/D "HTTP/1.1 200 OK"
2026-04-08 22:43:55,310 INFO     djen_backup.backfill  {'tribunal': 'TRE-SE', 'date': '2026-03-30', 'status_code': 200, 'event': 'backfill_empty', 'level': 'info', 'timestamp': '2026-04-09T02:43:55.310614Z'}
2026-04-08 22:43:55,418 INFO     httpx  HTTP Request: GET https://comunicaapi.pje.jus.br/api/v1/caderno/TRE-SE/2026-03-29/D "HTTP/1.1 404 Not Found"
2026-04-08 22:43:55,420 INFO     djen_backup.backfill  {'tribunal': 'TRE-SE', 'date': '2026-03-29', 'status_code': 404, 'event': 'backfill_empty', 'level': 'info', 'timestamp': '2026-04-09T02:43:55.420627Z'}
2026-04-08 22:43:55,521 INFO     httpx  HTTP Request: GET https://comunicaapi.pje.jus.br/api/v1/caderno/TRE-SE/2026-03-28/D "HTTP/1.1 404 Not Found"
2026-04-08 22:43:55,523 INFO     djen_backup.backfill  {'tribunal': 'TRE-SE', 'date': '2026-03-28', 'status_code': 404, 'event': 'backfill_empty', 'level': 'info', 'timestamp': '2026-04-09T02:43:55.523033Z'}
2026-04-08 22:43:55,626 INFO     httpx  HTTP Request: GET https://comunicaapi.pje.jus.br/api/v1/caderno/TRE-SE/2026-03-27/D "HTTP/1.1 200 OK"
2026-04-08 22:43:55,628 INFO     djen_backup.backfill  {'tribunal': 'TRE-SE', 'date': '2026-03-27', 'status_code': 200, 'event': 'backfill_empty', 'level': 'info', 'timestamp': '2026-04-09T02:43:55.628429Z'}
2026-04-08 22:43:55,739 INFO     httpx  HTTP Request: GET https://comunicaapi.pje.jus.br/api/v1/caderno/TRE-SE/2026-03-26/D "HTTP/1.1 200 OK"
2026-04-08 22:43:55,741 INFO     djen_backup.backfill  {'tribunal': 'TRE-SE', 'date': '2026-03-26', 'status_code': 200, 'event': 'backfill_empty', 'level': 'info', 'timestamp': '2026-04-09T02:43:55.741224Z'}
2026-04-08 22:43:55,853 INFO     httpx  HTTP Request: GET https://comunicaapi.pje.jus.br/api/v1/caderno/TRE-SE/2026-03-25/D "HTTP/1.1 200 OK"
2026-04-08 22:43:55,854 INFO     djen_backup.backfill  {'tribunal': 'TRE-SE', 'date': '2026-03-25', 'status_code': 200, 'event': 'backfill_empty', 'level': 'info', 'timestamp': '2026-04-09T02:43:55.854762Z'}
2026-04-08 22:43:55,955 INFO     httpx  HTTP Request: GET https://comunicaapi.pje.jus.br/api/v1/caderno/TRE-SE/2026-03-24/D "HTTP/1.1 200 OK"
2026-04-08 22:43:55,957 INFO     djen_backup.backfill  {'tribunal': 'TRE-SE', 'date': '2026-03-24', 'status_code': 200, 'event': 'backfill_empty', 'level': 'info', 'timestamp': '2026-04-09T02:43:55.957372Z'}
2026-04-08 22:43:56,064 INFO     httpx  HTTP Request: GET https://comunicaapi.pje.jus.br/api/v1/caderno/TRE-SE/2026-03-23/D "HTTP/1.1 200 OK"
2026-04-08 22:43:56,066 INFO     djen_backup.backfill  {'tribunal': 'TRE-SE', 'date': '2026-03-23', 'status_code': 200, 'event': 'backfill_empty', 'level': 'info', 'timestamp': '2026-04-09T02:43:56.066317Z'}
2026-04-08 22:43:56,168 INFO     httpx  HTTP Request: GET https://comunicaapi.pje.jus.br/api/v1/caderno/TRE-SE/2026-03-22/D "HTTP/1.1 404 Not Found"
2026-04-08 22:43:56,170 INFO     djen_backup.backfill  {'tribunal': 'TRE-SE', 'date': '2026-03-22', 'status_code': 404, 'event': 'backfill_empty', 'level': 'info', 'timestamp': '2026-04-09T02:43:56.170889Z'}
2026-04-08 22:43:56,277 INFO     httpx  HTTP Request: GET https://comunicaapi.pje.jus.br/api/v1/caderno/TRE-SE/2026-03-21/D "HTTP/1.1 404 Not Found"
2026-04-08 22:43:56,279 INFO     djen_backup.backfill  {'tribunal': 'TRE-SE', 'date': '2026-03-21', 'status_code': 404, 'event': 'backfill_empty', 'level': 'info', 'timestamp': '2026-04-09T02:43:56.279294Z'}
2026-04-08 22:43:56,385 INFO     httpx  HTTP Request: GET https://comunicaapi.pje.jus.br/api/v1/caderno/TRE-SE/2026-03-20/D "HTTP/1.1 200 OK"
2026-04-08 22:43:56,387 INFO     djen_backup.backfill  {'tribunal': 'TRE-SE', 'date': '2026-03-20', 'status_code': 200, 'event': 'backfill_empty', 'level': 'info', 'timestamp': '2026-04-09T02:43:56.387734Z'}
2026-04-08 22:43:56,493 INFO     httpx  HTTP Request: GET https://comunicaapi.pje.jus.br/api/v1/caderno/TRE-SE/2026-03-19/D "HTTP/1.1 200 OK"
2026-04-08 22:43:56,495 INFO     djen_backup.backfill  {'tribunal': 'TRE-SE', 'date': '2026-03-19', 'status_code': 200, 'event': 'backfill_empty', 'level': 'info', 'timestamp': '2026-04-09T02:43:56.495182Z'}
2026-04-08 22:43:56,595 INFO     httpx  HTTP Request: GET https://comunicaapi.pje.jus.br/api/v1/caderno/TRE-SE/2026-03-18/D "HTTP/1.1 200 OK"
2026-04-08 22:43:56,597 INFO     djen_backup.backfill  {'tribunal': 'TRE-SE', 'date': '2026-03-18', 'status_code': 200, 'event': 'backfill_empty', 'level': 'info', 'timestamp': '2026-04-09T02:43:56.597481Z'}
2026-04-08 22:43:56,704 INFO     httpx  HTTP Request: GET https://comunicaapi.pje.jus.br/api/v1/caderno/TRE-SE/2026-03-17/D "HTTP/1.1 200 OK"
2026-04-08 22:43:56,706 INFO     djen_backup.backfill  {'tribunal': 'TRE-SE', 'date': '2026-03-17', 'status_code': 200, 'event': 'backfill_empty', 'level': 'info', 'timestamp': '2026-04-09T02:43:56.706199Z'}
2026-04-08 22:43:56,806 INFO     httpx  HTTP Request: GET https://comunicaapi.pje.jus.br/api/v1/caderno/TRE-SE/2026-03-16/D "HTTP/1.1 200 OK"
2026-04-08 22:43:56,808 INFO     djen_backup.backfill  {'tribunal': 'TRE-SE', 'date': '2026-03-16', 'status_code': 200, 'event': 'backfill_empty', 'level': 'info', 'timestamp': '2026-04-09T02:43:56.808513Z'}
2026-04-08 22:43:56,909 INFO     httpx  HTTP Request: GET https://comunicaapi.pje.jus.br/api/v1/caderno/TRE-SE/2026-03-15/D "HTTP/1.1 404 Not Found"
2026-04-08 22:43:56,911 INFO     djen_backup.backfill  {'tribunal': 'TRE-SE', 'date': '2026-03-15', 'status_code': 404, 'event': 'backfill_empty', 'level': 'info', 'timestamp': '2026-04-09T02:43:56.911194Z'}
2026-04-08 22:43:57,011 INFO     httpx  HTTP Request: GET https://comunicaapi.pje.jus.br/api/v1/caderno/TRE-SE/2026-03-14/D "HTTP/1.1 404 Not Found"
2026-04-08 22:43:57,013 INFO     djen_backup.backfill  {'tribunal': 'TRE-SE', 'date': '2026-03-14', 'status_code': 404, 'event': 'backfill_empty', 'level': 'info', 'timestamp': '2026-04-09T02:43:57.013370Z'}
2026-04-08 22:43:57,116 INFO     httpx  HTTP Request: GET https://comunicaapi.pje.jus.br/api/v1/caderno/TRE-SE/2026-03-13/D "HTTP/1.1 200 OK"
2026-04-08 22:43:57,117 INFO     djen_backup.backfill  {'tribunal': 'TRE-SE', 'date': '2026-03-13', 'status_code': 200, 'event': 'backfill_empty', 'level': 'info', 'timestamp': '2026-04-09T02:43:57.117924Z'}
2026-04-08 22:43:57,230 INFO     httpx  HTTP Request: GET https://comunicaapi.pje.jus.br/api/v1/caderno/TRE-SE/2026-03-12/D "HTTP/1.1 200 OK"
2026-04-08 22:43:57,232 INFO     djen_backup.backfill  {'tribunal': 'TRE-SE', 'date': '2026-03-12', 'status_code': 200, 'event': 'backfill_empty', 'level': 'info', 'timestamp': '2026-04-09T02:43:57.232491Z'}
2026-04-08 22:43:57,338 INFO     httpx  HTTP Request: GET https://comunicaapi.pje.jus.br/api/v1/caderno/TRE-SE/2026-03-11/D "HTTP/1.1 200 OK"
2026-04-08 22:43:57,340 INFO     djen_backup.backfill  {'tribunal': 'TRE-SE', 'date': '2026-03-11', 'status_code': 200, 'event': 'backfill_empty', 'level': 'info', 'timestamp': '2026-04-09T02:43:57.340158Z'}
2026-04-08 22:43:57,439 INFO     httpx  HTTP Request: GET https://comunicaapi.pje.jus.br/api/v1/caderno/TRE-SE/2026-03-10/D "HTTP/1.1 200 OK"
2026-04-08 22:43:57,440 INFO     djen_backup.backfill  {'tribunal': 'TRE-SE', 'date': '2026-03-10', 'status_code': 200, 'event': 'backfill_empty', 'level': 'info', 'timestamp': '2026-04-09T02:43:57.440805Z'}
2026-04-08 22:43:57,541 INFO     httpx  HTTP Request: GET https://comunicaapi.pje.jus.br/api/v1/caderno/TRE-SE/2026-03-09/D "HTTP/1.1 200 OK"
2026-04-08 22:43:57,543 INFO     djen_backup.backfill  {'tribunal': 'TRE-SE', 'date': '2026-03-09', 'status_code': 200, 'event': 'backfill_empty', 'level': 'info', 'timestamp': '2026-04-09T02:43:57.543063Z'}
2026-04-08 22:43:57,641 INFO     httpx  HTTP Request: GET https://comunicaapi.pje.jus.br/api/v1/caderno/TRE-SE/2026-03-08/D "HTTP/1.1 404 Not Found"
2026-04-08 22:43:57,642 INFO     djen_backup.backfill  {'tribunal': 'TRE-SE', 'date': '2026-03-08', 'status_code': 404, 'event': 'backfill_empty', 'level': 'info', 'timestamp': '2026-04-09T02:43:57.642909Z'}
2026-04-08 22:43:57,851 INFO     httpx  HTTP Request: GET https://comunicaapi.pje.jus.br/api/v1/caderno/TRE-SE/2026-03-07/D "HTTP/1.1 404 Not Found"
2026-04-08 22:43:57,854 INFO     djen_backup.backfill  {'tribunal': 'TRE-SE', 'date': '2026-03-07', 'status_code': 404, 'event': 'backfill_empty', 'level': 'info', 'timestamp': '2026-04-09T02:43:57.853985Z'}
2026-04-08 22:43:57,960 INFO     httpx  HTTP Request: GET https://comunicaapi.pje.jus.br/api/v1/caderno/TRE-SE/2026-03-06/D "HTTP/1.1 200 OK"
2026-04-08 22:43:57,961 INFO     djen_backup.backfill  {'tribunal': 'TRE-SE', 'date': '2026-03-06', 'status_code': 200, 'event': 'backfill_empty', 'level': 'info', 'timestamp': '2026-04-09T02:43:57.961810Z'}
2026-04-08 22:43:58,063 INFO     httpx  HTTP Request: GET https://comunicaapi.pje.jus.br/api/v1/caderno/TRE-SE/2026-03-05/D "HTTP/1.1 200 OK"
2026-04-08 22:43:58,065 INFO     djen_backup.backfill  {'tribunal': 'TRE-SE', 'date': '2026-03-05', 'status_code': 200, 'event': 'backfill_empty', 'level': 'info', 'timestamp': '2026-04-09T02:43:58.065834Z'}
2026-04-08 22:43:58,177 INFO     httpx  HTTP Request: GET https://comunicaapi.pje.jus.br/api/v1/caderno/TRE-SE/2026-03-04/D "HTTP/1.1 200 OK"
2026-04-08 22:43:58,179 INFO     djen_backup.backfill  {'tribunal': 'TRE-SE', 'date': '2026-03-04', 'status_code': 200, 'event': 'backfill_empty', 'level': 'info', 'timestamp': '2026-04-09T02:43:58.179771Z'}
2026-04-08 22:43:58,292 INFO     httpx  HTTP Request: GET https://comunicaapi.pje.jus.br/api/v1/caderno/TRE-SE/2026-03-03/D "HTTP/1.1 200 OK"
2026-04-08 22:43:58,293 INFO     djen_backup.backfill  {'tribunal': 'TRE-SE', 'date': '2026-03-03', 'status_code': 200, 'event': 'backfill_empty', 'level': 'info', 'timestamp': '2026-04-09T02:43:58.293921Z'}
2026-04-08 22:43:58,395 INFO     httpx  HTTP Request: GET https://comunicaapi.pje.jus.br/api/v1/caderno/TRE-SE/2026-03-02/D "HTTP/1.1 200 OK"
2026-04-08 22:43:58,396 INFO     djen_backup.backfill  {'tribunal': 'TRE-SE', 'date': '2026-03-02', 'status_code': 200, 'event': 'backfill_empty', 'level': 'info', 'timestamp': '2026-04-09T02:43:58.396921Z'}
2026-04-08 22:43:58,498 INFO     httpx  HTTP Request: GET https://comunicaapi.pje.jus.br/api/v1/caderno/TRE-SE/2026-03-01/D "HTTP/1.1 404 Not Found"
2026-04-08 22:43:58,500 INFO     djen_backup.backfill  {'tribunal': 'TRE-SE', 'date': '2026-03-01', 'status_code': 404, 'event': 'backfill_empty', 'level': 'info', 'timestamp': '2026-04-09T02:43:58.500511Z'}
2026-04-08 22:43:58,604 INFO     httpx  HTTP Request: GET https://comunicaapi.pje.jus.br/api/v1/caderno/TRE-SE/2026-02-28/D "HTTP/1.1 404 Not Found"
2026-04-08 22:43:58,606 INFO     djen_backup.backfill  {'tribunal': 'TRE-SE', 'date': '2026-02-28', 'status_code': 404, 'event': 'backfill_empty', 'level': 'info', 'timestamp': '2026-04-09T02:43:58.606205Z'}
2026-04-08 22:43:58,722 INFO     httpx  HTTP Request: GET https://comunicaapi.pje.jus.br/api/v1/caderno/TRE-SE/2026-02-27/D "HTTP/1.1 200 OK"
2026-04-08 22:43:58,724 INFO     djen_backup.backfill  {'tribunal': 'TRE-SE', 'date': '2026-02-27', 'status_code': 200, 'event': 'backfill_empty', 'level': 'info', 'timestamp': '2026-04-09T02:43:58.724425Z'}
2026-04-08 22:43:58,822 INFO     httpx  HTTP Request: GET https://comunicaapi.pje.jus.br/api/v1/caderno/TRE-SE/2026-02-26/D "HTTP/1.1 200 OK"
2026-04-08 22:43:58,826 INFO     djen_backup.backfill  {'tribunal': 'TRE-SE', 'date': '2026-02-26', 'status_code': 200, 'event': 'backfill_empty', 'level': 'info', 'timestamp': '2026-04-09T02:43:58.826748Z'}
2026-04-08 22:43:58,930 INFO     httpx  HTTP Request: GET https://comunicaapi.pje.jus.br/api/v1/caderno/TRE-SE/2026-02-25/D "HTTP/1.1 200 OK"
2026-04-08 22:43:58,932 INFO     djen_backup.backfill  {'tribunal': 'TRE-SE', 'date': '2026-02-25', 'status_code': 200, 'event': 'backfill_empty', 'level': 'info', 'timestamp': '2026-04-09T02:43:58.932833Z'}
2026-04-08 22:43:59,038 INFO     httpx  HTTP Request: GET https://comunicaapi.pje.jus.br/api/v1/caderno/TRE-SE/2026-02-24/D "HTTP/1.1 200 OK"
2026-04-08 22:43:59,042 INFO     djen_backup.backfill  {'tribunal': 'TRE-SE', 'date': '2026-02-24', 'status_code': 200, 'event': 'backfill_empty', 'level': 'info', 'timestamp': '2026-04-09T02:43:59.042505Z'}
2026-04-08 22:43:59,172 INFO     httpx  HTTP Request: GET https://comunicaapi.pje.jus.br/api/v1/caderno/TRE-SE/2026-02-23/D "HTTP/1.1 200 OK"
2026-04-08 22:43:59,174 INFO     djen_backup.backfill  {'tribunal': 'TRE-SE', 'date': '2026-02-23', 'status_code': 200, 'event': 'backfill_empty', 'level': 'info', 'timestamp': '2026-04-09T02:43:59.174600Z'}
2026-04-08 22:43:59,294 INFO     httpx  HTTP Request: GET https://comunicaapi.pje.jus.br/api/v1/caderno/TRE-SE/2026-02-22/D "HTTP/1.1 404 Not Found"
2026-04-08 22:43:59,298 INFO     djen_backup.backfill  {'tribunal': 'TRE-SE', 'date': '2026-02-22', 'status_code': 404, 'event': 'backfill_empty', 'level': 'info', 'timestamp': '2026-04-09T02:43:59.298011Z'}
2026-04-08 22:43:59,492 INFO     httpx  HTTP Request: GET https://comunicaapi.pje.jus.br/api/v1/caderno/TRE-SE/2026-02-21/D "HTTP/1.1 404 Not Found"
2026-04-08 22:43:59,495 INFO     djen_backup.backfill  {'tribunal': 'TRE-SE', 'date': '2026-02-21', 'status_code': 404, 'event': 'backfill_empty', 'level': 'info', 'timestamp': '2026-04-09T02:43:59.495597Z'}
2026-04-08 22:43:59,683 INFO     httpx  HTTP Request: GET https://comunicaapi.pje.jus.br/api/v1/caderno/TRE-SE/2026-02-20/D "HTTP/1.1 200 OK"
2026-04-08 22:43:59,685 INFO     djen_backup.backfill  {'tribunal': 'TRE-SE', 'date': '2026-02-20', 'status_code': 200, 'event': 'backfill_empty', 'level': 'info', 'timestamp': '2026-04-09T02:43:59.685744Z'}
2026-04-08 22:43:59,846 INFO     httpx  HTTP Request: GET https://comunicaapi.pje.jus.br/api/v1/caderno/TRE-SE/2026-02-19/D "HTTP/1.1 200 OK"
2026-04-08 22:43:59,847 INFO     djen_backup.backfill  {'tribunal': 'TRE-SE', 'date': '2026-02-19', 'status_code': 200, 'event': 'backfill_empty', 'level': 'info', 'timestamp': '2026-04-09T02:43:59.847383Z'}
2026-04-08 22:43:59,997 INFO     httpx  HTTP Request: GET https://comunicaapi.pje.jus.br/api/v1/caderno/TRE-SE/2026-02-18/D "HTTP/1.1 200 OK"
2026-04-08 22:44:00,000 INFO     djen_backup.backfill  {'tribunal': 'TRE-SE', 'date': '2026-02-18', 'status_code': 200, 'event': 'backfill_empty', 'level': 'info', 'timestamp': '2026-04-09T02:44:00.000580Z'}
2026-04-08 22:44:00,224 INFO     httpx  HTTP Request: GET https://comunicaapi.pje.jus.br/api/v1/caderno/TRE-SE/2026-02-17/D "HTTP/1.1 200 OK"
2026-04-08 22:44:00,225 INFO     djen_backup.backfill  {'tribunal': 'TRE-SE', 'date': '2026-02-17', 'status_code': 200, 'event': 'backfill_empty', 'level': 'info', 'timestamp': '2026-04-09T02:44:00.225560Z'}
2026-04-08 22:44:00,339 INFO     httpx  HTTP Request: GET https://comunicaapi.pje.jus.br/api/v1/caderno/TRE-SE/2026-02-16/D "HTTP/1.1 200 OK"
2026-04-08 22:44:00,341 INFO     djen_backup.backfill  {'tribunal': 'TRE-SE', 'date': '2026-02-16', 'status_code': 200, 'event': 'backfill_empty', 'level': 'info', 'timestamp': '2026-04-09T02:44:00.341108Z'}
2026-04-08 22:44:00,440 INFO     httpx  HTTP Request: GET https://comunicaapi.pje.jus.br/api/v1/caderno/TRE-SE/2026-02-15/D "HTTP/1.1 404 Not Found"
2026-04-08 22:44:00,442 INFO     djen_backup.backfill  {'tribunal': 'TRE-SE', 'date': '2026-02-15', 'status_code': 404, 'event': 'backfill_empty', 'level': 'info', 'timestamp': '2026-04-09T02:44:00.442023Z'}
2026-04-08 22:44:00,545 INFO     httpx  HTTP Request: GET https://comunicaapi.pje.jus.br/api/v1/caderno/TRE-SE/2026-02-14/D "HTTP/1.1 404 Not Found"
2026-04-08 22:44:00,546 INFO     djen_backup.backfill  {'tribunal': 'TRE-SE', 'date': '2026-02-14', 'status_code': 404, 'event': 'backfill_empty', 'level': 'info', 'timestamp': '2026-04-09T02:44:00.546757Z'}
2026-04-08 22:44:00,647 INFO     httpx  HTTP Request: GET https://comunicaapi.pje.jus.br/api/v1/caderno/TRE-SE/2026-02-13/D "HTTP/1.1 200 OK"
2026-04-08 22:44:00,649 INFO     djen_backup.backfill  {'tribunal': 'TRE-SE', 'date': '2026-02-13', 'status_code': 200, 'event': 'backfill_empty', 'level': 'info', 'timestamp': '2026-04-09T02:44:00.648985Z'}
2026-04-08 22:44:00,758 INFO     httpx  HTTP Request: GET https://comunicaapi.pje.jus.br/api/v1/caderno/TRE-SE/2026-02-12/D "HTTP/1.1 200 OK"
2026-04-08 22:44:00,760 INFO     djen_backup.backfill  {'tribunal': 'TRE-SE', 'date': '2026-02-12', 'status_code': 200, 'event': 'backfill_empty', 'level': 'info', 'timestamp': '2026-04-09T02:44:00.760139Z'}
2026-04-08 22:44:00,865 INFO     httpx  HTTP Request: GET https://comunicaapi.pje.jus.br/api/v1/caderno/TRE-SE/2026-02-11/D "HTTP/1.1 200 OK"
2026-04-08 22:44:00,868 INFO     djen_backup.backfill  {'tribunal': 'TRE-SE', 'date': '2026-02-11', 'status_code': 200, 'event': 'backfill_empty', 'level': 'info', 'timestamp': '2026-04-09T02:44:00.868372Z'}
2026-04-08 22:44:01,016 INFO     httpx  HTTP Request: GET https://comunicaapi.pje.jus.br/api/v1/caderno/TRE-SE/2026-02-10/D "HTTP/1.1 200 OK"
2026-04-08 22:44:01,018 INFO     djen_backup.backfill  {'tribunal': 'TRE-SE', 'date': '2026-02-10', 'status_code': 200, 'event': 'backfill_empty', 'level': 'info', 'timestamp': '2026-04-09T02:44:01.018117Z'}
2026-04-08 22:44:01,123 INFO     httpx  HTTP Request: GET https://comunicaapi.pje.jus.br/api/v1/caderno/TRE-SE/2026-02-09/D "HTTP/1.1 200 OK"
2026-04-08 22:44:01,125 INFO     djen_backup.backfill  {'tribunal': 'TRE-SE', 'date': '2026-02-09', 'status_code': 200, 'event': 'backfill_empty', 'level': 'info', 'timestamp': '2026-04-09T02:44:01.125262Z'}
2026-04-08 22:44:01,230 INFO     httpx  HTTP Request: GET https://comunicaapi.pje.jus.br/api/v1/caderno/TRE-SE/2026-02-08/D "HTTP/1.1 404 Not Found"
2026-04-08 22:44:01,232 INFO     djen_backup.backfill  {'tribunal': 'TRE-SE', 'date': '2026-02-08', 'status_code': 404, 'event': 'backfill_empty', 'level': 'info', 'timestamp': '2026-04-09T02:44:01.232420Z'}
2026-04-08 22:44:01,336 INFO     httpx  HTTP Request: GET https://comunicaapi.pje.jus.br/api/v1/caderno/TRE-SE/2026-02-07/D "HTTP/1.1 404 Not Found"
2026-04-08 22:44:01,338 INFO     djen_backup.backfill  {'tribunal': 'TRE-SE', 'date': '2026-02-07', 'status_code': 404, 'event': 'backfill_empty', 'level': 'info', 'timestamp': '2026-04-09T02:44:01.338246Z'}
2026-04-08 22:44:01,437 INFO     httpx  HTTP Request: GET https://comunicaapi.pje.jus.br/api/v1/caderno/TRE-SE/2026-02-06/D "HTTP/1.1 200 OK"
2026-04-08 22:44:01,438 INFO     djen_backup.backfill  {'tribunal': 'TRE-SE', 'date': '2026-02-06', 'status_code': 200, 'event': 'backfill_empty', 'level': 'info', 'timestamp': '2026-04-09T02:44:01.438753Z'}
2026-04-08 22:44:01,543 INFO     httpx  HTTP Request: GET https://comunicaapi.pje.jus.br/api/v1/caderno/TRE-SE/2026-02-05/D "HTTP/1.1 200 OK"
2026-04-08 22:44:01,544 INFO     djen_backup.backfill  {'tribunal': 'TRE-SE', 'date': '2026-02-05', 'status_code': 200, 'event': 'backfill_empty', 'level': 'info', 'timestamp': '2026-04-09T02:44:01.544839Z'}
2026-04-08 22:44:01,648 INFO     httpx  HTTP Request: GET https://comunicaapi.pje.jus.br/api/v1/caderno/TRE-SE/2026-02-04/D "HTTP/1.1 200 OK"
2026-04-08 22:44:01,649 INFO     djen_backup.backfill  {'tribunal': 'TRE-SE', 'date': '2026-02-04', 'status_code': 200, 'event': 'backfill_empty', 'level': 'info', 'timestamp': '2026-04-09T02:44:01.649804Z'}
2026-04-08 22:44:01,767 INFO     httpx  HTTP Request: GET https://comunicaapi.pje.jus.br/api/v1/caderno/TRE-SE/2026-02-03/D "HTTP/1.1 200 OK"
2026-04-08 22:44:01,769 INFO     djen_backup.backfill  {'tribunal': 'TRE-SE', 'date': '2026-02-03', 'status_code': 200, 'event': 'backfill_empty', 'level': 'info', 'timestamp': '2026-04-09T02:44:01.769374Z'}
2026-04-08 22:44:01,877 INFO     httpx  HTTP Request: GET https://comunicaapi.pje.jus.br/api/v1/caderno/TRE-SE/2026-02-02/D "HTTP/1.1 200 OK"
2026-04-08 22:44:01,879 INFO     djen_backup.backfill  {'tribunal': 'TRE-SE', 'date': '2026-02-02', 'status_code': 200, 'event': 'backfill_empty', 'level': 'info', 'timestamp': '2026-04-09T02:44:01.879087Z'}
2026-04-08 22:44:01,986 INFO     httpx  HTTP Request: GET https://comunicaapi.pje.jus.br/api/v1/caderno/TRE-SE/2026-02-01/D "HTTP/1.1 404 Not Found"
2026-04-08 22:44:01,988 INFO     djen_backup.backfill  {'tribunal': 'TRE-SE', 'date': '2026-02-01', 'status_code': 404, 'event': 'backfill_empty', 'level': 'info', 'timestamp': '2026-04-09T02:44:01.988354Z'}
2026-04-08 22:44:02,090 INFO     httpx  HTTP Request: GET https://comunicaapi.pje.jus.br/api/v1/caderno/TRE-SE/2026-01-31/D "HTTP/1.1 404 Not Found"
2026-04-08 22:44:02,093 INFO     djen_backup.backfill  {'tribunal': 'TRE-SE', 'date': '2026-01-31', 'status_code': 404, 'event': 'backfill_empty', 'level': 'info', 'timestamp': '2026-04-09T02:44:02.093494Z'}
2026-04-08 22:44:02,201 INFO     httpx  HTTP Request: GET https://comunicaapi.pje.jus.br/api/v1/caderno/TRE-SE/2026-01-30/D "HTTP/1.1 200 OK"
2026-04-08 22:44:02,204 INFO     djen_backup.backfill  {'tribunal': 'TRE-SE', 'date': '2026-01-30', 'status_code': 200, 'event': 'backfill_empty', 'level': 'info', 'timestamp': '2026-04-09T02:44:02.203993Z'}
2026-04-08 22:44:02,308 INFO     httpx  HTTP Request: GET https://comunicaapi.pje.jus.br/api/v1/caderno/TRE-SE/2026-01-29/D "HTTP/1.1 200 OK"
2026-04-08 22:44:02,311 INFO     djen_backup.backfill  {'tribunal': 'TRE-SE', 'date': '2026-01-29', 'status_code': 200, 'event': 'backfill_empty', 'level': 'info', 'timestamp': '2026-04-09T02:44:02.311063Z'}
2026-04-08 22:44:02,421 INFO     httpx  HTTP Request: GET https://comunicaapi.pje.jus.br/api/v1/caderno/TRE-SE/2026-01-28/D "HTTP/1.1 200 OK"
2026-04-08 22:44:02,424 INFO     djen_backup.backfill  {'tribunal': 'TRE-SE', 'date': '2026-01-28', 'status_code': 200, 'event': 'backfill_empty', 'level': 'info', 'timestamp': '2026-04-09T02:44:02.424211Z'}
2026-04-08 22:44:02,531 INFO     httpx  HTTP Request: GET https://comunicaapi.pje.jus.br/api/v1/caderno/TRE-SE/2026-01-27/D "HTTP/1.1 200 OK"
2026-04-08 22:44:02,573 INFO     djen_backup.backfill  {'tribunal': 'TRE-SE', 'date': '2026-01-27', 'status_code': 200, 'event': 'backfill_empty', 'level': 'info', 'timestamp': '2026-04-09T02:44:02.573190Z'}
2026-04-08 22:44:02,683 INFO     httpx  HTTP Request: GET https://comunicaapi.pje.jus.br/api/v1/caderno/TRE-SE/2026-01-26/D "HTTP/1.1 200 OK"
2026-04-08 22:44:02,724 INFO     djen_backup.backfill  {'tribunal': 'TRE-SE', 'date': '2026-01-26', 'status_code': 200, 'event': 'backfill_empty', 'level': 'info', 'timestamp': '2026-04-09T02:44:02.724388Z'}
2026-04-08 22:44:02,835 INFO     httpx  HTTP Request: GET https://comunicaapi.pje.jus.br/api/v1/caderno/TRE-SE/2026-01-25/D "HTTP/1.1 404 Not Found"
2026-04-08 22:44:02,838 INFO     djen_backup.backfill  {'tribunal': 'TRE-SE', 'date': '2026-01-25', 'status_code': 404, 'event': 'backfill_empty', 'level': 'info', 'timestamp': '2026-04-09T02:44:02.838301Z'}
2026-04-08 22:44:02,942 INFO     httpx  HTTP Request: GET https://comunicaapi.pje.jus.br/api/v1/caderno/TRE-SE/2026-01-24/D "HTTP/1.1 404 Not Found"
2026-04-08 22:44:02,945 INFO     djen_backup.backfill  {'tribunal': 'TRE-SE', 'date': '2026-01-24', 'status_code': 404, 'event': 'backfill_empty', 'level': 'info', 'timestamp': '2026-04-09T02:44:02.945466Z'}
2026-04-08 22:44:03,051 INFO     httpx  HTTP Request: GET https://comunicaapi.pje.jus.br/api/v1/caderno/TRE-SE/2026-01-23/D "HTTP/1.1 200 OK"
2026-04-08 22:44:03,054 INFO     djen_backup.backfill  {'tribunal': 'TRE-SE', 'date': '2026-01-23', 'status_code': 200, 'event': 'backfill_empty', 'level': 'info', 'timestamp': '2026-04-09T02:44:03.054021Z'}
2026-04-08 22:44:03,161 INFO     httpx  HTTP Request: GET https://comunicaapi.pje.jus.br/api/v1/caderno/TRE-SE/2026-01-22/D "HTTP/1.1 200 OK"
2026-04-08 22:44:03,164 INFO     djen_backup.backfill  {'tribunal': 'TRE-SE', 'date': '2026-01-22', 'status_code': 200, 'event': 'backfill_empty', 'level': 'info', 'timestamp': '2026-04-09T02:44:03.164257Z'}
2026-04-08 22:44:03,273 INFO     httpx  HTTP Request: GET https://comunicaapi.pje.jus.br/api/v1/caderno/TRE-SE/2026-01-21/D "HTTP/1.1 200 OK"
2026-04-08 22:44:03,276 INFO     djen_backup.backfill  {'tribunal': 'TRE-SE', 'date': '2026-01-21', 'status_code': 200, 'event': 'backfill_empty', 'level': 'info', 'timestamp': '2026-04-09T02:44:03.276617Z'}
2026-04-08 22:44:03,387 INFO     httpx  HTTP Request: GET https://comunicaapi.pje.jus.br/api/v1/caderno/TRE-SE/2026-01-20/D "HTTP/1.1 200 OK"
2026-04-08 22:44:03,389 INFO     djen_backup.backfill  {'tribunal': 'TRE-SE', 'date': '2026-01-20', 'status_code': 200, 'event': 'backfill_empty', 'level': 'info', 'timestamp': '2026-04-09T02:44:03.389457Z'}
2026-04-08 22:44:03,494 INFO     httpx  HTTP Request: GET https://comunicaapi.pje.jus.br/api/v1/caderno/TRE-SE/2026-01-19/D "HTTP/1.1 200 OK"
2026-04-08 22:44:03,498 INFO     djen_backup.backfill  {'tribunal': 'TRE-SE', 'date': '2026-01-19', 'status_code': 200, 'event': 'backfill_empty', 'level': 'info', 'timestamp': '2026-04-09T02:44:03.498509Z'}
2026-04-08 22:44:03,604 INFO     httpx  HTTP Request: GET https://comunicaapi.pje.jus.br/api/v1/caderno/TRE-SE/2026-01-18/D "HTTP/1.1 404 Not Found"
2026-04-08 22:44:03,607 INFO     djen_backup.backfill  {'tribunal': 'TRE-SE', 'date': '2026-01-18', 'status_code': 404, 'event': 'backfill_empty', 'level': 'info', 'timestamp': '2026-04-09T02:44:03.607605Z'}
2026-04-08 22:44:03,707 INFO     httpx  HTTP Request: GET https://comunicaapi.pje.jus.br/api/v1/caderno/TRE-SE/2026-01-17/D "HTTP/1.1 404 Not Found"
2026-04-08 22:44:03,711 INFO     djen_backup.backfill  {'tribunal': 'TRE-SE', 'date': '2026-01-17', 'status_code': 404, 'event': 'backfill_empty', 'level': 'info', 'timestamp': '2026-04-09T02:44:03.711797Z'}
2026-04-08 22:44:03,818 INFO     httpx  HTTP Request: GET https://comunicaapi.pje.jus.br/api/v1/caderno/TRE-SE/2026-01-16/D "HTTP/1.1 200 OK"
2026-04-08 22:44:03,820 INFO     djen_backup.backfill  {'tribunal': 'TRE-SE', 'date': '2026-01-16', 'status_code': 200, 'event': 'backfill_empty', 'level': 'info', 'timestamp': '2026-04-09T02:44:03.820313Z'}
2026-04-08 22:44:03,926 INFO     httpx  HTTP Request: GET https://comunicaapi.pje.jus.br/api/v1/caderno/TRE-SE/2026-01-15/D "HTTP/1.1 200 OK"
2026-04-08 22:44:03,928 INFO     djen_backup.backfill  {'tribunal': 'TRE-SE', 'date': '2026-01-15', 'status_code': 200, 'event': 'backfill_empty', 'level': 'info', 'timestamp': '2026-04-09T02:44:03.928566Z'}
2026-04-08 22:44:04,034 INFO     httpx  HTTP Request: GET https://comunicaapi.pje.jus.br/api/v1/caderno/TRE-SE/2026-01-14/D "HTTP/1.1 200 OK"
2026-04-08 22:44:04,037 INFO     djen_backup.backfill  {'tribunal': 'TRE-SE', 'date': '2026-01-14', 'status_code': 200, 'event': 'backfill_empty', 'level': 'info', 'timestamp': '2026-04-09T02:44:04.037516Z'}
2026-04-08 22:44:04,145 INFO     httpx  HTTP Request: GET https://comunicaapi.pje.jus.br/api/v1/caderno/TRE-SE/2026-01-13/D "HTTP/1.1 200 OK"
2026-04-08 22:44:04,147 INFO     djen_backup.backfill  {'tribunal': 'TRE-SE', 'date': '2026-01-13', 'status_code': 200, 'event': 'backfill_empty', 'level': 'info', 'timestamp': '2026-04-09T02:44:04.147286Z'}
2026-04-08 22:44:04,254 INFO     httpx  HTTP Request: GET https://comunicaapi.pje.jus.br/api/v1/caderno/TRE-SE/2026-01-12/D "HTTP/1.1 200 OK"
2026-04-08 22:44:04,255 INFO     djen_backup.backfill  {'tribunal': 'TRE-SE', 'date': '2026-01-12', 'status_code': 200, 'event': 'backfill_empty', 'level': 'info', 'timestamp': '2026-04-09T02:44:04.255639Z'}
2026-04-08 22:44:04,387 INFO     httpx  HTTP Request: GET https://comunicaapi.pje.jus.br/api/v1/caderno/TRE-SE/2026-01-11/D "HTTP/1.1 404 Not Found"
2026-04-08 22:44:04,389 INFO     djen_backup.backfill  {'tribunal': 'TRE-SE', 'date': '2026-01-11', 'status_code': 404, 'event': 'backfill_empty', 'level': 'info', 'timestamp': '2026-04-09T02:44:04.389373Z'}
2026-04-08 22:44:04,532 INFO     httpx  HTTP Request: GET https://comunicaapi.pje.jus.br/api/v1/caderno/TRE-SE/2026-01-10/D "HTTP/1.1 404 Not Found"
2026-04-08 22:44:04,534 INFO     djen_backup.backfill  {'tribunal': 'TRE-SE', 'date': '2026-01-10', 'status_code': 404, 'event': 'backfill_empty', 'level': 'info', 'timestamp': '2026-04-09T02:44:04.534565Z'}
2026-04-08 22:44:04,647 INFO     httpx  HTTP Request: GET https://comunicaapi.pje.jus.br/api/v1/caderno/TRE-SE/2026-01-09/D "HTTP/1.1 200 OK"
2026-04-08 22:44:04,692 INFO     djen_backup.backfill  {'tribunal': 'TRE-SE', 'date': '2026-01-09', 'status_code': 200, 'event': 'backfill_empty', 'level': 'info', 'timestamp': '2026-04-09T02:44:04.692038Z'}
2026-04-08 22:44:04,822 INFO     httpx  HTTP Request: GET https://comunicaapi.pje.jus.br/api/v1/caderno/TRE-SE/2026-01-08/D "HTTP/1.1 200 OK"
2026-04-08 22:44:04,825 INFO     djen_backup.backfill  {'tribunal': 'TRE-SE', 'date': '2026-01-08', 'status_code': 200, 'event': 'backfill_empty', 'level': 'info', 'timestamp': '2026-04-09T02:44:04.825216Z'}
2026-04-08 22:44:04,941 INFO     httpx  HTTP Request: GET https://comunicaapi.pje.jus.br/api/v1/caderno/TRE-SE/2026-01-07/D "HTTP/1.1 200 OK"
2026-04-08 22:44:04,943 INFO     djen_backup.backfill  {'tribunal': 'TRE-SE', 'date': '2026-01-07', 'status_code': 200, 'event': 'backfill_empty', 'level': 'info', 'timestamp': '2026-04-09T02:44:04.943238Z'}
2026-04-08 22:44:05,068 INFO     httpx  HTTP Request: GET https://comunicaapi.pje.jus.br/api/v1/caderno/TRE-SE/2026-01-06/D "HTTP/1.1 200 OK"
2026-04-08 22:44:05,071 INFO     djen_backup.backfill  {'tribunal': 'TRE-SE', 'date': '2026-01-06', 'status_code': 200, 'event': 'backfill_empty', 'level': 'info', 'timestamp': '2026-04-09T02:44:05.071097Z'}
2026-04-08 22:44:05,202 INFO     httpx  HTTP Request: GET https://comunicaapi.pje.jus.br/api/v1/caderno/TRE-SE/2026-01-05/D "HTTP/1.1 200 OK"
2026-04-08 22:44:05,204 INFO     djen_backup.backfill  {'tribunal': 'TRE-SE', 'date': '2026-01-05', 'status_code': 200, 'event': 'backfill_empty', 'level': 'info', 'timestamp': '2026-04-09T02:44:05.204787Z'}
2026-04-08 22:44:05,326 INFO     httpx  HTTP Request: GET https://comunicaapi.pje.jus.br/api/v1/caderno/TRE-SE/2026-01-04/D "HTTP/1.1 404 Not Found"
2026-04-08 22:44:05,329 INFO     djen_backup.backfill  {'tribunal': 'TRE-SE', 'date': '2026-01-04', 'status_code': 404, 'event': 'backfill_empty', 'level': 'info', 'timestamp': '2026-04-09T02:44:05.328997Z'}
2026-04-08 22:44:05,439 INFO     httpx  HTTP Request: GET https://comunicaapi.pje.jus.br/api/v1/caderno/TRE-SE/2026-01-03/D "HTTP/1.1 404 Not Found"
2026-04-08 22:44:05,440 INFO     djen_backup.backfill  {'tribunal': 'TRE-SE', 'date': '2026-01-03', 'status_code': 404, 'event': 'backfill_empty', 'level': 'info', 'timestamp': '2026-04-09T02:44:05.440856Z'}
2026-04-08 22:44:05,543 INFO     httpx  HTTP Request: GET https://comunicaapi.pje.jus.br/api/v1/caderno/TRE-SE/2026-01-02/D "HTTP/1.1 200 OK"
2026-04-08 22:44:05,545 INFO     djen_backup.backfill  {'tribunal': 'TRE-SE', 'date': '2026-01-02', 'status_code': 200, 'event': 'backfill_empty', 'level': 'info', 'timestamp': '2026-04-09T02:44:05.545514Z'}
2026-04-08 22:44:05,649 INFO     httpx  HTTP Request: GET https://comunicaapi.pje.jus.br/api/v1/caderno/TRE-SE/2026-01-01/D "HTTP/1.1 200 OK"
2026-04-08 22:44:05,652 INFO     djen_backup.backfill  {'tribunal': 'TRE-SE', 'date': '2026-01-01', 'status_code': 200, 'event': 'backfill_empty', 'level': 'info', 'timestamp': '2026-04-09T02:44:05.652010Z'}
2026-04-08 22:44:12,185 INFO     httpx  HTTP Request: GET https://archive.org/metadata/djen-tre-sp-2026/files "HTTP/1.1 200 OK"
2026-04-08 22:44:12,186 INFO     djen_backup.backfill  {'tribunal': 'TRE-SP', 'year': 2026, 'gaps': 98, 'event': 'backfill_tribunal_year', 'level': 'info', 'timestamp': '2026-04-09T02:44:12.186581Z'}
2026-04-08 22:44:12,473 INFO     httpx  HTTP Request: GET https://comunicaapi.pje.jus.br/api/v1/caderno/TRE-SP/2026-04-08/D "HTTP/1.1 200 OK"
2026-04-08 22:44:12,477 INFO     djen_backup.backfill  {'tribunal': 'TRE-SP', 'date': '2026-04-08', 'status_code': 200, 'event': 'backfill_empty', 'level': 'info', 'timestamp': '2026-04-09T02:44:12.477704Z'}
2026-04-08 22:44:12,595 INFO     httpx  HTTP Request: GET https://comunicaapi.pje.jus.br/api/v1/caderno/TRE-SP/2026-04-07/D "HTTP/1.1 200 OK"
2026-04-08 22:44:12,600 INFO     djen_backup.backfill  {'tribunal': 'TRE-SP', 'date': '2026-04-07', 'status_code': 200, 'event': 'backfill_empty', 'level': 'info', 'timestamp': '2026-04-09T02:44:12.600573Z'}
2026-04-08 22:44:12,709 INFO     httpx  HTTP Request: GET https://comunicaapi.pje.jus.br/api/v1/caderno/TRE-SP/2026-04-06/D "HTTP/1.1 200 OK"
2026-04-08 22:44:12,712 INFO     djen_backup.backfill  {'tribunal': 'TRE-SP', 'date': '2026-04-06', 'status_code': 200, 'event': 'backfill_empty', 'level': 'info', 'timestamp': '2026-04-09T02:44:12.712255Z'}
2026-04-08 22:44:12,817 INFO     httpx  HTTP Request: GET https://comunicaapi.pje.jus.br/api/v1/caderno/TRE-SP/2026-04-05/D "HTTP/1.1 404 Not Found"
2026-04-08 22:44:12,821 INFO     djen_backup.backfill  {'tribunal': 'TRE-SP', 'date': '2026-04-05', 'status_code': 404, 'event': 'backfill_empty', 'level': 'info', 'timestamp': '2026-04-09T02:44:12.820963Z'}
2026-04-08 22:44:12,932 INFO     httpx  HTTP Request: GET https://comunicaapi.pje.jus.br/api/v1/caderno/TRE-SP/2026-04-04/D "HTTP/1.1 404 Not Found"
2026-04-08 22:44:12,935 INFO     djen_backup.backfill  {'tribunal': 'TRE-SP', 'date': '2026-04-04', 'status_code': 404, 'event': 'backfill_empty', 'level': 'info', 'timestamp': '2026-04-09T02:44:12.935684Z'}
2026-04-08 22:44:13,042 INFO     httpx  HTTP Request: GET https://comunicaapi.pje.jus.br/api/v1/caderno/TRE-SP/2026-04-03/D "HTTP/1.1 200 OK"
2026-04-08 22:44:13,043 INFO     djen_backup.backfill  {'tribunal': 'TRE-SP', 'date': '2026-04-03', 'status_code': 200, 'event': 'backfill_empty', 'level': 'info', 'timestamp': '2026-04-09T02:44:13.043957Z'}
2026-04-08 22:44:13,145 INFO     httpx  HTTP Request: GET https://comunicaapi.pje.jus.br/api/v1/caderno/TRE-SP/2026-04-02/D "HTTP/1.1 200 OK"
2026-04-08 22:44:13,148 INFO     djen_backup.backfill  {'tribunal': 'TRE-SP', 'date': '2026-04-02', 'status_code': 200, 'event': 'backfill_empty', 'level': 'info', 'timestamp': '2026-04-09T02:44:13.148115Z'}
2026-04-08 22:44:13,259 INFO     httpx  HTTP Request: GET https://comunicaapi.pje.jus.br/api/v1/caderno/TRE-SP/2026-04-01/D "HTTP/1.1 200 OK"
2026-04-08 22:44:13,261 INFO     djen_backup.backfill  {'tribunal': 'TRE-SP', 'date': '2026-04-01', 'status_code': 200, 'event': 'backfill_empty', 'level': 'info', 'timestamp': '2026-04-09T02:44:13.261138Z'}
2026-04-08 22:44:13,364 INFO     httpx  HTTP Request: GET https://comunicaapi.pje.jus.br/api/v1/caderno/TRE-SP/2026-03-31/D "HTTP/1.1 200 OK"
2026-04-08 22:44:13,366 INFO     djen_backup.backfill  {'tribunal': 'TRE-SP', 'date': '2026-03-31', 'status_code': 200, 'event': 'backfill_empty', 'level': 'info', 'timestamp': '2026-04-09T02:44:13.366367Z'}
2026-04-08 22:44:13,481 INFO     httpx  HTTP Request: GET https://comunicaapi.pje.jus.br/api/v1/caderno/TRE-SP/2026-03-30/D "HTTP/1.1 200 OK"
2026-04-08 22:44:13,484 INFO     djen_backup.backfill  {'tribunal': 'TRE-SP', 'date': '2026-03-30', 'status_code': 200, 'event': 'backfill_empty', 'level': 'info', 'timestamp': '2026-04-09T02:44:13.484384Z'}
2026-04-08 22:44:13,584 INFO     httpx  HTTP Request: GET https://comunicaapi.pje.jus.br/api/v1/caderno/TRE-SP/2026-03-29/D "HTTP/1.1 404 Not Found"
2026-04-08 22:44:13,586 INFO     djen_backup.backfill  {'tribunal': 'TRE-SP', 'date': '2026-03-29', 'status_code': 404, 'event': 'backfill_empty', 'level': 'info', 'timestamp': '2026-04-09T02:44:13.586728Z'}
2026-04-08 22:44:13,699 INFO     httpx  HTTP Request: GET https://comunicaapi.pje.jus.br/api/v1/caderno/TRE-SP/2026-03-28/D "HTTP/1.1 404 Not Found"
2026-04-08 22:44:13,701 INFO     djen_backup.backfill  {'tribunal': 'TRE-SP', 'date': '2026-03-28', 'status_code': 404, 'event': 'backfill_empty', 'level': 'info', 'timestamp': '2026-04-09T02:44:13.701558Z'}
2026-04-08 22:44:13,804 INFO     httpx  HTTP Request: GET https://comunicaapi.pje.jus.br/api/v1/caderno/TRE-SP/2026-03-27/D "HTTP/1.1 200 OK"
2026-04-08 22:44:13,806 INFO     djen_backup.backfill  {'tribunal': 'TRE-SP', 'date': '2026-03-27', 'status_code': 200, 'event': 'backfill_empty', 'level': 'info', 'timestamp': '2026-04-09T02:44:13.806016Z'}
2026-04-08 22:44:13,913 INFO     httpx  HTTP Request: GET https://comunicaapi.pje.jus.br/api/v1/caderno/TRE-SP/2026-03-26/D "HTTP/1.1 200 OK"
2026-04-08 22:44:13,916 INFO     djen_backup.backfill  {'tribunal': 'TRE-SP', 'date': '2026-03-26', 'status_code': 200, 'event': 'backfill_empty', 'level': 'info', 'timestamp': '2026-04-09T02:44:13.916186Z'}
2026-04-08 22:44:14,023 INFO     httpx  HTTP Request: GET https://comunicaapi.pje.jus.br/api/v1/caderno/TRE-SP/2026-03-25/D "HTTP/1.1 200 OK"
2026-04-08 22:44:14,025 INFO     djen_backup.backfill  {'tribunal': 'TRE-SP', 'date': '2026-03-25', 'status_code': 200, 'event': 'backfill_empty', 'level': 'info', 'timestamp': '2026-04-09T02:44:14.025255Z'}
2026-04-08 22:44:14,147 INFO     httpx  HTTP Request: GET https://comunicaapi.pje.jus.br/api/v1/caderno/TRE-SP/2026-03-24/D "HTTP/1.1 200 OK"
2026-04-08 22:44:14,149 INFO     djen_backup.backfill  {'tribunal': 'TRE-SP', 'date': '2026-03-24', 'status_code': 200, 'event': 'backfill_empty', 'level': 'info', 'timestamp': '2026-04-09T02:44:14.149426Z'}
2026-04-08 22:44:14,266 INFO     httpx  HTTP Request: GET https://comunicaapi.pje.jus.br/api/v1/caderno/TRE-SP/2026-03-23/D "HTTP/1.1 200 OK"
2026-04-08 22:44:14,268 INFO     djen_backup.backfill  {'tribunal': 'TRE-SP', 'date': '2026-03-23', 'status_code': 200, 'event': 'backfill_empty', 'level': 'info', 'timestamp': '2026-04-09T02:44:14.268818Z'}
2026-04-08 22:44:14,398 INFO     httpx  HTTP Request: GET https://comunicaapi.pje.jus.br/api/v1/caderno/TRE-SP/2026-03-22/D "HTTP/1.1 404 Not Found"
2026-04-08 22:44:14,399 INFO     djen_backup.backfill  {'tribunal': 'TRE-SP', 'date': '2026-03-22', 'status_code': 404, 'event': 'backfill_empty', 'level': 'info', 'timestamp': '2026-04-09T02:44:14.399859Z'}
2026-04-08 22:44:14,518 INFO     httpx  HTTP Request: GET https://comunicaapi.pje.jus.br/api/v1/caderno/TRE-SP/2026-03-21/D "HTTP/1.1 404 Not Found"
2026-04-08 22:44:14,521 INFO     djen_backup.backfill  {'tribunal': 'TRE-SP', 'date': '2026-03-21', 'status_code': 404, 'event': 'backfill_empty', 'level': 'info', 'timestamp': '2026-04-09T02:44:14.521089Z'}
2026-04-08 22:44:14,640 INFO     httpx  HTTP Request: GET https://comunicaapi.pje.jus.br/api/v1/caderno/TRE-SP/2026-03-20/D "HTTP/1.1 200 OK"
2026-04-08 22:44:14,641 INFO     djen_backup.backfill  {'tribunal': 'TRE-SP', 'date': '2026-03-20', 'status_code': 200, 'event': 'backfill_empty', 'level': 'info', 'timestamp': '2026-04-09T02:44:14.641929Z'}
2026-04-08 22:44:14,763 INFO     httpx  HTTP Request: GET https://comunicaapi.pje.jus.br/api/v1/caderno/TRE-SP/2026-03-19/D "HTTP/1.1 200 OK"
2026-04-08 22:44:14,765 INFO     djen_backup.backfill  {'tribunal': 'TRE-SP', 'date': '2026-03-19', 'status_code': 200, 'event': 'backfill_empty', 'level': 'info', 'timestamp': '2026-04-09T02:44:14.765528Z'}
2026-04-08 22:44:14,889 INFO     httpx  HTTP Request: GET https://comunicaapi.pje.jus.br/api/v1/caderno/TRE-SP/2026-03-18/D "HTTP/1.1 200 OK"
2026-04-08 22:44:14,897 INFO     djen_backup.backfill  {'tribunal': 'TRE-SP', 'date': '2026-03-18', 'status_code': 200, 'event': 'backfill_empty', 'level': 'info', 'timestamp': '2026-04-09T02:44:14.897599Z'}
2026-04-08 22:44:15,032 INFO     httpx  HTTP Request: GET https://comunicaapi.pje.jus.br/api/v1/caderno/TRE-SP/2026-03-17/D "HTTP/1.1 200 OK"
2026-04-08 22:44:15,034 INFO     djen_backup.backfill  {'tribunal': 'TRE-SP', 'date': '2026-03-17', 'status_code': 200, 'event': 'backfill_empty', 'level': 'info', 'timestamp': '2026-04-09T02:44:15.034190Z'}
2026-04-08 22:44:15,170 INFO     httpx  HTTP Request: GET https://comunicaapi.pje.jus.br/api/v1/caderno/TRE-SP/2026-03-16/D "HTTP/1.1 200 OK"
2026-04-08 22:44:15,171 INFO     djen_backup.backfill  {'tribunal': 'TRE-SP', 'date': '2026-03-16', 'status_code': 200, 'event': 'backfill_empty', 'level': 'info', 'timestamp': '2026-04-09T02:44:15.171616Z'}
2026-04-08 22:44:15,283 INFO     httpx  HTTP Request: GET https://comunicaapi.pje.jus.br/api/v1/caderno/TRE-SP/2026-03-15/D "HTTP/1.1 404 Not Found"
2026-04-08 22:44:15,285 INFO     djen_backup.backfill  {'tribunal': 'TRE-SP', 'date': '2026-03-15', 'status_code': 404, 'event': 'backfill_empty', 'level': 'info', 'timestamp': '2026-04-09T02:44:15.285539Z'}
2026-04-08 22:44:15,397 INFO     httpx  HTTP Request: GET https://comunicaapi.pje.jus.br/api/v1/caderno/TRE-SP/2026-03-14/D "HTTP/1.1 404 Not Found"
2026-04-08 22:44:15,399 INFO     djen_backup.backfill  {'tribunal': 'TRE-SP', 'date': '2026-03-14', 'status_code': 404, 'event': 'backfill_empty', 'level': 'info', 'timestamp': '2026-04-09T02:44:15.399514Z'}
2026-04-08 22:44:15,503 INFO     httpx  HTTP Request: GET https://comunicaapi.pje.jus.br/api/v1/caderno/TRE-SP/2026-03-13/D "HTTP/1.1 200 OK"
2026-04-08 22:44:15,504 INFO     djen_backup.backfill  {'tribunal': 'TRE-SP', 'date': '2026-03-13', 'status_code': 200, 'event': 'backfill_empty', 'level': 'info', 'timestamp': '2026-04-09T02:44:15.504689Z'}
2026-04-08 22:44:15,610 INFO     httpx  HTTP Request: GET https://comunicaapi.pje.jus.br/api/v1/caderno/TRE-SP/2026-03-12/D "HTTP/1.1 200 OK"
2026-04-08 22:44:15,650 INFO     djen_backup.backfill  {'tribunal': 'TRE-SP', 'date': '2026-03-12', 'status_code': 200, 'event': 'backfill_empty', 'level': 'info', 'timestamp': '2026-04-09T02:44:15.650675Z'}
2026-04-08 22:44:15,762 INFO     httpx  HTTP Request: GET https://comunicaapi.pje.jus.br/api/v1/caderno/TRE-SP/2026-03-11/D "HTTP/1.1 200 OK"
2026-04-08 22:44:15,766 INFO     djen_backup.backfill  {'tribunal': 'TRE-SP', 'date': '2026-03-11', 'status_code': 200, 'event': 'backfill_empty', 'level': 'info', 'timestamp': '2026-04-09T02:44:15.766393Z'}
2026-04-08 22:44:15,882 INFO     httpx  HTTP Request: GET https://comunicaapi.pje.jus.br/api/v1/caderno/TRE-SP/2026-03-10/D "HTTP/1.1 200 OK"
2026-04-08 22:44:15,885 INFO     djen_backup.backfill  {'tribunal': 'TRE-SP', 'date': '2026-03-10', 'status_code': 200, 'event': 'backfill_empty', 'level': 'info', 'timestamp': '2026-04-09T02:44:15.885738Z'}
2026-04-08 22:44:15,991 INFO     httpx  HTTP Request: GET https://comunicaapi.pje.jus.br/api/v1/caderno/TRE-SP/2026-03-09/D "HTTP/1.1 200 OK"
2026-04-08 22:44:15,994 INFO     djen_backup.backfill  {'tribunal': 'TRE-SP', 'date': '2026-03-09', 'status_code': 200, 'event': 'backfill_empty', 'level': 'info', 'timestamp': '2026-04-09T02:44:15.994532Z'}
2026-04-08 22:44:16,096 INFO     httpx  HTTP Request: GET https://comunicaapi.pje.jus.br/api/v1/caderno/TRE-SP/2026-03-08/D "HTTP/1.1 404 Not Found"
2026-04-08 22:44:16,100 INFO     djen_backup.backfill  {'tribunal': 'TRE-SP', 'date': '2026-03-08', 'status_code': 404, 'event': 'backfill_empty', 'level': 'info', 'timestamp': '2026-04-09T02:44:16.100052Z'}
2026-04-08 22:44:16,198 INFO     httpx  HTTP Request: GET https://comunicaapi.pje.jus.br/api/v1/caderno/TRE-SP/2026-03-07/D "HTTP/1.1 404 Not Found"
2026-04-08 22:44:16,201 INFO     djen_backup.backfill  {'tribunal': 'TRE-SP', 'date': '2026-03-07', 'status_code': 404, 'event': 'backfill_empty', 'level': 'info', 'timestamp': '2026-04-09T02:44:16.201162Z'}
2026-04-08 22:44:16,303 INFO     httpx  HTTP Request: GET https://comunicaapi.pje.jus.br/api/v1/caderno/TRE-SP/2026-03-06/D "HTTP/1.1 200 OK"
2026-04-08 22:44:16,306 INFO     djen_backup.backfill  {'tribunal': 'TRE-SP', 'date': '2026-03-06', 'status_code': 200, 'event': 'backfill_empty', 'level': 'info', 'timestamp': '2026-04-09T02:44:16.306084Z'}
2026-04-08 22:44:16,416 INFO     httpx  HTTP Request: GET https://comunicaapi.pje.jus.br/api/v1/caderno/TRE-SP/2026-03-05/D "HTTP/1.1 200 OK"
2026-04-08 22:44:16,457 INFO     djen_backup.backfill  {'tribunal': 'TRE-SP', 'date': '2026-03-05', 'status_code': 200, 'event': 'backfill_empty', 'level': 'info', 'timestamp': '2026-04-09T02:44:16.457839Z'}
2026-04-08 22:44:16,565 INFO     httpx  HTTP Request: GET https://comunicaapi.pje.jus.br/api/v1/caderno/TRE-SP/2026-03-04/D "HTTP/1.1 200 OK"
2026-04-08 22:44:16,569 INFO     djen_backup.backfill  {'tribunal': 'TRE-SP', 'date': '2026-03-04', 'status_code': 200, 'event': 'backfill_empty', 'level': 'info', 'timestamp': '2026-04-09T02:44:16.569654Z'}
2026-04-08 22:44:16,674 INFO     httpx  HTTP Request: GET https://comunicaapi.pje.jus.br/api/v1/caderno/TRE-SP/2026-03-03/D "HTTP/1.1 200 OK"
2026-04-08 22:44:16,678 INFO     djen_backup.backfill  {'tribunal': 'TRE-SP', 'date': '2026-03-03', 'status_code': 200, 'event': 'backfill_empty', 'level': 'info', 'timestamp': '2026-04-09T02:44:16.678279Z'}
2026-04-08 22:44:16,781 INFO     httpx  HTTP Request: GET https://comunicaapi.pje.jus.br/api/v1/caderno/TRE-SP/2026-03-02/D "HTTP/1.1 200 OK"
2026-04-08 22:44:16,785 INFO     djen_backup.backfill  {'tribunal': 'TRE-SP', 'date': '2026-03-02', 'status_code': 200, 'event': 'backfill_empty', 'level': 'info', 'timestamp': '2026-04-09T02:44:16.785251Z'}
2026-04-08 22:44:16,896 INFO     httpx  HTTP Request: GET https://comunicaapi.pje.jus.br/api/v1/caderno/TRE-SP/2026-03-01/D "HTTP/1.1 404 Not Found"
2026-04-08 22:44:16,899 INFO     djen_backup.backfill  {'tribunal': 'TRE-SP', 'date': '2026-03-01', 'status_code': 404, 'event': 'backfill_empty', 'level': 'info', 'timestamp': '2026-04-09T02:44:16.899526Z'}
2026-04-08 22:44:17,001 INFO     httpx  HTTP Request: GET https://comunicaapi.pje.jus.br/api/v1/caderno/TRE-SP/2026-02-28/D "HTTP/1.1 404 Not Found"
2026-04-08 22:44:17,004 INFO     djen_backup.backfill  {'tribunal': 'TRE-SP', 'date': '2026-02-28', 'status_code': 404, 'event': 'backfill_empty', 'level': 'info', 'timestamp': '2026-04-09T02:44:17.004039Z'}
2026-04-08 22:44:17,111 INFO     httpx  HTTP Request: GET https://comunicaapi.pje.jus.br/api/v1/caderno/TRE-SP/2026-02-27/D "HTTP/1.1 200 OK"
2026-04-08 22:44:17,113 INFO     djen_backup.backfill  {'tribunal': 'TRE-SP', 'date': '2026-02-27', 'status_code': 200, 'event': 'backfill_empty', 'level': 'info', 'timestamp': '2026-04-09T02:44:17.113198Z'}
2026-04-08 22:44:17,216 INFO     httpx  HTTP Request: GET https://comunicaapi.pje.jus.br/api/v1/caderno/TRE-SP/2026-02-26/D "HTTP/1.1 200 OK"
2026-04-08 22:44:17,218 INFO     djen_backup.backfill  {'tribunal': 'TRE-SP', 'date': '2026-02-26', 'status_code': 200, 'event': 'backfill_empty', 'level': 'info', 'timestamp': '2026-04-09T02:44:17.218641Z'}
2026-04-08 22:44:17,322 INFO     httpx  HTTP Request: GET https://comunicaapi.pje.jus.br/api/v1/caderno/TRE-SP/2026-02-25/D "HTTP/1.1 200 OK"
2026-04-08 22:44:17,324 INFO     djen_backup.backfill  {'tribunal': 'TRE-SP', 'date': '2026-02-25', 'status_code': 200, 'event': 'backfill_empty', 'level': 'info', 'timestamp': '2026-04-09T02:44:17.323980Z'}
2026-04-08 22:44:17,423 INFO     httpx  HTTP Request: GET https://comunicaapi.pje.jus.br/api/v1/caderno/TRE-SP/2026-02-24/D "HTTP/1.1 200 OK"
2026-04-08 22:44:17,425 INFO     djen_backup.backfill  {'tribunal': 'TRE-SP', 'date': '2026-02-24', 'status_code': 200, 'event': 'backfill_empty', 'level': 'info', 'timestamp': '2026-04-09T02:44:17.425718Z'}
2026-04-08 22:44:17,535 INFO     httpx  HTTP Request: GET https://comunicaapi.pje.jus.br/api/v1/caderno/TRE-SP/2026-02-23/D "HTTP/1.1 200 OK"
2026-04-08 22:44:17,537 INFO     djen_backup.backfill  {'tribunal': 'TRE-SP', 'date': '2026-02-23', 'status_code': 200, 'event': 'backfill_empty', 'level': 'info', 'timestamp': '2026-04-09T02:44:17.537161Z'}
2026-04-08 22:44:17,636 INFO     httpx  HTTP Request: GET https://comunicaapi.pje.jus.br/api/v1/caderno/TRE-SP/2026-02-22/D "HTTP/1.1 404 Not Found"
2026-04-08 22:44:17,638 INFO     djen_backup.backfill  {'tribunal': 'TRE-SP', 'date': '2026-02-22', 'status_code': 404, 'event': 'backfill_empty', 'level': 'info', 'timestamp': '2026-04-09T02:44:17.638956Z'}
2026-04-08 22:44:17,760 INFO     httpx  HTTP Request: GET https://comunicaapi.pje.jus.br/api/v1/caderno/TRE-SP/2026-02-21/D "HTTP/1.1 404 Not Found"
2026-04-08 22:44:17,762 INFO     djen_backup.backfill  {'tribunal': 'TRE-SP', 'date': '2026-02-21', 'status_code': 404, 'event': 'backfill_empty', 'level': 'info', 'timestamp': '2026-04-09T02:44:17.762693Z'}
2026-04-08 22:44:17,870 INFO     httpx  HTTP Request: GET https://comunicaapi.pje.jus.br/api/v1/caderno/TRE-SP/2026-02-20/D "HTTP/1.1 200 OK"
2026-04-08 22:44:17,872 INFO     djen_backup.backfill  {'tribunal': 'TRE-SP', 'date': '2026-02-20', 'status_code': 200, 'event': 'backfill_empty', 'level': 'info', 'timestamp': '2026-04-09T02:44:17.872364Z'}
2026-04-08 22:44:17,982 INFO     httpx  HTTP Request: GET https://comunicaapi.pje.jus.br/api/v1/caderno/TRE-SP/2026-02-19/D "HTTP/1.1 200 OK"
2026-04-08 22:44:17,984 INFO     djen_backup.backfill  {'tribunal': 'TRE-SP', 'date': '2026-02-19', 'status_code': 200, 'event': 'backfill_empty', 'level': 'info', 'timestamp': '2026-04-09T02:44:17.984034Z'}
2026-04-08 22:44:18,084 INFO     httpx  HTTP Request: GET https://comunicaapi.pje.jus.br/api/v1/caderno/TRE-SP/2026-02-18/D "HTTP/1.1 200 OK"
2026-04-08 22:44:18,086 INFO     djen_backup.backfill  {'tribunal': 'TRE-SP', 'date': '2026-02-18', 'status_code': 200, 'event': 'backfill_empty', 'level': 'info', 'timestamp': '2026-04-09T02:44:18.086371Z'}
2026-04-08 22:44:18,187 INFO     httpx  HTTP Request: GET https://comunicaapi.pje.jus.br/api/v1/caderno/TRE-SP/2026-02-17/D "HTTP/1.1 200 OK"
2026-04-08 22:44:18,190 INFO     djen_backup.backfill  {'tribunal': 'TRE-SP', 'date': '2026-02-17', 'status_code': 200, 'event': 'backfill_empty', 'level': 'info', 'timestamp': '2026-04-09T02:44:18.190019Z'}
2026-04-08 22:44:18,291 INFO     httpx  HTTP Request: GET https://comunicaapi.pje.jus.br/api/v1/caderno/TRE-SP/2026-02-16/D "HTTP/1.1 200 OK"
2026-04-08 22:44:18,294 INFO     djen_backup.backfill  {'tribunal': 'TRE-SP', 'date': '2026-02-16', 'status_code': 200, 'event': 'backfill_empty', 'level': 'info', 'timestamp': '2026-04-09T02:44:18.294736Z'}
2026-04-08 22:44:18,438 INFO     httpx  HTTP Request: GET https://comunicaapi.pje.jus.br/api/v1/caderno/TRE-SP/2026-02-15/D "HTTP/1.1 404 Not Found"
2026-04-08 22:44:18,440 INFO     djen_backup.backfill  {'tribunal': 'TRE-SP', 'date': '2026-02-15', 'status_code': 404, 'event': 'backfill_empty', 'level': 'info', 'timestamp': '2026-04-09T02:44:18.440808Z'}
2026-04-08 22:44:18,547 INFO     httpx  HTTP Request: GET https://comunicaapi.pje.jus.br/api/v1/caderno/TRE-SP/2026-02-14/D "HTTP/1.1 404 Not Found"
2026-04-08 22:44:18,549 INFO     djen_backup.backfill  {'tribunal': 'TRE-SP', 'date': '2026-02-14', 'status_code': 404, 'event': 'backfill_empty', 'level': 'info', 'timestamp': '2026-04-09T02:44:18.549750Z'}
2026-04-08 22:44:18,657 INFO     httpx  HTTP Request: GET https://comunicaapi.pje.jus.br/api/v1/caderno/TRE-SP/2026-02-13/D "HTTP/1.1 200 OK"
2026-04-08 22:44:18,659 INFO     djen_backup.backfill  {'tribunal': 'TRE-SP', 'date': '2026-02-13', 'status_code': 200, 'event': 'backfill_empty', 'level': 'info', 'timestamp': '2026-04-09T02:44:18.659582Z'}
2026-04-08 22:44:18,767 INFO     httpx  HTTP Request: GET https://comunicaapi.pje.jus.br/api/v1/caderno/TRE-SP/2026-02-12/D "HTTP/1.1 200 OK"
2026-04-08 22:44:18,769 INFO     djen_backup.backfill  {'tribunal': 'TRE-SP', 'date': '2026-02-12', 'status_code': 200, 'event': 'backfill_empty', 'level': 'info', 'timestamp': '2026-04-09T02:44:18.769560Z'}
2026-04-08 22:44:18,872 INFO     httpx  HTTP Request: GET https://comunicaapi.pje.jus.br/api/v1/caderno/TRE-SP/2026-02-11/D "HTTP/1.1 200 OK"
2026-04-08 22:44:18,875 INFO     djen_backup.backfill  {'tribunal': 'TRE-SP', 'date': '2026-02-11', 'status_code': 200, 'event': 'backfill_empty', 'level': 'info', 'timestamp': '2026-04-09T02:44:18.875179Z'}
2026-04-08 22:44:18,983 INFO     httpx  HTTP Request: GET https://comunicaapi.pje.jus.br/api/v1/caderno/TRE-SP/2026-02-10/D "HTTP/1.1 200 OK"
2026-04-08 22:44:18,985 INFO     djen_backup.backfill  {'tribunal': 'TRE-SP', 'date': '2026-02-10', 'status_code': 200, 'event': 'backfill_empty', 'level': 'info', 'timestamp': '2026-04-09T02:44:18.985321Z'}
2026-04-08 22:44:19,092 INFO     httpx  HTTP Request: GET https://comunicaapi.pje.jus.br/api/v1/caderno/TRE-SP/2026-02-09/D "HTTP/1.1 200 OK"
2026-04-08 22:44:19,094 INFO     djen_backup.backfill  {'tribunal': 'TRE-SP', 'date': '2026-02-09', 'status_code': 200, 'event': 'backfill_empty', 'level': 'info', 'timestamp': '2026-04-09T02:44:19.094736Z'}
2026-04-08 22:44:19,204 INFO     httpx  HTTP Request: GET https://comunicaapi.pje.jus.br/api/v1/caderno/TRE-SP/2026-02-08/D "HTTP/1.1 404 Not Found"
2026-04-08 22:44:19,206 INFO     djen_backup.backfill  {'tribunal': 'TRE-SP', 'date': '2026-02-08', 'status_code': 404, 'event': 'backfill_empty', 'level': 'info', 'timestamp': '2026-04-09T02:44:19.206314Z'}
2026-04-08 22:44:19,314 INFO     httpx  HTTP Request: GET https://comunicaapi.pje.jus.br/api/v1/caderno/TRE-SP/2026-02-07/D "HTTP/1.1 404 Not Found"
2026-04-08 22:44:19,318 INFO     djen_backup.backfill  {'tribunal': 'TRE-SP', 'date': '2026-02-07', 'status_code': 404, 'event': 'backfill_empty', 'level': 'info', 'timestamp': '2026-04-09T02:44:19.318557Z'}
2026-04-08 22:44:19,442 INFO     httpx  HTTP Request: GET https://comunicaapi.pje.jus.br/api/v1/caderno/TRE-SP/2026-02-06/D "HTTP/1.1 200 OK"
2026-04-08 22:44:19,445 INFO     djen_backup.backfill  {'tribunal': 'TRE-SP', 'date': '2026-02-06', 'status_code': 200, 'event': 'backfill_empty', 'level': 'info', 'timestamp': '2026-04-09T02:44:19.445099Z'}
2026-04-08 22:44:19,561 INFO     httpx  HTTP Request: GET https://comunicaapi.pje.jus.br/api/v1/caderno/TRE-SP/2026-02-05/D "HTTP/1.1 200 OK"
2026-04-08 22:44:19,598 INFO     djen_backup.backfill  {'tribunal': 'TRE-SP', 'date': '2026-02-05', 'status_code': 200, 'event': 'backfill_empty', 'level': 'info', 'timestamp': '2026-04-09T02:44:19.598591Z'}
2026-04-08 22:44:19,723 INFO     httpx  HTTP Request: GET https://comunicaapi.pje.jus.br/api/v1/caderno/TRE-SP/2026-02-04/D "HTTP/1.1 200 OK"
2026-04-08 22:44:19,726 INFO     djen_backup.backfill  {'tribunal': 'TRE-SP', 'date': '2026-02-04', 'status_code': 200, 'event': 'backfill_empty', 'level': 'info', 'timestamp': '2026-04-09T02:44:19.726292Z'}
2026-04-08 22:44:19,843 INFO     httpx  HTTP Request: GET https://comunicaapi.pje.jus.br/api/v1/caderno/TRE-SP/2026-02-03/D "HTTP/1.1 200 OK"
2026-04-08 22:44:19,845 INFO     djen_backup.backfill  {'tribunal': 'TRE-SP', 'date': '2026-02-03', 'status_code': 200, 'event': 'backfill_empty', 'level': 'info', 'timestamp': '2026-04-09T02:44:19.845544Z'}
2026-04-08 22:44:19,952 INFO     httpx  HTTP Request: GET https://comunicaapi.pje.jus.br/api/v1/caderno/TRE-SP/2026-02-02/D "HTTP/1.1 200 OK"
2026-04-08 22:44:19,954 INFO     djen_backup.backfill  {'tribunal': 'TRE-SP', 'date': '2026-02-02', 'status_code': 200, 'event': 'backfill_empty', 'level': 'info', 'timestamp': '2026-04-09T02:44:19.954381Z'}
2026-04-08 22:44:20,069 INFO     httpx  HTTP Request: GET https://comunicaapi.pje.jus.br/api/v1/caderno/TRE-SP/2026-02-01/D "HTTP/1.1 404 Not Found"
2026-04-08 22:44:20,071 INFO     djen_backup.backfill  {'tribunal': 'TRE-SP', 'date': '2026-02-01', 'status_code': 404, 'event': 'backfill_empty', 'level': 'info', 'timestamp': '2026-04-09T02:44:20.071537Z'}
2026-04-08 22:44:20,180 INFO     httpx  HTTP Request: GET https://comunicaapi.pje.jus.br/api/v1/caderno/TRE-SP/2026-01-31/D "HTTP/1.1 404 Not Found"
2026-04-08 22:44:20,181 INFO     djen_backup.backfill  {'tribunal': 'TRE-SP', 'date': '2026-01-31', 'status_code': 404, 'event': 'backfill_empty', 'level': 'info', 'timestamp': '2026-04-09T02:44:20.181632Z'}
2026-04-08 22:44:20,282 INFO     httpx  HTTP Request: GET https://comunicaapi.pje.jus.br/api/v1/caderno/TRE-SP/2026-01-30/D "HTTP/1.1 200 OK"
2026-04-08 22:44:20,285 INFO     djen_backup.backfill  {'tribunal': 'TRE-SP', 'date': '2026-01-30', 'status_code': 200, 'event': 'backfill_empty', 'level': 'info', 'timestamp': '2026-04-09T02:44:20.285207Z'}
2026-04-08 22:44:20,393 INFO     httpx  HTTP Request: GET https://comunicaapi.pje.jus.br/api/v1/caderno/TRE-SP/2026-01-29/D "HTTP/1.1 200 OK"
2026-04-08 22:44:20,396 INFO     djen_backup.backfill  {'tribunal': 'TRE-SP', 'date': '2026-01-29', 'status_code': 200, 'event': 'backfill_empty', 'level': 'info', 'timestamp': '2026-04-09T02:44:20.396245Z'}
2026-04-08 22:44:20,504 INFO     httpx  HTTP Request: GET https://comunicaapi.pje.jus.br/api/v1/caderno/TRE-SP/2026-01-28/D "HTTP/1.1 200 OK"
2026-04-08 22:44:20,505 INFO     djen_backup.backfill  {'tribunal': 'TRE-SP', 'date': '2026-01-28', 'status_code': 200, 'event': 'backfill_empty', 'level': 'info', 'timestamp': '2026-04-09T02:44:20.505825Z'}
2026-04-08 22:44:20,613 INFO     httpx  HTTP Request: GET https://comunicaapi.pje.jus.br/api/v1/caderno/TRE-SP/2026-01-27/D "HTTP/1.1 200 OK"
2026-04-08 22:44:20,615 INFO     djen_backup.backfill  {'tribunal': 'TRE-SP', 'date': '2026-01-27', 'status_code': 200, 'event': 'backfill_empty', 'level': 'info', 'timestamp': '2026-04-09T02:44:20.615914Z'}
2026-04-08 22:44:20,724 INFO     httpx  HTTP Request: GET https://comunicaapi.pje.jus.br/api/v1/caderno/TRE-SP/2026-01-26/D "HTTP/1.1 200 OK"
2026-04-08 22:44:20,726 INFO     djen_backup.backfill  {'tribunal': 'TRE-SP', 'date': '2026-01-26', 'status_code': 200, 'event': 'backfill_empty', 'level': 'info', 'timestamp': '2026-04-09T02:44:20.726263Z'}
2026-04-08 22:44:20,832 INFO     httpx  HTTP Request: GET https://comunicaapi.pje.jus.br/api/v1/caderno/TRE-SP/2026-01-25/D "HTTP/1.1 404 Not Found"
2026-04-08 22:44:20,834 INFO     djen_backup.backfill  {'tribunal': 'TRE-SP', 'date': '2026-01-25', 'status_code': 404, 'event': 'backfill_empty', 'level': 'info', 'timestamp': '2026-04-09T02:44:20.834226Z'}
2026-04-08 22:44:20,936 INFO     httpx  HTTP Request: GET https://comunicaapi.pje.jus.br/api/v1/caderno/TRE-SP/2026-01-24/D "HTTP/1.1 404 Not Found"
2026-04-08 22:44:20,938 INFO     djen_backup.backfill  {'tribunal': 'TRE-SP', 'date': '2026-01-24', 'status_code': 404, 'event': 'backfill_empty', 'level': 'info', 'timestamp': '2026-04-09T02:44:20.938522Z'}
2026-04-08 22:44:21,046 INFO     httpx  HTTP Request: GET https://comunicaapi.pje.jus.br/api/v1/caderno/TRE-SP/2026-01-23/D "HTTP/1.1 200 OK"
2026-04-08 22:44:21,048 INFO     djen_backup.backfill  {'tribunal': 'TRE-SP', 'date': '2026-01-23', 'status_code': 200, 'event': 'backfill_empty', 'level': 'info', 'timestamp': '2026-04-09T02:44:21.048081Z'}
2026-04-08 22:44:21,159 INFO     httpx  HTTP Request: GET https://comunicaapi.pje.jus.br/api/v1/caderno/TRE-SP/2026-01-22/D "HTTP/1.1 200 OK"
2026-04-08 22:44:21,161 INFO     djen_backup.backfill  {'tribunal': 'TRE-SP', 'date': '2026-01-22', 'status_code': 200, 'event': 'backfill_empty', 'level': 'info', 'timestamp': '2026-04-09T02:44:21.161355Z'}
2026-04-08 22:44:21,270 INFO     httpx  HTTP Request: GET https://comunicaapi.pje.jus.br/api/v1/caderno/TRE-SP/2026-01-21/D "HTTP/1.1 200 OK"
2026-04-08 22:44:21,272 INFO     djen_backup.backfill  {'tribunal': 'TRE-SP', 'date': '2026-01-21', 'status_code': 200, 'event': 'backfill_empty', 'level': 'info', 'timestamp': '2026-04-09T02:44:21.272603Z'}
2026-04-08 22:44:21,378 INFO     httpx  HTTP Request: GET https://comunicaapi.pje.jus.br/api/v1/caderno/TRE-SP/2026-01-20/D "HTTP/1.1 200 OK"
2026-04-08 22:44:21,380 INFO     djen_backup.backfill  {'tribunal': 'TRE-SP', 'date': '2026-01-20', 'status_code': 200, 'event': 'backfill_empty', 'level': 'info', 'timestamp': '2026-04-09T02:44:21.380845Z'}
2026-04-08 22:44:21,493 INFO     httpx  HTTP Request: GET https://comunicaapi.pje.jus.br/api/v1/caderno/TRE-SP/2026-01-19/D "HTTP/1.1 200 OK"
2026-04-08 22:44:21,496 INFO     djen_backup.backfill  {'tribunal': 'TRE-SP', 'date': '2026-01-19', 'status_code': 200, 'event': 'backfill_empty', 'level': 'info', 'timestamp': '2026-04-09T02:44:21.496874Z'}
2026-04-08 22:44:21,601 INFO     httpx  HTTP Request: GET https://comunicaapi.pje.jus.br/api/v1/caderno/TRE-SP/2026-01-18/D "HTTP/1.1 404 Not Found"
2026-04-08 22:44:21,604 INFO     djen_backup.backfill  {'tribunal': 'TRE-SP', 'date': '2026-01-18', 'status_code': 404, 'event': 'backfill_empty', 'level': 'info', 'timestamp': '2026-04-09T02:44:21.604751Z'}
2026-04-08 22:44:21,710 INFO     httpx  HTTP Request: GET https://comunicaapi.pje.jus.br/api/v1/caderno/TRE-SP/2026-01-17/D "HTTP/1.1 404 Not Found"
2026-04-08 22:44:21,714 INFO     djen_backup.backfill  {'tribunal': 'TRE-SP', 'date': '2026-01-17', 'status_code': 404, 'event': 'backfill_empty', 'level': 'info', 'timestamp': '2026-04-09T02:44:21.714142Z'}
2026-04-08 22:44:21,820 INFO     httpx  HTTP Request: GET https://comunicaapi.pje.jus.br/api/v1/caderno/TRE-SP/2026-01-16/D "HTTP/1.1 200 OK"
2026-04-08 22:44:21,821 INFO     djen_backup.backfill  {'tribunal': 'TRE-SP', 'date': '2026-01-16', 'status_code': 200, 'event': 'backfill_empty', 'level': 'info', 'timestamp': '2026-04-09T02:44:21.821776Z'}
2026-04-08 22:44:21,973 INFO     httpx  HTTP Request: GET https://comunicaapi.pje.jus.br/api/v1/caderno/TRE-SP/2026-01-15/D "HTTP/1.1 200 OK"
2026-04-08 22:44:21,975 INFO     djen_backup.backfill  {'tribunal': 'TRE-SP', 'date': '2026-01-15', 'status_code': 200, 'event': 'backfill_empty', 'level': 'info', 'timestamp': '2026-04-09T02:44:21.975018Z'}
2026-04-08 22:44:22,076 INFO     httpx  HTTP Request: GET https://comunicaapi.pje.jus.br/api/v1/caderno/TRE-SP/2026-01-14/D "HTTP/1.1 200 OK"
2026-04-08 22:44:22,080 INFO     djen_backup.backfill  {'tribunal': 'TRE-SP', 'date': '2026-01-14', 'status_code': 200, 'event': 'backfill_empty', 'level': 'info', 'timestamp': '2026-04-09T02:44:22.080172Z'}
2026-04-08 22:44:22,187 INFO     httpx  HTTP Request: GET https://comunicaapi.pje.jus.br/api/v1/caderno/TRE-SP/2026-01-13/D "HTTP/1.1 200 OK"
2026-04-08 22:44:22,189 INFO     djen_backup.backfill  {'tribunal': 'TRE-SP', 'date': '2026-01-13', 'status_code': 200, 'event': 'backfill_empty', 'level': 'info', 'timestamp': '2026-04-09T02:44:22.189814Z'}
2026-04-08 22:44:22,299 INFO     httpx  HTTP Request: GET https://comunicaapi.pje.jus.br/api/v1/caderno/TRE-SP/2026-01-12/D "HTTP/1.1 200 OK"
2026-04-08 22:44:22,300 INFO     djen_backup.backfill  {'tribunal': 'TRE-SP', 'date': '2026-01-12', 'status_code': 200, 'event': 'backfill_empty', 'level': 'info', 'timestamp': '2026-04-09T02:44:22.300653Z'}
2026-04-08 22:44:22,403 INFO     httpx  HTTP Request: GET https://comunicaapi.pje.jus.br/api/v1/caderno/TRE-SP/2026-01-11/D "HTTP/1.1 404 Not Found"
2026-04-08 22:44:22,407 INFO     djen_backup.backfill  {'tribunal': 'TRE-SP', 'date': '2026-01-11', 'status_code': 404, 'event': 'backfill_empty', 'level': 'info', 'timestamp': '2026-04-09T02:44:22.407726Z'}
2026-04-08 22:44:22,458 INFO     httpx  HTTP Request: GET https://comunicaapi.pje.jus.br/api/v1/caderno/TRE-SP/2026-01-10/D "HTTP/1.1 403 Forbidden"
2026-04-08 22:44:22,461 ERROR    djen_backup.backfill  {'tribunal': 'TRE-SP', 'date': '2026-01-10', 'event': 'backfill_download_error', 'level': 'error', 'timestamp': '2026-04-09T02:44:22.460736Z', 'exception': 'Traceback (most recent call last):\n  File "/home/franklin/workspace/causaganha/src/djen_backup/backfill.py", line 557, in backfill_process_date\n    zip_url = await get_caderno_url(client, config.djen_proxy_url, tribunal, d)\n              ^^^^^^^^^^^^^^^^^^^^^^^^^^^^^^^^^^^^^^^^^^^^^^^^^^^^^^^^^^^^^^^^^\n  File "/home/franklin/workspace/causaganha/src/djen_backup/djen.py", line 77, in get_caderno_url\n    resp.raise_for_status()\n  File "/home/franklin/workspace/causaganha/.venv/lib/python3.12/site-packages/httpx/_models.py", line 829, in raise_for_status\n    raise HTTPStatusError(message, request=request, response=self)\nhttpx.HTTPStatusError: Client error \'403 Forbidden\' for url \'https://comunicaapi.pje.jus.br/api/v1/caderno/TRE-SP/2026-01-10/D\'\nFor more information check: https://developer.mozilla.org/en-US/docs/Web/HTTP/Status/403'}
Traceback (most recent call last):
  File "/home/franklin/workspace/causaganha/src/djen_backup/backfill.py", line 557, in backfill_process_date
    zip_url = await get_caderno_url(client, config.djen_proxy_url, tribunal, d)
              ^^^^^^^^^^^^^^^^^^^^^^^^^^^^^^^^^^^^^^^^^^^^^^^^^^^^^^^^^^^^^^^^^
  File "/home/franklin/workspace/causaganha/src/djen_backup/djen.py", line 77, in get_caderno_url
    resp.raise_for_status()
  File "/home/franklin/workspace/causaganha/.venv/lib/python3.12/site-packages/httpx/_models.py", line 829, in raise_for_status
    raise HTTPStatusError(message, request=request, response=self)
httpx.HTTPStatusError: Client error '403 Forbidden' for url 'https://comunicaapi.pje.jus.br/api/v1/caderno/TRE-SP/2026-01-10/D'
For more information check: https://developer.mozilla.org/en-US/docs/Web/HTTP/Status/403
2026-04-08 22:44:22,551 WARNING  djen_backup.backfill  {'tribunal': 'TRE-SP', 'date': '2026-01-10', 'event': 'backfill_item_error', 'level': 'warning', 'timestamp': '2026-04-09T02:44:22.551439Z'}
2026-04-08 22:44:22,602 INFO     httpx  HTTP Request: GET https://comunicaapi.pje.jus.br/api/v1/caderno/TRE-SP/2026-01-09/D "HTTP/1.1 403 Forbidden"
2026-04-08 22:44:22,604 ERROR    djen_backup.backfill  {'tribunal': 'TRE-SP', 'date': '2026-01-09', 'event': 'backfill_download_error', 'level': 'error', 'timestamp': '2026-04-09T02:44:22.603861Z', 'exception': 'Traceback (most recent call last):\n  File "/home/franklin/workspace/causaganha/src/djen_backup/backfill.py", line 557, in backfill_process_date\n    zip_url = await get_caderno_url(client, config.djen_proxy_url, tribunal, d)\n              ^^^^^^^^^^^^^^^^^^^^^^^^^^^^^^^^^^^^^^^^^^^^^^^^^^^^^^^^^^^^^^^^^\n  File "/home/franklin/workspace/causaganha/src/djen_backup/djen.py", line 77, in get_caderno_url\n    resp.raise_for_status()\n  File "/home/franklin/workspace/causaganha/.venv/lib/python3.12/site-packages/httpx/_models.py", line 829, in raise_for_status\n    raise HTTPStatusError(message, request=request, response=self)\nhttpx.HTTPStatusError: Client error \'403 Forbidden\' for url \'https://comunicaapi.pje.jus.br/api/v1/caderno/TRE-SP/2026-01-09/D\'\nFor more information check: https://developer.mozilla.org/en-US/docs/Web/HTTP/Status/403'}
Traceback (most recent call last):
  File "/home/franklin/workspace/causaganha/src/djen_backup/backfill.py", line 557, in backfill_process_date
    zip_url = await get_caderno_url(client, config.djen_proxy_url, tribunal, d)
              ^^^^^^^^^^^^^^^^^^^^^^^^^^^^^^^^^^^^^^^^^^^^^^^^^^^^^^^^^^^^^^^^^
  File "/home/franklin/workspace/causaganha/src/djen_backup/djen.py", line 77, in get_caderno_url
    resp.raise_for_status()
  File "/home/franklin/workspace/causaganha/.venv/lib/python3.12/site-packages/httpx/_models.py", line 829, in raise_for_status
    raise HTTPStatusError(message, request=request, response=self)
httpx.HTTPStatusError: Client error '403 Forbidden' for url 'https://comunicaapi.pje.jus.br/api/v1/caderno/TRE-SP/2026-01-09/D'
For more information check: https://developer.mozilla.org/en-US/docs/Web/HTTP/Status/403
2026-04-08 22:44:22,686 WARNING  djen_backup.backfill  {'tribunal': 'TRE-SP', 'date': '2026-01-09', 'event': 'backfill_item_error', 'level': 'warning', 'timestamp': '2026-04-09T02:44:22.686754Z'}
2026-04-08 22:44:22,735 INFO     httpx  HTTP Request: GET https://comunicaapi.pje.jus.br/api/v1/caderno/TRE-SP/2026-01-08/D "HTTP/1.1 403 Forbidden"
2026-04-08 22:44:22,737 ERROR    djen_backup.backfill  {'tribunal': 'TRE-SP', 'date': '2026-01-08', 'event': 'backfill_download_error', 'level': 'error', 'timestamp': '2026-04-09T02:44:22.737369Z', 'exception': 'Traceback (most recent call last):\n  File "/home/franklin/workspace/causaganha/src/djen_backup/backfill.py", line 557, in backfill_process_date\n    zip_url = await get_caderno_url(client, config.djen_proxy_url, tribunal, d)\n              ^^^^^^^^^^^^^^^^^^^^^^^^^^^^^^^^^^^^^^^^^^^^^^^^^^^^^^^^^^^^^^^^^\n  File "/home/franklin/workspace/causaganha/src/djen_backup/djen.py", line 77, in get_caderno_url\n    resp.raise_for_status()\n  File "/home/franklin/workspace/causaganha/.venv/lib/python3.12/site-packages/httpx/_models.py", line 829, in raise_for_status\n    raise HTTPStatusError(message, request=request, response=self)\nhttpx.HTTPStatusError: Client error \'403 Forbidden\' for url \'https://comunicaapi.pje.jus.br/api/v1/caderno/TRE-SP/2026-01-08/D\'\nFor more information check: https://developer.mozilla.org/en-US/docs/Web/HTTP/Status/403'}
Traceback (most recent call last):
  File "/home/franklin/workspace/causaganha/src/djen_backup/backfill.py", line 557, in backfill_process_date
    zip_url = await get_caderno_url(client, config.djen_proxy_url, tribunal, d)
              ^^^^^^^^^^^^^^^^^^^^^^^^^^^^^^^^^^^^^^^^^^^^^^^^^^^^^^^^^^^^^^^^^
  File "/home/franklin/workspace/causaganha/src/djen_backup/djen.py", line 77, in get_caderno_url
    resp.raise_for_status()
  File "/home/franklin/workspace/causaganha/.venv/lib/python3.12/site-packages/httpx/_models.py", line 829, in raise_for_status
    raise HTTPStatusError(message, request=request, response=self)
httpx.HTTPStatusError: Client error '403 Forbidden' for url 'https://comunicaapi.pje.jus.br/api/v1/caderno/TRE-SP/2026-01-08/D'
For more information check: https://developer.mozilla.org/en-US/docs/Web/HTTP/Status/403
2026-04-08 22:44:22,811 WARNING  djen_backup.backfill  {'tribunal': 'TRE-SP', 'date': '2026-01-08', 'event': 'backfill_item_error', 'level': 'warning', 'timestamp': '2026-04-09T02:44:22.811334Z'}
2026-04-08 22:44:22,812 WARNING  djen_backup.backfill  {'tribunal': 'TRE-SP', 'year': 2026, 'reason': '3 consecutive errors', 'event': 'backfill_tribunal_skipped', 'level': 'warning', 'timestamp': '2026-04-09T02:44:22.812396Z'}
2026-04-08 22:44:26,029 INFO     httpx  HTTP Request: GET https://archive.org/metadata/djen-tre-to-2026/files "HTTP/1.1 200 OK"
2026-04-08 22:44:26,031 INFO     djen_backup.backfill  {'tribunal': 'TRE-TO', 'year': 2026, 'gaps': 98, 'event': 'backfill_tribunal_year', 'level': 'info', 'timestamp': '2026-04-09T02:44:26.031379Z'}
2026-04-08 22:44:26,079 INFO     httpx  HTTP Request: GET https://comunicaapi.pje.jus.br/api/v1/caderno/TRE-TO/2026-04-08/D "HTTP/1.1 403 Forbidden"
2026-04-08 22:44:26,081 ERROR    djen_backup.backfill  {'tribunal': 'TRE-TO', 'date': '2026-04-08', 'event': 'backfill_download_error', 'level': 'error', 'timestamp': '2026-04-09T02:44:26.081071Z', 'exception': 'Traceback (most recent call last):\n  File "/home/franklin/workspace/causaganha/src/djen_backup/backfill.py", line 557, in backfill_process_date\n    zip_url = await get_caderno_url(client, config.djen_proxy_url, tribunal, d)\n              ^^^^^^^^^^^^^^^^^^^^^^^^^^^^^^^^^^^^^^^^^^^^^^^^^^^^^^^^^^^^^^^^^\n  File "/home/franklin/workspace/causaganha/src/djen_backup/djen.py", line 77, in get_caderno_url\n    resp.raise_for_status()\n  File "/home/franklin/workspace/causaganha/.venv/lib/python3.12/site-packages/httpx/_models.py", line 829, in raise_for_status\n    raise HTTPStatusError(message, request=request, response=self)\nhttpx.HTTPStatusError: Client error \'403 Forbidden\' for url \'https://comunicaapi.pje.jus.br/api/v1/caderno/TRE-TO/2026-04-08/D\'\nFor more information check: https://developer.mozilla.org/en-US/docs/Web/HTTP/Status/403'}
Traceback (most recent call last):
  File "/home/franklin/workspace/causaganha/src/djen_backup/backfill.py", line 557, in backfill_process_date
    zip_url = await get_caderno_url(client, config.djen_proxy_url, tribunal, d)
              ^^^^^^^^^^^^^^^^^^^^^^^^^^^^^^^^^^^^^^^^^^^^^^^^^^^^^^^^^^^^^^^^^
  File "/home/franklin/workspace/causaganha/src/djen_backup/djen.py", line 77, in get_caderno_url
    resp.raise_for_status()
  File "/home/franklin/workspace/causaganha/.venv/lib/python3.12/site-packages/httpx/_models.py", line 829, in raise_for_status
    raise HTTPStatusError(message, request=request, response=self)
httpx.HTTPStatusError: Client error '403 Forbidden' for url 'https://comunicaapi.pje.jus.br/api/v1/caderno/TRE-TO/2026-04-08/D'
For more information check: https://developer.mozilla.org/en-US/docs/Web/HTTP/Status/403
2026-04-08 22:44:26,172 WARNING  djen_backup.backfill  {'tribunal': 'TRE-TO', 'date': '2026-04-08', 'event': 'backfill_item_error', 'level': 'warning', 'timestamp': '2026-04-09T02:44:26.172949Z'}
2026-04-08 22:44:26,222 INFO     httpx  HTTP Request: GET https://comunicaapi.pje.jus.br/api/v1/caderno/TRE-TO/2026-04-07/D "HTTP/1.1 403 Forbidden"
2026-04-08 22:44:26,224 ERROR    djen_backup.backfill  {'tribunal': 'TRE-TO', 'date': '2026-04-07', 'event': 'backfill_download_error', 'level': 'error', 'timestamp': '2026-04-09T02:44:26.224093Z', 'exception': 'Traceback (most recent call last):\n  File "/home/franklin/workspace/causaganha/src/djen_backup/backfill.py", line 557, in backfill_process_date\n    zip_url = await get_caderno_url(client, config.djen_proxy_url, tribunal, d)\n              ^^^^^^^^^^^^^^^^^^^^^^^^^^^^^^^^^^^^^^^^^^^^^^^^^^^^^^^^^^^^^^^^^\n  File "/home/franklin/workspace/causaganha/src/djen_backup/djen.py", line 77, in get_caderno_url\n    resp.raise_for_status()\n  File "/home/franklin/workspace/causaganha/.venv/lib/python3.12/site-packages/httpx/_models.py", line 829, in raise_for_status\n    raise HTTPStatusError(message, request=request, response=self)\nhttpx.HTTPStatusError: Client error \'403 Forbidden\' for url \'https://comunicaapi.pje.jus.br/api/v1/caderno/TRE-TO/2026-04-07/D\'\nFor more information check: https://developer.mozilla.org/en-US/docs/Web/HTTP/Status/403'}
Traceback (most recent call last):
  File "/home/franklin/workspace/causaganha/src/djen_backup/backfill.py", line 557, in backfill_process_date
    zip_url = await get_caderno_url(client, config.djen_proxy_url, tribunal, d)
              ^^^^^^^^^^^^^^^^^^^^^^^^^^^^^^^^^^^^^^^^^^^^^^^^^^^^^^^^^^^^^^^^^
  File "/home/franklin/workspace/causaganha/src/djen_backup/djen.py", line 77, in get_caderno_url
    resp.raise_for_status()
  File "/home/franklin/workspace/causaganha/.venv/lib/python3.12/site-packages/httpx/_models.py", line 829, in raise_for_status
    raise HTTPStatusError(message, request=request, response=self)
httpx.HTTPStatusError: Client error '403 Forbidden' for url 'https://comunicaapi.pje.jus.br/api/v1/caderno/TRE-TO/2026-04-07/D'
For more information check: https://developer.mozilla.org/en-US/docs/Web/HTTP/Status/403
2026-04-08 22:44:26,311 WARNING  djen_backup.backfill  {'tribunal': 'TRE-TO', 'date': '2026-04-07', 'event': 'backfill_item_error', 'level': 'warning', 'timestamp': '2026-04-09T02:44:26.311371Z'}
2026-04-08 22:44:26,360 INFO     httpx  HTTP Request: GET https://comunicaapi.pje.jus.br/api/v1/caderno/TRE-TO/2026-04-06/D "HTTP/1.1 403 Forbidden"
2026-04-08 22:44:26,362 ERROR    djen_backup.backfill  {'tribunal': 'TRE-TO', 'date': '2026-04-06', 'event': 'backfill_download_error', 'level': 'error', 'timestamp': '2026-04-09T02:44:26.362172Z', 'exception': 'Traceback (most recent call last):\n  File "/home/franklin/workspace/causaganha/src/djen_backup/backfill.py", line 557, in backfill_process_date\n    zip_url = await get_caderno_url(client, config.djen_proxy_url, tribunal, d)\n              ^^^^^^^^^^^^^^^^^^^^^^^^^^^^^^^^^^^^^^^^^^^^^^^^^^^^^^^^^^^^^^^^^\n  File "/home/franklin/workspace/causaganha/src/djen_backup/djen.py", line 77, in get_caderno_url\n    resp.raise_for_status()\n  File "/home/franklin/workspace/causaganha/.venv/lib/python3.12/site-packages/httpx/_models.py", line 829, in raise_for_status\n    raise HTTPStatusError(message, request=request, response=self)\nhttpx.HTTPStatusError: Client error \'403 Forbidden\' for url \'https://comunicaapi.pje.jus.br/api/v1/caderno/TRE-TO/2026-04-06/D\'\nFor more information check: https://developer.mozilla.org/en-US/docs/Web/HTTP/Status/403'}
Traceback (most recent call last):
  File "/home/franklin/workspace/causaganha/src/djen_backup/backfill.py", line 557, in backfill_process_date
    zip_url = await get_caderno_url(client, config.djen_proxy_url, tribunal, d)
              ^^^^^^^^^^^^^^^^^^^^^^^^^^^^^^^^^^^^^^^^^^^^^^^^^^^^^^^^^^^^^^^^^
  File "/home/franklin/workspace/causaganha/src/djen_backup/djen.py", line 77, in get_caderno_url
    resp.raise_for_status()
  File "/home/franklin/workspace/causaganha/.venv/lib/python3.12/site-packages/httpx/_models.py", line 829, in raise_for_status
    raise HTTPStatusError(message, request=request, response=self)
httpx.HTTPStatusError: Client error '403 Forbidden' for url 'https://comunicaapi.pje.jus.br/api/v1/caderno/TRE-TO/2026-04-06/D'
For more information check: https://developer.mozilla.org/en-US/docs/Web/HTTP/Status/403
2026-04-08 22:44:26,442 WARNING  djen_backup.backfill  {'tribunal': 'TRE-TO', 'date': '2026-04-06', 'event': 'backfill_item_error', 'level': 'warning', 'timestamp': '2026-04-09T02:44:26.442306Z'}
2026-04-08 22:44:26,443 WARNING  djen_backup.backfill  {'tribunal': 'TRE-TO', 'year': 2026, 'reason': '3 consecutive errors', 'event': 'backfill_tribunal_skipped', 'level': 'warning', 'timestamp': '2026-04-09T02:44:26.443684Z'}
2026-04-08 22:44:26,824 INFO     httpx  HTTP Request: GET https://archive.org/metadata/djen-trf1-2026/files "HTTP/1.1 200 OK"
2026-04-08 22:44:26,827 INFO     djen_backup.backfill  {'tribunal': 'TRF1', 'year': 2026, 'gaps': 3, 'event': 'backfill_tribunal_year', 'level': 'info', 'timestamp': '2026-04-09T02:44:26.827178Z'}
2026-04-08 22:44:26,877 INFO     httpx  HTTP Request: GET https://comunicaapi.pje.jus.br/api/v1/caderno/TRF1/2026-01-05/D "HTTP/1.1 403 Forbidden"
2026-04-08 22:44:26,879 ERROR    djen_backup.backfill  {'tribunal': 'TRF1', 'date': '2026-01-05', 'event': 'backfill_download_error', 'level': 'error', 'timestamp': '2026-04-09T02:44:26.879364Z', 'exception': 'Traceback (most recent call last):\n  File "/home/franklin/workspace/causaganha/src/djen_backup/backfill.py", line 557, in backfill_process_date\n    zip_url = await get_caderno_url(client, config.djen_proxy_url, tribunal, d)\n              ^^^^^^^^^^^^^^^^^^^^^^^^^^^^^^^^^^^^^^^^^^^^^^^^^^^^^^^^^^^^^^^^^\n  File "/home/franklin/workspace/causaganha/src/djen_backup/djen.py", line 77, in get_caderno_url\n    resp.raise_for_status()\n  File "/home/franklin/workspace/causaganha/.venv/lib/python3.12/site-packages/httpx/_models.py", line 829, in raise_for_status\n    raise HTTPStatusError(message, request=request, response=self)\nhttpx.HTTPStatusError: Client error \'403 Forbidden\' for url \'https://comunicaapi.pje.jus.br/api/v1/caderno/TRF1/2026-01-05/D\'\nFor more information check: https://developer.mozilla.org/en-US/docs/Web/HTTP/Status/403'}
Traceback (most recent call last):
  File "/home/franklin/workspace/causaganha/src/djen_backup/backfill.py", line 557, in backfill_process_date
    zip_url = await get_caderno_url(client, config.djen_proxy_url, tribunal, d)
              ^^^^^^^^^^^^^^^^^^^^^^^^^^^^^^^^^^^^^^^^^^^^^^^^^^^^^^^^^^^^^^^^^
  File "/home/franklin/workspace/causaganha/src/djen_backup/djen.py", line 77, in get_caderno_url
    resp.raise_for_status()
  File "/home/franklin/workspace/causaganha/.venv/lib/python3.12/site-packages/httpx/_models.py", line 829, in raise_for_status
    raise HTTPStatusError(message, request=request, response=self)
httpx.HTTPStatusError: Client error '403 Forbidden' for url 'https://comunicaapi.pje.jus.br/api/v1/caderno/TRF1/2026-01-05/D'
For more information check: https://developer.mozilla.org/en-US/docs/Web/HTTP/Status/403
2026-04-08 22:44:26,952 WARNING  djen_backup.backfill  {'tribunal': 'TRF1', 'date': '2026-01-05', 'event': 'backfill_item_error', 'level': 'warning', 'timestamp': '2026-04-09T02:44:26.952235Z'}
2026-04-08 22:44:27,001 INFO     httpx  HTTP Request: GET https://comunicaapi.pje.jus.br/api/v1/caderno/TRF1/2026-01-02/D "HTTP/1.1 403 Forbidden"
2026-04-08 22:44:27,003 ERROR    djen_backup.backfill  {'tribunal': 'TRF1', 'date': '2026-01-02', 'event': 'backfill_download_error', 'level': 'error', 'timestamp': '2026-04-09T02:44:27.003058Z', 'exception': 'Traceback (most recent call last):\n  File "/home/franklin/workspace/causaganha/src/djen_backup/backfill.py", line 557, in backfill_process_date\n    zip_url = await get_caderno_url(client, config.djen_proxy_url, tribunal, d)\n              ^^^^^^^^^^^^^^^^^^^^^^^^^^^^^^^^^^^^^^^^^^^^^^^^^^^^^^^^^^^^^^^^^\n  File "/home/franklin/workspace/causaganha/src/djen_backup/djen.py", line 77, in get_caderno_url\n    resp.raise_for_status()\n  File "/home/franklin/workspace/causaganha/.venv/lib/python3.12/site-packages/httpx/_models.py", line 829, in raise_for_status\n    raise HTTPStatusError(message, request=request, response=self)\nhttpx.HTTPStatusError: Client error \'403 Forbidden\' for url \'https://comunicaapi.pje.jus.br/api/v1/caderno/TRF1/2026-01-02/D\'\nFor more information check: https://developer.mozilla.org/en-US/docs/Web/HTTP/Status/403'}
Traceback (most recent call last):
  File "/home/franklin/workspace/causaganha/src/djen_backup/backfill.py", line 557, in backfill_process_date
    zip_url = await get_caderno_url(client, config.djen_proxy_url, tribunal, d)
              ^^^^^^^^^^^^^^^^^^^^^^^^^^^^^^^^^^^^^^^^^^^^^^^^^^^^^^^^^^^^^^^^^
  File "/home/franklin/workspace/causaganha/src/djen_backup/djen.py", line 77, in get_caderno_url
    resp.raise_for_status()
  File "/home/franklin/workspace/causaganha/.venv/lib/python3.12/site-packages/httpx/_models.py", line 829, in raise_for_status
    raise HTTPStatusError(message, request=request, response=self)
httpx.HTTPStatusError: Client error '403 Forbidden' for url 'https://comunicaapi.pje.jus.br/api/v1/caderno/TRF1/2026-01-02/D'
For more information check: https://developer.mozilla.org/en-US/docs/Web/HTTP/Status/403
2026-04-08 22:44:27,078 WARNING  djen_backup.backfill  {'tribunal': 'TRF1', 'date': '2026-01-02', 'event': 'backfill_item_error', 'level': 'warning', 'timestamp': '2026-04-09T02:44:27.078294Z'}
2026-04-08 22:44:27,128 INFO     httpx  HTTP Request: GET https://comunicaapi.pje.jus.br/api/v1/caderno/TRF1/2026-01-01/D "HTTP/1.1 403 Forbidden"
2026-04-08 22:44:27,130 ERROR    djen_backup.backfill  {'tribunal': 'TRF1', 'date': '2026-01-01', 'event': 'backfill_download_error', 'level': 'error', 'timestamp': '2026-04-09T02:44:27.130187Z', 'exception': 'Traceback (most recent call last):\n  File "/home/franklin/workspace/causaganha/src/djen_backup/backfill.py", line 557, in backfill_process_date\n    zip_url = await get_caderno_url(client, config.djen_proxy_url, tribunal, d)\n              ^^^^^^^^^^^^^^^^^^^^^^^^^^^^^^^^^^^^^^^^^^^^^^^^^^^^^^^^^^^^^^^^^\n  File "/home/franklin/workspace/causaganha/src/djen_backup/djen.py", line 77, in get_caderno_url\n    resp.raise_for_status()\n  File "/home/franklin/workspace/causaganha/.venv/lib/python3.12/site-packages/httpx/_models.py", line 829, in raise_for_status\n    raise HTTPStatusError(message, request=request, response=self)\nhttpx.HTTPStatusError: Client error \'403 Forbidden\' for url \'https://comunicaapi.pje.jus.br/api/v1/caderno/TRF1/2026-01-01/D\'\nFor more information check: https://developer.mozilla.org/en-US/docs/Web/HTTP/Status/403'}
Traceback (most recent call last):
  File "/home/franklin/workspace/causaganha/src/djen_backup/backfill.py", line 557, in backfill_process_date
    zip_url = await get_caderno_url(client, config.djen_proxy_url, tribunal, d)
              ^^^^^^^^^^^^^^^^^^^^^^^^^^^^^^^^^^^^^^^^^^^^^^^^^^^^^^^^^^^^^^^^^
  File "/home/franklin/workspace/causaganha/src/djen_backup/djen.py", line 77, in get_caderno_url
    resp.raise_for_status()
  File "/home/franklin/workspace/causaganha/.venv/lib/python3.12/site-packages/httpx/_models.py", line 829, in raise_for_status
    raise HTTPStatusError(message, request=request, response=self)
httpx.HTTPStatusError: Client error '403 Forbidden' for url 'https://comunicaapi.pje.jus.br/api/v1/caderno/TRF1/2026-01-01/D'
For more information check: https://developer.mozilla.org/en-US/docs/Web/HTTP/Status/403
2026-04-08 22:44:27,220 WARNING  djen_backup.backfill  {'tribunal': 'TRF1', 'date': '2026-01-01', 'event': 'backfill_item_error', 'level': 'warning', 'timestamp': '2026-04-09T02:44:27.220245Z'}
2026-04-08 22:44:27,221 WARNING  djen_backup.backfill  {'tribunal': 'TRF1', 'year': 2026, 'reason': '3 consecutive errors', 'event': 'backfill_tribunal_skipped', 'level': 'warning', 'timestamp': '2026-04-09T02:44:27.221135Z'}
2026-04-08 22:44:27,580 INFO     httpx  HTTP Request: GET https://archive.org/metadata/djen-trf2-2026/files "HTTP/1.1 200 OK"
2026-04-08 22:44:27,582 INFO     djen_backup.backfill  {'tribunal': 'TRF2', 'year': 2026, 'gaps': 35, 'event': 'backfill_tribunal_year', 'level': 'info', 'timestamp': '2026-04-09T02:44:27.582075Z'}
2026-04-08 22:44:27,632 INFO     httpx  HTTP Request: GET https://comunicaapi.pje.jus.br/api/v1/caderno/TRF2/2026-04-03/D "HTTP/1.1 403 Forbidden"
2026-04-08 22:44:27,634 ERROR    djen_backup.backfill  {'tribunal': 'TRF2', 'date': '2026-04-03', 'event': 'backfill_download_error', 'level': 'error', 'timestamp': '2026-04-09T02:44:27.634460Z', 'exception': 'Traceback (most recent call last):\n  File "/home/franklin/workspace/causaganha/src/djen_backup/backfill.py", line 557, in backfill_process_date\n    zip_url = await get_caderno_url(client, config.djen_proxy_url, tribunal, d)\n              ^^^^^^^^^^^^^^^^^^^^^^^^^^^^^^^^^^^^^^^^^^^^^^^^^^^^^^^^^^^^^^^^^\n  File "/home/franklin/workspace/causaganha/src/djen_backup/djen.py", line 77, in get_caderno_url\n    resp.raise_for_status()\n  File "/home/franklin/workspace/causaganha/.venv/lib/python3.12/site-packages/httpx/_models.py", line 829, in raise_for_status\n    raise HTTPStatusError(message, request=request, response=self)\nhttpx.HTTPStatusError: Client error \'403 Forbidden\' for url \'https://comunicaapi.pje.jus.br/api/v1/caderno/TRF2/2026-04-03/D\'\nFor more information check: https://developer.mozilla.org/en-US/docs/Web/HTTP/Status/403'}
Traceback (most recent call last):
  File "/home/franklin/workspace/causaganha/src/djen_backup/backfill.py", line 557, in backfill_process_date
    zip_url = await get_caderno_url(client, config.djen_proxy_url, tribunal, d)
              ^^^^^^^^^^^^^^^^^^^^^^^^^^^^^^^^^^^^^^^^^^^^^^^^^^^^^^^^^^^^^^^^^
  File "/home/franklin/workspace/causaganha/src/djen_backup/djen.py", line 77, in get_caderno_url
    resp.raise_for_status()
  File "/home/franklin/workspace/causaganha/.venv/lib/python3.12/site-packages/httpx/_models.py", line 829, in raise_for_status
    raise HTTPStatusError(message, request=request, response=self)
httpx.HTTPStatusError: Client error '403 Forbidden' for url 'https://comunicaapi.pje.jus.br/api/v1/caderno/TRF2/2026-04-03/D'
For more information check: https://developer.mozilla.org/en-US/docs/Web/HTTP/Status/403
2026-04-08 22:44:27,705 WARNING  djen_backup.backfill  {'tribunal': 'TRF2', 'date': '2026-04-03', 'event': 'backfill_item_error', 'level': 'warning', 'timestamp': '2026-04-09T02:44:27.705468Z'}
2026-04-08 22:44:27,754 INFO     httpx  HTTP Request: GET https://comunicaapi.pje.jus.br/api/v1/caderno/TRF2/2026-04-02/D "HTTP/1.1 403 Forbidden"
2026-04-08 22:44:27,756 ERROR    djen_backup.backfill  {'tribunal': 'TRF2', 'date': '2026-04-02', 'event': 'backfill_download_error', 'level': 'error', 'timestamp': '2026-04-09T02:44:27.756179Z', 'exception': 'Traceback (most recent call last):\n  File "/home/franklin/workspace/causaganha/src/djen_backup/backfill.py", line 557, in backfill_process_date\n    zip_url = await get_caderno_url(client, config.djen_proxy_url, tribunal, d)\n              ^^^^^^^^^^^^^^^^^^^^^^^^^^^^^^^^^^^^^^^^^^^^^^^^^^^^^^^^^^^^^^^^^\n  File "/home/franklin/workspace/causaganha/src/djen_backup/djen.py", line 77, in get_caderno_url\n    resp.raise_for_status()\n  File "/home/franklin/workspace/causaganha/.venv/lib/python3.12/site-packages/httpx/_models.py", line 829, in raise_for_status\n    raise HTTPStatusError(message, request=request, response=self)\nhttpx.HTTPStatusError: Client error \'403 Forbidden\' for url \'https://comunicaapi.pje.jus.br/api/v1/caderno/TRF2/2026-04-02/D\'\nFor more information check: https://developer.mozilla.org/en-US/docs/Web/HTTP/Status/403'}
Traceback (most recent call last):
  File "/home/franklin/workspace/causaganha/src/djen_backup/backfill.py", line 557, in backfill_process_date
    zip_url = await get_caderno_url(client, config.djen_proxy_url, tribunal, d)
              ^^^^^^^^^^^^^^^^^^^^^^^^^^^^^^^^^^^^^^^^^^^^^^^^^^^^^^^^^^^^^^^^^
  File "/home/franklin/workspace/causaganha/src/djen_backup/djen.py", line 77, in get_caderno_url
    resp.raise_for_status()
  File "/home/franklin/workspace/causaganha/.venv/lib/python3.12/site-packages/httpx/_models.py", line 829, in raise_for_status
    raise HTTPStatusError(message, request=request, response=self)
httpx.HTTPStatusError: Client error '403 Forbidden' for url 'https://comunicaapi.pje.jus.br/api/v1/caderno/TRF2/2026-04-02/D'
For more information check: https://developer.mozilla.org/en-US/docs/Web/HTTP/Status/403
2026-04-08 22:44:27,928 WARNING  djen_backup.backfill  {'tribunal': 'TRF2', 'date': '2026-04-02', 'event': 'backfill_item_error', 'level': 'warning', 'timestamp': '2026-04-09T02:44:27.928329Z'}
2026-04-08 22:44:27,978 INFO     httpx  HTTP Request: GET https://comunicaapi.pje.jus.br/api/v1/caderno/TRF2/2026-04-01/D "HTTP/1.1 403 Forbidden"
2026-04-08 22:44:27,979 ERROR    djen_backup.backfill  {'tribunal': 'TRF2', 'date': '2026-04-01', 'event': 'backfill_download_error', 'level': 'error', 'timestamp': '2026-04-09T02:44:27.979684Z', 'exception': 'Traceback (most recent call last):\n  File "/home/franklin/workspace/causaganha/src/djen_backup/backfill.py", line 557, in backfill_process_date\n    zip_url = await get_caderno_url(client, config.djen_proxy_url, tribunal, d)\n              ^^^^^^^^^^^^^^^^^^^^^^^^^^^^^^^^^^^^^^^^^^^^^^^^^^^^^^^^^^^^^^^^^\n  File "/home/franklin/workspace/causaganha/src/djen_backup/djen.py", line 77, in get_caderno_url\n    resp.raise_for_status()\n  File "/home/franklin/workspace/causaganha/.venv/lib/python3.12/site-packages/httpx/_models.py", line 829, in raise_for_status\n    raise HTTPStatusError(message, request=request, response=self)\nhttpx.HTTPStatusError: Client error \'403 Forbidden\' for url \'https://comunicaapi.pje.jus.br/api/v1/caderno/TRF2/2026-04-01/D\'\nFor more information check: https://developer.mozilla.org/en-US/docs/Web/HTTP/Status/403'}
Traceback (most recent call last):
  File "/home/franklin/workspace/causaganha/src/djen_backup/backfill.py", line 557, in backfill_process_date
    zip_url = await get_caderno_url(client, config.djen_proxy_url, tribunal, d)
              ^^^^^^^^^^^^^^^^^^^^^^^^^^^^^^^^^^^^^^^^^^^^^^^^^^^^^^^^^^^^^^^^^
  File "/home/franklin/workspace/causaganha/src/djen_backup/djen.py", line 77, in get_caderno_url
    resp.raise_for_status()
  File "/home/franklin/workspace/causaganha/.venv/lib/python3.12/site-packages/httpx/_models.py", line 829, in raise_for_status
    raise HTTPStatusError(message, request=request, response=self)
httpx.HTTPStatusError: Client error '403 Forbidden' for url 'https://comunicaapi.pje.jus.br/api/v1/caderno/TRF2/2026-04-01/D'
For more information check: https://developer.mozilla.org/en-US/docs/Web/HTTP/Status/403
2026-04-08 22:44:28,054 WARNING  djen_backup.backfill  {'tribunal': 'TRF2', 'date': '2026-04-01', 'event': 'backfill_item_error', 'level': 'warning', 'timestamp': '2026-04-09T02:44:28.054972Z'}
2026-04-08 22:44:28,056 WARNING  djen_backup.backfill  {'tribunal': 'TRF2', 'year': 2026, 'reason': '3 consecutive errors', 'event': 'backfill_tribunal_skipped', 'level': 'warning', 'timestamp': '2026-04-09T02:44:28.056726Z'}
2026-04-08 22:44:28,290 INFO     httpx  HTTP Request: GET https://archive.org/metadata/djen-trf3-2026/files "HTTP/1.1 200 OK"
2026-04-08 22:44:28,663 INFO     httpx  HTTP Request: GET https://archive.org/metadata/djen-trf4-2026/files "HTTP/1.1 200 OK"
2026-04-08 22:44:28,665 INFO     djen_backup.backfill  {'tribunal': 'TRF4', 'year': 2026, 'gaps': 35, 'event': 'backfill_tribunal_year', 'level': 'info', 'timestamp': '2026-04-09T02:44:28.665686Z'}
2026-04-08 22:44:28,714 INFO     httpx  HTTP Request: GET https://comunicaapi.pje.jus.br/api/v1/caderno/TRF4/2026-04-03/D "HTTP/1.1 403 Forbidden"
2026-04-08 22:44:28,716 ERROR    djen_backup.backfill  {'tribunal': 'TRF4', 'date': '2026-04-03', 'event': 'backfill_download_error', 'level': 'error', 'timestamp': '2026-04-09T02:44:28.716212Z', 'exception': 'Traceback (most recent call last):\n  File "/home/franklin/workspace/causaganha/src/djen_backup/backfill.py", line 557, in backfill_process_date\n    zip_url = await get_caderno_url(client, config.djen_proxy_url, tribunal, d)\n              ^^^^^^^^^^^^^^^^^^^^^^^^^^^^^^^^^^^^^^^^^^^^^^^^^^^^^^^^^^^^^^^^^\n  File "/home/franklin/workspace/causaganha/src/djen_backup/djen.py", line 77, in get_caderno_url\n    resp.raise_for_status()\n  File "/home/franklin/workspace/causaganha/.venv/lib/python3.12/site-packages/httpx/_models.py", line 829, in raise_for_status\n    raise HTTPStatusError(message, request=request, response=self)\nhttpx.HTTPStatusError: Client error \'403 Forbidden\' for url \'https://comunicaapi.pje.jus.br/api/v1/caderno/TRF4/2026-04-03/D\'\nFor more information check: https://developer.mozilla.org/en-US/docs/Web/HTTP/Status/403'}
Traceback (most recent call last):
  File "/home/franklin/workspace/causaganha/src/djen_backup/backfill.py", line 557, in backfill_process_date
    zip_url = await get_caderno_url(client, config.djen_proxy_url, tribunal, d)
              ^^^^^^^^^^^^^^^^^^^^^^^^^^^^^^^^^^^^^^^^^^^^^^^^^^^^^^^^^^^^^^^^^
  File "/home/franklin/workspace/causaganha/src/djen_backup/djen.py", line 77, in get_caderno_url
    resp.raise_for_status()
  File "/home/franklin/workspace/causaganha/.venv/lib/python3.12/site-packages/httpx/_models.py", line 829, in raise_for_status
    raise HTTPStatusError(message, request=request, response=self)
httpx.HTTPStatusError: Client error '403 Forbidden' for url 'https://comunicaapi.pje.jus.br/api/v1/caderno/TRF4/2026-04-03/D'
For more information check: https://developer.mozilla.org/en-US/docs/Web/HTTP/Status/403
2026-04-08 22:44:28,796 WARNING  djen_backup.backfill  {'tribunal': 'TRF4', 'date': '2026-04-03', 'event': 'backfill_item_error', 'level': 'warning', 'timestamp': '2026-04-09T02:44:28.796139Z'}
2026-04-08 22:44:28,845 INFO     httpx  HTTP Request: GET https://comunicaapi.pje.jus.br/api/v1/caderno/TRF4/2026-04-02/D "HTTP/1.1 403 Forbidden"
2026-04-08 22:44:28,847 ERROR    djen_backup.backfill  {'tribunal': 'TRF4', 'date': '2026-04-02', 'event': 'backfill_download_error', 'level': 'error', 'timestamp': '2026-04-09T02:44:28.847097Z', 'exception': 'Traceback (most recent call last):\n  File "/home/franklin/workspace/causaganha/src/djen_backup/backfill.py", line 557, in backfill_process_date\n    zip_url = await get_caderno_url(client, config.djen_proxy_url, tribunal, d)\n              ^^^^^^^^^^^^^^^^^^^^^^^^^^^^^^^^^^^^^^^^^^^^^^^^^^^^^^^^^^^^^^^^^\n  File "/home/franklin/workspace/causaganha/src/djen_backup/djen.py", line 77, in get_caderno_url\n    resp.raise_for_status()\n  File "/home/franklin/workspace/causaganha/.venv/lib/python3.12/site-packages/httpx/_models.py", line 829, in raise_for_status\n    raise HTTPStatusError(message, request=request, response=self)\nhttpx.HTTPStatusError: Client error \'403 Forbidden\' for url \'https://comunicaapi.pje.jus.br/api/v1/caderno/TRF4/2026-04-02/D\'\nFor more information check: https://developer.mozilla.org/en-US/docs/Web/HTTP/Status/403'}
Traceback (most recent call last):
  File "/home/franklin/workspace/causaganha/src/djen_backup/backfill.py", line 557, in backfill_process_date
    zip_url = await get_caderno_url(client, config.djen_proxy_url, tribunal, d)
              ^^^^^^^^^^^^^^^^^^^^^^^^^^^^^^^^^^^^^^^^^^^^^^^^^^^^^^^^^^^^^^^^^
  File "/home/franklin/workspace/causaganha/src/djen_backup/djen.py", line 77, in get_caderno_url
    resp.raise_for_status()
  File "/home/franklin/workspace/causaganha/.venv/lib/python3.12/site-packages/httpx/_models.py", line 829, in raise_for_status
    raise HTTPStatusError(message, request=request, response=self)
httpx.HTTPStatusError: Client error '403 Forbidden' for url 'https://comunicaapi.pje.jus.br/api/v1/caderno/TRF4/2026-04-02/D'
For more information check: https://developer.mozilla.org/en-US/docs/Web/HTTP/Status/403
2026-04-08 22:44:28,932 WARNING  djen_backup.backfill  {'tribunal': 'TRF4', 'date': '2026-04-02', 'event': 'backfill_item_error', 'level': 'warning', 'timestamp': '2026-04-09T02:44:28.932967Z'}
2026-04-08 22:44:28,982 INFO     httpx  HTTP Request: GET https://comunicaapi.pje.jus.br/api/v1/caderno/TRF4/2026-04-01/D "HTTP/1.1 403 Forbidden"
2026-04-08 22:44:28,984 ERROR    djen_backup.backfill  {'tribunal': 'TRF4', 'date': '2026-04-01', 'event': 'backfill_download_error', 'level': 'error', 'timestamp': '2026-04-09T02:44:28.983904Z', 'exception': 'Traceback (most recent call last):\n  File "/home/franklin/workspace/causaganha/src/djen_backup/backfill.py", line 557, in backfill_process_date\n    zip_url = await get_caderno_url(client, config.djen_proxy_url, tribunal, d)\n              ^^^^^^^^^^^^^^^^^^^^^^^^^^^^^^^^^^^^^^^^^^^^^^^^^^^^^^^^^^^^^^^^^\n  File "/home/franklin/workspace/causaganha/src/djen_backup/djen.py", line 77, in get_caderno_url\n    resp.raise_for_status()\n  File "/home/franklin/workspace/causaganha/.venv/lib/python3.12/site-packages/httpx/_models.py", line 829, in raise_for_status\n    raise HTTPStatusError(message, request=request, response=self)\nhttpx.HTTPStatusError: Client error \'403 Forbidden\' for url \'https://comunicaapi.pje.jus.br/api/v1/caderno/TRF4/2026-04-01/D\'\nFor more information check: https://developer.mozilla.org/en-US/docs/Web/HTTP/Status/403'}
Traceback (most recent call last):
  File "/home/franklin/workspace/causaganha/src/djen_backup/backfill.py", line 557, in backfill_process_date
    zip_url = await get_caderno_url(client, config.djen_proxy_url, tribunal, d)
              ^^^^^^^^^^^^^^^^^^^^^^^^^^^^^^^^^^^^^^^^^^^^^^^^^^^^^^^^^^^^^^^^^
  File "/home/franklin/workspace/causaganha/src/djen_backup/djen.py", line 77, in get_caderno_url
    resp.raise_for_status()
  File "/home/franklin/workspace/causaganha/.venv/lib/python3.12/site-packages/httpx/_models.py", line 829, in raise_for_status
    raise HTTPStatusError(message, request=request, response=self)
httpx.HTTPStatusError: Client error '403 Forbidden' for url 'https://comunicaapi.pje.jus.br/api/v1/caderno/TRF4/2026-04-01/D'
For more information check: https://developer.mozilla.org/en-US/docs/Web/HTTP/Status/403
2026-04-08 22:44:29,078 WARNING  djen_backup.backfill  {'tribunal': 'TRF4', 'date': '2026-04-01', 'event': 'backfill_item_error', 'level': 'warning', 'timestamp': '2026-04-09T02:44:29.078452Z'}
2026-04-08 22:44:29,079 WARNING  djen_backup.backfill  {'tribunal': 'TRF4', 'year': 2026, 'reason': '3 consecutive errors', 'event': 'backfill_tribunal_skipped', 'level': 'warning', 'timestamp': '2026-04-09T02:44:29.079616Z'}
2026-04-08 22:44:29,681 INFO     httpx  HTTP Request: GET https://archive.org/metadata/djen-trf5-2026/files "HTTP/1.1 200 OK"
2026-04-08 22:44:30,024 INFO     httpx  HTTP Request: GET https://archive.org/metadata/djen-trf6-2026/files "HTTP/1.1 200 OK"
2026-04-08 22:44:30,027 INFO     djen_backup.backfill  {'tribunal': 'TRF6', 'year': 2026, 'gaps': 31, 'event': 'backfill_tribunal_year', 'level': 'info', 'timestamp': '2026-04-09T02:44:30.027400Z'}
2026-04-08 22:44:30,094 INFO     httpx  HTTP Request: GET https://comunicaapi.pje.jus.br/api/v1/caderno/TRF6/2026-04-03/D "HTTP/1.1 403 Forbidden"
2026-04-08 22:44:30,096 ERROR    djen_backup.backfill  {'tribunal': 'TRF6', 'date': '2026-04-03', 'event': 'backfill_download_error', 'level': 'error', 'timestamp': '2026-04-09T02:44:30.096174Z', 'exception': 'Traceback (most recent call last):\n  File "/home/franklin/workspace/causaganha/src/djen_backup/backfill.py", line 557, in backfill_process_date\n    zip_url = await get_caderno_url(client, config.djen_proxy_url, tribunal, d)\n              ^^^^^^^^^^^^^^^^^^^^^^^^^^^^^^^^^^^^^^^^^^^^^^^^^^^^^^^^^^^^^^^^^\n  File "/home/franklin/workspace/causaganha/src/djen_backup/djen.py", line 77, in get_caderno_url\n    resp.raise_for_status()\n  File "/home/franklin/workspace/causaganha/.venv/lib/python3.12/site-packages/httpx/_models.py", line 829, in raise_for_status\n    raise HTTPStatusError(message, request=request, response=self)\nhttpx.HTTPStatusError: Client error \'403 Forbidden\' for url \'https://comunicaapi.pje.jus.br/api/v1/caderno/TRF6/2026-04-03/D\'\nFor more information check: https://developer.mozilla.org/en-US/docs/Web/HTTP/Status/403'}
Traceback (most recent call last):
  File "/home/franklin/workspace/causaganha/src/djen_backup/backfill.py", line 557, in backfill_process_date
    zip_url = await get_caderno_url(client, config.djen_proxy_url, tribunal, d)
              ^^^^^^^^^^^^^^^^^^^^^^^^^^^^^^^^^^^^^^^^^^^^^^^^^^^^^^^^^^^^^^^^^
  File "/home/franklin/workspace/causaganha/src/djen_backup/djen.py", line 77, in get_caderno_url
    resp.raise_for_status()
  File "/home/franklin/workspace/causaganha/.venv/lib/python3.12/site-packages/httpx/_models.py", line 829, in raise_for_status
    raise HTTPStatusError(message, request=request, response=self)
httpx.HTTPStatusError: Client error '403 Forbidden' for url 'https://comunicaapi.pje.jus.br/api/v1/caderno/TRF6/2026-04-03/D'
For more information check: https://developer.mozilla.org/en-US/docs/Web/HTTP/Status/403
2026-04-08 22:44:30,174 WARNING  djen_backup.backfill  {'tribunal': 'TRF6', 'date': '2026-04-03', 'event': 'backfill_item_error', 'level': 'warning', 'timestamp': '2026-04-09T02:44:30.174713Z'}
2026-04-08 22:44:30,262 INFO     httpx  HTTP Request: GET https://comunicaapi.pje.jus.br/api/v1/caderno/TRF6/2026-03-29/D "HTTP/1.1 403 Forbidden"
2026-04-08 22:44:30,266 ERROR    djen_backup.backfill  {'tribunal': 'TRF6', 'date': '2026-03-29', 'event': 'backfill_download_error', 'level': 'error', 'timestamp': '2026-04-09T02:44:30.265677Z', 'exception': 'Traceback (most recent call last):\n  File "/home/franklin/workspace/causaganha/src/djen_backup/backfill.py", line 557, in backfill_process_date\n    zip_url = await get_caderno_url(client, config.djen_proxy_url, tribunal, d)\n              ^^^^^^^^^^^^^^^^^^^^^^^^^^^^^^^^^^^^^^^^^^^^^^^^^^^^^^^^^^^^^^^^^\n  File "/home/franklin/workspace/causaganha/src/djen_backup/djen.py", line 77, in get_caderno_url\n    resp.raise_for_status()\n  File "/home/franklin/workspace/causaganha/.venv/lib/python3.12/site-packages/httpx/_models.py", line 829, in raise_for_status\n    raise HTTPStatusError(message, request=request, response=self)\nhttpx.HTTPStatusError: Client error \'403 Forbidden\' for url \'https://comunicaapi.pje.jus.br/api/v1/caderno/TRF6/2026-03-29/D\'\nFor more information check: https://developer.mozilla.org/en-US/docs/Web/HTTP/Status/403'}
Traceback (most recent call last):
  File "/home/franklin/workspace/causaganha/src/djen_backup/backfill.py", line 557, in backfill_process_date
    zip_url = await get_caderno_url(client, config.djen_proxy_url, tribunal, d)
              ^^^^^^^^^^^^^^^^^^^^^^^^^^^^^^^^^^^^^^^^^^^^^^^^^^^^^^^^^^^^^^^^^
  File "/home/franklin/workspace/causaganha/src/djen_backup/djen.py", line 77, in get_caderno_url
    resp.raise_for_status()
  File "/home/franklin/workspace/causaganha/.venv/lib/python3.12/site-packages/httpx/_models.py", line 829, in raise_for_status
    raise HTTPStatusError(message, request=request, response=self)
httpx.HTTPStatusError: Client error '403 Forbidden' for url 'https://comunicaapi.pje.jus.br/api/v1/caderno/TRF6/2026-03-29/D'
For more information check: https://developer.mozilla.org/en-US/docs/Web/HTTP/Status/403
2026-04-08 22:44:30,348 WARNING  djen_backup.backfill  {'tribunal': 'TRF6', 'date': '2026-03-29', 'event': 'backfill_item_error', 'level': 'warning', 'timestamp': '2026-04-09T02:44:30.348252Z'}
2026-04-08 22:44:30,396 INFO     httpx  HTTP Request: GET https://comunicaapi.pje.jus.br/api/v1/caderno/TRF6/2026-03-28/D "HTTP/1.1 403 Forbidden"
2026-04-08 22:44:30,398 ERROR    djen_backup.backfill  {'tribunal': 'TRF6', 'date': '2026-03-28', 'event': 'backfill_download_error', 'level': 'error', 'timestamp': '2026-04-09T02:44:30.398667Z', 'exception': 'Traceback (most recent call last):\n  File "/home/franklin/workspace/causaganha/src/djen_backup/backfill.py", line 557, in backfill_process_date\n    zip_url = await get_caderno_url(client, config.djen_proxy_url, tribunal, d)\n              ^^^^^^^^^^^^^^^^^^^^^^^^^^^^^^^^^^^^^^^^^^^^^^^^^^^^^^^^^^^^^^^^^\n  File "/home/franklin/workspace/causaganha/src/djen_backup/djen.py", line 77, in get_caderno_url\n    resp.raise_for_status()\n  File "/home/franklin/workspace/causaganha/.venv/lib/python3.12/site-packages/httpx/_models.py", line 829, in raise_for_status\n    raise HTTPStatusError(message, request=request, response=self)\nhttpx.HTTPStatusError: Client error \'403 Forbidden\' for url \'https://comunicaapi.pje.jus.br/api/v1/caderno/TRF6/2026-03-28/D\'\nFor more information check: https://developer.mozilla.org/en-US/docs/Web/HTTP/Status/403'}
Traceback (most recent call last):
  File "/home/franklin/workspace/causaganha/src/djen_backup/backfill.py", line 557, in backfill_process_date
    zip_url = await get_caderno_url(client, config.djen_proxy_url, tribunal, d)
              ^^^^^^^^^^^^^^^^^^^^^^^^^^^^^^^^^^^^^^^^^^^^^^^^^^^^^^^^^^^^^^^^^
  File "/home/franklin/workspace/causaganha/src/djen_backup/djen.py", line 77, in get_caderno_url
    resp.raise_for_status()
  File "/home/franklin/workspace/causaganha/.venv/lib/python3.12/site-packages/httpx/_models.py", line 829, in raise_for_status
    raise HTTPStatusError(message, request=request, response=self)
httpx.HTTPStatusError: Client error '403 Forbidden' for url 'https://comunicaapi.pje.jus.br/api/v1/caderno/TRF6/2026-03-28/D'
For more information check: https://developer.mozilla.org/en-US/docs/Web/HTTP/Status/403
2026-04-08 22:44:30,480 WARNING  djen_backup.backfill  {'tribunal': 'TRF6', 'date': '2026-03-28', 'event': 'backfill_item_error', 'level': 'warning', 'timestamp': '2026-04-09T02:44:30.480294Z'}
2026-04-08 22:44:30,481 WARNING  djen_backup.backfill  {'tribunal': 'TRF6', 'year': 2026, 'reason': '3 consecutive errors', 'event': 'backfill_tribunal_skipped', 'level': 'warning', 'timestamp': '2026-04-09T02:44:30.481278Z'}
2026-04-08 22:44:30,714 INFO     httpx  HTTP Request: GET https://archive.org/metadata/djen-trt1-2026/files "HTTP/1.1 200 OK"
2026-04-08 22:44:30,716 INFO     djen_backup.backfill  {'tribunal': 'TRT1', 'year': 2026, 'gaps': 34, 'event': 'backfill_tribunal_year', 'level': 'info', 'timestamp': '2026-04-09T02:44:30.716556Z'}
2026-04-08 22:44:30,764 INFO     httpx  HTTP Request: GET https://comunicaapi.pje.jus.br/api/v1/caderno/TRT1/2026-04-03/D "HTTP/1.1 403 Forbidden"
2026-04-08 22:44:30,766 ERROR    djen_backup.backfill  {'tribunal': 'TRT1', 'date': '2026-04-03', 'event': 'backfill_download_error', 'level': 'error', 'timestamp': '2026-04-09T02:44:30.765946Z', 'exception': 'Traceback (most recent call last):\n  File "/home/franklin/workspace/causaganha/src/djen_backup/backfill.py", line 557, in backfill_process_date\n    zip_url = await get_caderno_url(client, config.djen_proxy_url, tribunal, d)\n              ^^^^^^^^^^^^^^^^^^^^^^^^^^^^^^^^^^^^^^^^^^^^^^^^^^^^^^^^^^^^^^^^^\n  File "/home/franklin/workspace/causaganha/src/djen_backup/djen.py", line 77, in get_caderno_url\n    resp.raise_for_status()\n  File "/home/franklin/workspace/causaganha/.venv/lib/python3.12/site-packages/httpx/_models.py", line 829, in raise_for_status\n    raise HTTPStatusError(message, request=request, response=self)\nhttpx.HTTPStatusError: Client error \'403 Forbidden\' for url \'https://comunicaapi.pje.jus.br/api/v1/caderno/TRT1/2026-04-03/D\'\nFor more information check: https://developer.mozilla.org/en-US/docs/Web/HTTP/Status/403'}
Traceback (most recent call last):
  File "/home/franklin/workspace/causaganha/src/djen_backup/backfill.py", line 557, in backfill_process_date
    zip_url = await get_caderno_url(client, config.djen_proxy_url, tribunal, d)
              ^^^^^^^^^^^^^^^^^^^^^^^^^^^^^^^^^^^^^^^^^^^^^^^^^^^^^^^^^^^^^^^^^
  File "/home/franklin/workspace/causaganha/src/djen_backup/djen.py", line 77, in get_caderno_url
    resp.raise_for_status()
  File "/home/franklin/workspace/causaganha/.venv/lib/python3.12/site-packages/httpx/_models.py", line 829, in raise_for_status
    raise HTTPStatusError(message, request=request, response=self)
httpx.HTTPStatusError: Client error '403 Forbidden' for url 'https://comunicaapi.pje.jus.br/api/v1/caderno/TRT1/2026-04-03/D'
For more information check: https://developer.mozilla.org/en-US/docs/Web/HTTP/Status/403
2026-04-08 22:44:30,838 WARNING  djen_backup.backfill  {'tribunal': 'TRT1', 'date': '2026-04-03', 'event': 'backfill_item_error', 'level': 'warning', 'timestamp': '2026-04-09T02:44:30.838818Z'}
2026-04-08 22:44:30,887 INFO     httpx  HTTP Request: GET https://comunicaapi.pje.jus.br/api/v1/caderno/TRT1/2026-04-02/D "HTTP/1.1 403 Forbidden"
2026-04-08 22:44:30,888 ERROR    djen_backup.backfill  {'tribunal': 'TRT1', 'date': '2026-04-02', 'event': 'backfill_download_error', 'level': 'error', 'timestamp': '2026-04-09T02:44:30.888430Z', 'exception': 'Traceback (most recent call last):\n  File "/home/franklin/workspace/causaganha/src/djen_backup/backfill.py", line 557, in backfill_process_date\n    zip_url = await get_caderno_url(client, config.djen_proxy_url, tribunal, d)\n              ^^^^^^^^^^^^^^^^^^^^^^^^^^^^^^^^^^^^^^^^^^^^^^^^^^^^^^^^^^^^^^^^^\n  File "/home/franklin/workspace/causaganha/src/djen_backup/djen.py", line 77, in get_caderno_url\n    resp.raise_for_status()\n  File "/home/franklin/workspace/causaganha/.venv/lib/python3.12/site-packages/httpx/_models.py", line 829, in raise_for_status\n    raise HTTPStatusError(message, request=request, response=self)\nhttpx.HTTPStatusError: Client error \'403 Forbidden\' for url \'https://comunicaapi.pje.jus.br/api/v1/caderno/TRT1/2026-04-02/D\'\nFor more information check: https://developer.mozilla.org/en-US/docs/Web/HTTP/Status/403'}
Traceback (most recent call last):
  File "/home/franklin/workspace/causaganha/src/djen_backup/backfill.py", line 557, in backfill_process_date
    zip_url = await get_caderno_url(client, config.djen_proxy_url, tribunal, d)
              ^^^^^^^^^^^^^^^^^^^^^^^^^^^^^^^^^^^^^^^^^^^^^^^^^^^^^^^^^^^^^^^^^
  File "/home/franklin/workspace/causaganha/src/djen_backup/djen.py", line 77, in get_caderno_url
    resp.raise_for_status()
  File "/home/franklin/workspace/causaganha/.venv/lib/python3.12/site-packages/httpx/_models.py", line 829, in raise_for_status
    raise HTTPStatusError(message, request=request, response=self)
httpx.HTTPStatusError: Client error '403 Forbidden' for url 'https://comunicaapi.pje.jus.br/api/v1/caderno/TRT1/2026-04-02/D'
For more information check: https://developer.mozilla.org/en-US/docs/Web/HTTP/Status/403
2026-04-08 22:44:30,968 WARNING  djen_backup.backfill  {'tribunal': 'TRT1', 'date': '2026-04-02', 'event': 'backfill_item_error', 'level': 'warning', 'timestamp': '2026-04-09T02:44:30.968955Z'}
2026-04-08 22:44:31,017 INFO     httpx  HTTP Request: GET https://comunicaapi.pje.jus.br/api/v1/caderno/TRT1/2026-04-01/D "HTTP/1.1 403 Forbidden"
2026-04-08 22:44:31,019 ERROR    djen_backup.backfill  {'tribunal': 'TRT1', 'date': '2026-04-01', 'event': 'backfill_download_error', 'level': 'error', 'timestamp': '2026-04-09T02:44:31.018888Z', 'exception': 'Traceback (most recent call last):\n  File "/home/franklin/workspace/causaganha/src/djen_backup/backfill.py", line 557, in backfill_process_date\n    zip_url = await get_caderno_url(client, config.djen_proxy_url, tribunal, d)\n              ^^^^^^^^^^^^^^^^^^^^^^^^^^^^^^^^^^^^^^^^^^^^^^^^^^^^^^^^^^^^^^^^^\n  File "/home/franklin/workspace/causaganha/src/djen_backup/djen.py", line 77, in get_caderno_url\n    resp.raise_for_status()\n  File "/home/franklin/workspace/causaganha/.venv/lib/python3.12/site-packages/httpx/_models.py", line 829, in raise_for_status\n    raise HTTPStatusError(message, request=request, response=self)\nhttpx.HTTPStatusError: Client error \'403 Forbidden\' for url \'https://comunicaapi.pje.jus.br/api/v1/caderno/TRT1/2026-04-01/D\'\nFor more information check: https://developer.mozilla.org/en-US/docs/Web/HTTP/Status/403'}
Traceback (most recent call last):
  File "/home/franklin/workspace/causaganha/src/djen_backup/backfill.py", line 557, in backfill_process_date
    zip_url = await get_caderno_url(client, config.djen_proxy_url, tribunal, d)
              ^^^^^^^^^^^^^^^^^^^^^^^^^^^^^^^^^^^^^^^^^^^^^^^^^^^^^^^^^^^^^^^^^
  File "/home/franklin/workspace/causaganha/src/djen_backup/djen.py", line 77, in get_caderno_url
    resp.raise_for_status()
  File "/home/franklin/workspace/causaganha/.venv/lib/python3.12/site-packages/httpx/_models.py", line 829, in raise_for_status
    raise HTTPStatusError(message, request=request, response=self)
httpx.HTTPStatusError: Client error '403 Forbidden' for url 'https://comunicaapi.pje.jus.br/api/v1/caderno/TRT1/2026-04-01/D'
For more information check: https://developer.mozilla.org/en-US/docs/Web/HTTP/Status/403
2026-04-08 22:44:31,103 WARNING  djen_backup.backfill  {'tribunal': 'TRT1', 'date': '2026-04-01', 'event': 'backfill_item_error', 'level': 'warning', 'timestamp': '2026-04-09T02:44:31.103374Z'}
2026-04-08 22:44:31,105 WARNING  djen_backup.backfill  {'tribunal': 'TRT1', 'year': 2026, 'reason': '3 consecutive errors', 'event': 'backfill_tribunal_skipped', 'level': 'warning', 'timestamp': '2026-04-09T02:44:31.105214Z'}
2026-04-08 22:44:31,345 INFO     httpx  HTTP Request: GET https://archive.org/metadata/djen-trt10-2026/files "HTTP/1.1 200 OK"
2026-04-08 22:44:31,349 INFO     djen_backup.backfill  {'tribunal': 'TRT10', 'year': 2026, 'gaps': 35, 'event': 'backfill_tribunal_year', 'level': 'info', 'timestamp': '2026-04-09T02:44:31.349179Z'}
2026-04-08 22:44:31,398 INFO     httpx  HTTP Request: GET https://comunicaapi.pje.jus.br/api/v1/caderno/TRT10/2026-04-03/D "HTTP/1.1 403 Forbidden"
2026-04-08 22:44:31,399 ERROR    djen_backup.backfill  {'tribunal': 'TRT10', 'date': '2026-04-03', 'event': 'backfill_download_error', 'level': 'error', 'timestamp': '2026-04-09T02:44:31.399629Z', 'exception': 'Traceback (most recent call last):\n  File "/home/franklin/workspace/causaganha/src/djen_backup/backfill.py", line 557, in backfill_process_date\n    zip_url = await get_caderno_url(client, config.djen_proxy_url, tribunal, d)\n              ^^^^^^^^^^^^^^^^^^^^^^^^^^^^^^^^^^^^^^^^^^^^^^^^^^^^^^^^^^^^^^^^^\n  File "/home/franklin/workspace/causaganha/src/djen_backup/djen.py", line 77, in get_caderno_url\n    resp.raise_for_status()\n  File "/home/franklin/workspace/causaganha/.venv/lib/python3.12/site-packages/httpx/_models.py", line 829, in raise_for_status\n    raise HTTPStatusError(message, request=request, response=self)\nhttpx.HTTPStatusError: Client error \'403 Forbidden\' for url \'https://comunicaapi.pje.jus.br/api/v1/caderno/TRT10/2026-04-03/D\'\nFor more information check: https://developer.mozilla.org/en-US/docs/Web/HTTP/Status/403'}
Traceback (most recent call last):
  File "/home/franklin/workspace/causaganha/src/djen_backup/backfill.py", line 557, in backfill_process_date
    zip_url = await get_caderno_url(client, config.djen_proxy_url, tribunal, d)
              ^^^^^^^^^^^^^^^^^^^^^^^^^^^^^^^^^^^^^^^^^^^^^^^^^^^^^^^^^^^^^^^^^
  File "/home/franklin/workspace/causaganha/src/djen_backup/djen.py", line 77, in get_caderno_url
    resp.raise_for_status()
  File "/home/franklin/workspace/causaganha/.venv/lib/python3.12/site-packages/httpx/_models.py", line 829, in raise_for_status
    raise HTTPStatusError(message, request=request, response=self)
httpx.HTTPStatusError: Client error '403 Forbidden' for url 'https://comunicaapi.pje.jus.br/api/v1/caderno/TRT10/2026-04-03/D'
For more information check: https://developer.mozilla.org/en-US/docs/Web/HTTP/Status/403
2026-04-08 22:44:31,480 WARNING  djen_backup.backfill  {'tribunal': 'TRT10', 'date': '2026-04-03', 'event': 'backfill_item_error', 'level': 'warning', 'timestamp': '2026-04-09T02:44:31.480578Z'}
2026-04-08 22:44:31,529 INFO     httpx  HTTP Request: GET https://comunicaapi.pje.jus.br/api/v1/caderno/TRT10/2026-04-02/D "HTTP/1.1 403 Forbidden"
2026-04-08 22:44:31,532 ERROR    djen_backup.backfill  {'tribunal': 'TRT10', 'date': '2026-04-02', 'event': 'backfill_download_error', 'level': 'error', 'timestamp': '2026-04-09T02:44:31.531774Z', 'exception': 'Traceback (most recent call last):\n  File "/home/franklin/workspace/causaganha/src/djen_backup/backfill.py", line 557, in backfill_process_date\n    zip_url = await get_caderno_url(client, config.djen_proxy_url, tribunal, d)\n              ^^^^^^^^^^^^^^^^^^^^^^^^^^^^^^^^^^^^^^^^^^^^^^^^^^^^^^^^^^^^^^^^^\n  File "/home/franklin/workspace/causaganha/src/djen_backup/djen.py", line 77, in get_caderno_url\n    resp.raise_for_status()\n  File "/home/franklin/workspace/causaganha/.venv/lib/python3.12/site-packages/httpx/_models.py", line 829, in raise_for_status\n    raise HTTPStatusError(message, request=request, response=self)\nhttpx.HTTPStatusError: Client error \'403 Forbidden\' for url \'https://comunicaapi.pje.jus.br/api/v1/caderno/TRT10/2026-04-02/D\'\nFor more information check: https://developer.mozilla.org/en-US/docs/Web/HTTP/Status/403'}
Traceback (most recent call last):
  File "/home/franklin/workspace/causaganha/src/djen_backup/backfill.py", line 557, in backfill_process_date
    zip_url = await get_caderno_url(client, config.djen_proxy_url, tribunal, d)
              ^^^^^^^^^^^^^^^^^^^^^^^^^^^^^^^^^^^^^^^^^^^^^^^^^^^^^^^^^^^^^^^^^
  File "/home/franklin/workspace/causaganha/src/djen_backup/djen.py", line 77, in get_caderno_url
    resp.raise_for_status()
  File "/home/franklin/workspace/causaganha/.venv/lib/python3.12/site-packages/httpx/_models.py", line 829, in raise_for_status
    raise HTTPStatusError(message, request=request, response=self)
httpx.HTTPStatusError: Client error '403 Forbidden' for url 'https://comunicaapi.pje.jus.br/api/v1/caderno/TRT10/2026-04-02/D'
For more information check: https://developer.mozilla.org/en-US/docs/Web/HTTP/Status/403
2026-04-08 22:44:31,609 WARNING  djen_backup.backfill  {'tribunal': 'TRT10', 'date': '2026-04-02', 'event': 'backfill_item_error', 'level': 'warning', 'timestamp': '2026-04-09T02:44:31.609333Z'}
2026-04-08 22:44:31,657 INFO     httpx  HTTP Request: GET https://comunicaapi.pje.jus.br/api/v1/caderno/TRT10/2026-04-01/D "HTTP/1.1 403 Forbidden"
2026-04-08 22:44:31,659 ERROR    djen_backup.backfill  {'tribunal': 'TRT10', 'date': '2026-04-01', 'event': 'backfill_download_error', 'level': 'error', 'timestamp': '2026-04-09T02:44:31.659323Z', 'exception': 'Traceback (most recent call last):\n  File "/home/franklin/workspace/causaganha/src/djen_backup/backfill.py", line 557, in backfill_process_date\n    zip_url = await get_caderno_url(client, config.djen_proxy_url, tribunal, d)\n              ^^^^^^^^^^^^^^^^^^^^^^^^^^^^^^^^^^^^^^^^^^^^^^^^^^^^^^^^^^^^^^^^^\n  File "/home/franklin/workspace/causaganha/src/djen_backup/djen.py", line 77, in get_caderno_url\n    resp.raise_for_status()\n  File "/home/franklin/workspace/causaganha/.venv/lib/python3.12/site-packages/httpx/_models.py", line 829, in raise_for_status\n    raise HTTPStatusError(message, request=request, response=self)\nhttpx.HTTPStatusError: Client error \'403 Forbidden\' for url \'https://comunicaapi.pje.jus.br/api/v1/caderno/TRT10/2026-04-01/D\'\nFor more information check: https://developer.mozilla.org/en-US/docs/Web/HTTP/Status/403'}
Traceback (most recent call last):
  File "/home/franklin/workspace/causaganha/src/djen_backup/backfill.py", line 557, in backfill_process_date
    zip_url = await get_caderno_url(client, config.djen_proxy_url, tribunal, d)
              ^^^^^^^^^^^^^^^^^^^^^^^^^^^^^^^^^^^^^^^^^^^^^^^^^^^^^^^^^^^^^^^^^
  File "/home/franklin/workspace/causaganha/src/djen_backup/djen.py", line 77, in get_caderno_url
    resp.raise_for_status()
  File "/home/franklin/workspace/causaganha/.venv/lib/python3.12/site-packages/httpx/_models.py", line 829, in raise_for_status
    raise HTTPStatusError(message, request=request, response=self)
httpx.HTTPStatusError: Client error '403 Forbidden' for url 'https://comunicaapi.pje.jus.br/api/v1/caderno/TRT10/2026-04-01/D'
For more information check: https://developer.mozilla.org/en-US/docs/Web/HTTP/Status/403
2026-04-08 22:44:31,824 WARNING  djen_backup.backfill  {'tribunal': 'TRT10', 'date': '2026-04-01', 'event': 'backfill_item_error', 'level': 'warning', 'timestamp': '2026-04-09T02:44:31.824012Z'}
2026-04-08 22:44:31,825 WARNING  djen_backup.backfill  {'tribunal': 'TRT10', 'year': 2026, 'reason': '3 consecutive errors', 'event': 'backfill_tribunal_skipped', 'level': 'warning', 'timestamp': '2026-04-09T02:44:31.825417Z'}
2026-04-08 22:44:32,051 INFO     httpx  HTTP Request: GET https://archive.org/metadata/djen-trt11-2026/files "HTTP/1.1 200 OK"
2026-04-08 22:44:32,053 INFO     djen_backup.backfill  {'tribunal': 'TRT11', 'year': 2026, 'gaps': 46, 'event': 'backfill_tribunal_year', 'level': 'info', 'timestamp': '2026-04-09T02:44:32.053017Z'}
2026-04-08 22:44:32,102 INFO     httpx  HTTP Request: GET https://comunicaapi.pje.jus.br/api/v1/caderno/TRT11/2026-04-03/D "HTTP/1.1 403 Forbidden"
2026-04-08 22:44:32,104 ERROR    djen_backup.backfill  {'tribunal': 'TRT11', 'date': '2026-04-03', 'event': 'backfill_download_error', 'level': 'error', 'timestamp': '2026-04-09T02:44:32.103833Z', 'exception': 'Traceback (most recent call last):\n  File "/home/franklin/workspace/causaganha/src/djen_backup/backfill.py", line 557, in backfill_process_date\n    zip_url = await get_caderno_url(client, config.djen_proxy_url, tribunal, d)\n              ^^^^^^^^^^^^^^^^^^^^^^^^^^^^^^^^^^^^^^^^^^^^^^^^^^^^^^^^^^^^^^^^^\n  File "/home/franklin/workspace/causaganha/src/djen_backup/djen.py", line 77, in get_caderno_url\n    resp.raise_for_status()\n  File "/home/franklin/workspace/causaganha/.venv/lib/python3.12/site-packages/httpx/_models.py", line 829, in raise_for_status\n    raise HTTPStatusError(message, request=request, response=self)\nhttpx.HTTPStatusError: Client error \'403 Forbidden\' for url \'https://comunicaapi.pje.jus.br/api/v1/caderno/TRT11/2026-04-03/D\'\nFor more information check: https://developer.mozilla.org/en-US/docs/Web/HTTP/Status/403'}
Traceback (most recent call last):
  File "/home/franklin/workspace/causaganha/src/djen_backup/backfill.py", line 557, in backfill_process_date
    zip_url = await get_caderno_url(client, config.djen_proxy_url, tribunal, d)
              ^^^^^^^^^^^^^^^^^^^^^^^^^^^^^^^^^^^^^^^^^^^^^^^^^^^^^^^^^^^^^^^^^
  File "/home/franklin/workspace/causaganha/src/djen_backup/djen.py", line 77, in get_caderno_url
    resp.raise_for_status()
  File "/home/franklin/workspace/causaganha/.venv/lib/python3.12/site-packages/httpx/_models.py", line 829, in raise_for_status
    raise HTTPStatusError(message, request=request, response=self)
httpx.HTTPStatusError: Client error '403 Forbidden' for url 'https://comunicaapi.pje.jus.br/api/v1/caderno/TRT11/2026-04-03/D'
For more information check: https://developer.mozilla.org/en-US/docs/Web/HTTP/Status/403
2026-04-08 22:44:32,179 WARNING  djen_backup.backfill  {'tribunal': 'TRT11', 'date': '2026-04-03', 'event': 'backfill_item_error', 'level': 'warning', 'timestamp': '2026-04-09T02:44:32.179630Z'}
2026-04-08 22:44:32,227 INFO     httpx  HTTP Request: GET https://comunicaapi.pje.jus.br/api/v1/caderno/TRT11/2026-04-02/D "HTTP/1.1 403 Forbidden"
2026-04-08 22:44:32,229 ERROR    djen_backup.backfill  {'tribunal': 'TRT11', 'date': '2026-04-02', 'event': 'backfill_download_error', 'level': 'error', 'timestamp': '2026-04-09T02:44:32.228937Z', 'exception': 'Traceback (most recent call last):\n  File "/home/franklin/workspace/causaganha/src/djen_backup/backfill.py", line 557, in backfill_process_date\n    zip_url = await get_caderno_url(client, config.djen_proxy_url, tribunal, d)\n              ^^^^^^^^^^^^^^^^^^^^^^^^^^^^^^^^^^^^^^^^^^^^^^^^^^^^^^^^^^^^^^^^^\n  File "/home/franklin/workspace/causaganha/src/djen_backup/djen.py", line 77, in get_caderno_url\n    resp.raise_for_status()\n  File "/home/franklin/workspace/causaganha/.venv/lib/python3.12/site-packages/httpx/_models.py", line 829, in raise_for_status\n    raise HTTPStatusError(message, request=request, response=self)\nhttpx.HTTPStatusError: Client error \'403 Forbidden\' for url \'https://comunicaapi.pje.jus.br/api/v1/caderno/TRT11/2026-04-02/D\'\nFor more information check: https://developer.mozilla.org/en-US/docs/Web/HTTP/Status/403'}
Traceback (most recent call last):
  File "/home/franklin/workspace/causaganha/src/djen_backup/backfill.py", line 557, in backfill_process_date
    zip_url = await get_caderno_url(client, config.djen_proxy_url, tribunal, d)
              ^^^^^^^^^^^^^^^^^^^^^^^^^^^^^^^^^^^^^^^^^^^^^^^^^^^^^^^^^^^^^^^^^
  File "/home/franklin/workspace/causaganha/src/djen_backup/djen.py", line 77, in get_caderno_url
    resp.raise_for_status()
  File "/home/franklin/workspace/causaganha/.venv/lib/python3.12/site-packages/httpx/_models.py", line 829, in raise_for_status
    raise HTTPStatusError(message, request=request, response=self)
httpx.HTTPStatusError: Client error '403 Forbidden' for url 'https://comunicaapi.pje.jus.br/api/v1/caderno/TRT11/2026-04-02/D'
For more information check: https://developer.mozilla.org/en-US/docs/Web/HTTP/Status/403
2026-04-08 22:44:32,308 WARNING  djen_backup.backfill  {'tribunal': 'TRT11', 'date': '2026-04-02', 'event': 'backfill_item_error', 'level': 'warning', 'timestamp': '2026-04-09T02:44:32.308886Z'}
2026-04-08 22:44:32,357 INFO     httpx  HTTP Request: GET https://comunicaapi.pje.jus.br/api/v1/caderno/TRT11/2026-04-01/D "HTTP/1.1 403 Forbidden"
2026-04-08 22:44:32,360 ERROR    djen_backup.backfill  {'tribunal': 'TRT11', 'date': '2026-04-01', 'event': 'backfill_download_error', 'level': 'error', 'timestamp': '2026-04-09T02:44:32.359930Z', 'exception': 'Traceback (most recent call last):\n  File "/home/franklin/workspace/causaganha/src/djen_backup/backfill.py", line 557, in backfill_process_date\n    zip_url = await get_caderno_url(client, config.djen_proxy_url, tribunal, d)\n              ^^^^^^^^^^^^^^^^^^^^^^^^^^^^^^^^^^^^^^^^^^^^^^^^^^^^^^^^^^^^^^^^^\n  File "/home/franklin/workspace/causaganha/src/djen_backup/djen.py", line 77, in get_caderno_url\n    resp.raise_for_status()\n  File "/home/franklin/workspace/causaganha/.venv/lib/python3.12/site-packages/httpx/_models.py", line 829, in raise_for_status\n    raise HTTPStatusError(message, request=request, response=self)\nhttpx.HTTPStatusError: Client error \'403 Forbidden\' for url \'https://comunicaapi.pje.jus.br/api/v1/caderno/TRT11/2026-04-01/D\'\nFor more information check: https://developer.mozilla.org/en-US/docs/Web/HTTP/Status/403'}
Traceback (most recent call last):
  File "/home/franklin/workspace/causaganha/src/djen_backup/backfill.py", line 557, in backfill_process_date
    zip_url = await get_caderno_url(client, config.djen_proxy_url, tribunal, d)
              ^^^^^^^^^^^^^^^^^^^^^^^^^^^^^^^^^^^^^^^^^^^^^^^^^^^^^^^^^^^^^^^^^
  File "/home/franklin/workspace/causaganha/src/djen_backup/djen.py", line 77, in get_caderno_url
    resp.raise_for_status()
  File "/home/franklin/workspace/causaganha/.venv/lib/python3.12/site-packages/httpx/_models.py", line 829, in raise_for_status
    raise HTTPStatusError(message, request=request, response=self)
httpx.HTTPStatusError: Client error '403 Forbidden' for url 'https://comunicaapi.pje.jus.br/api/v1/caderno/TRT11/2026-04-01/D'
For more information check: https://developer.mozilla.org/en-US/docs/Web/HTTP/Status/403
2026-04-08 22:44:32,438 WARNING  djen_backup.backfill  {'tribunal': 'TRT11', 'date': '2026-04-01', 'event': 'backfill_item_error', 'level': 'warning', 'timestamp': '2026-04-09T02:44:32.438651Z'}
2026-04-08 22:44:32,440 WARNING  djen_backup.backfill  {'tribunal': 'TRT11', 'year': 2026, 'reason': '3 consecutive errors', 'event': 'backfill_tribunal_skipped', 'level': 'warning', 'timestamp': '2026-04-09T02:44:32.440785Z'}
2026-04-08 22:44:32,679 INFO     httpx  HTTP Request: GET https://archive.org/metadata/djen-trt12-2026/files "HTTP/1.1 200 OK"
2026-04-08 22:44:32,681 INFO     djen_backup.backfill  {'tribunal': 'TRT12', 'year': 2026, 'gaps': 39, 'event': 'backfill_tribunal_year', 'level': 'info', 'timestamp': '2026-04-09T02:44:32.681241Z'}
2026-04-08 22:44:32,728 INFO     httpx  HTTP Request: GET https://comunicaapi.pje.jus.br/api/v1/caderno/TRT12/2026-04-03/D "HTTP/1.1 403 Forbidden"
2026-04-08 22:44:32,730 ERROR    djen_backup.backfill  {'tribunal': 'TRT12', 'date': '2026-04-03', 'event': 'backfill_download_error', 'level': 'error', 'timestamp': '2026-04-09T02:44:32.730547Z', 'exception': 'Traceback (most recent call last):\n  File "/home/franklin/workspace/causaganha/src/djen_backup/backfill.py", line 557, in backfill_process_date\n    zip_url = await get_caderno_url(client, config.djen_proxy_url, tribunal, d)\n              ^^^^^^^^^^^^^^^^^^^^^^^^^^^^^^^^^^^^^^^^^^^^^^^^^^^^^^^^^^^^^^^^^\n  File "/home/franklin/workspace/causaganha/src/djen_backup/djen.py", line 77, in get_caderno_url\n    resp.raise_for_status()\n  File "/home/franklin/workspace/causaganha/.venv/lib/python3.12/site-packages/httpx/_models.py", line 829, in raise_for_status\n    raise HTTPStatusError(message, request=request, response=self)\nhttpx.HTTPStatusError: Client error \'403 Forbidden\' for url \'https://comunicaapi.pje.jus.br/api/v1/caderno/TRT12/2026-04-03/D\'\nFor more information check: https://developer.mozilla.org/en-US/docs/Web/HTTP/Status/403'}
Traceback (most recent call last):
  File "/home/franklin/workspace/causaganha/src/djen_backup/backfill.py", line 557, in backfill_process_date
    zip_url = await get_caderno_url(client, config.djen_proxy_url, tribunal, d)
              ^^^^^^^^^^^^^^^^^^^^^^^^^^^^^^^^^^^^^^^^^^^^^^^^^^^^^^^^^^^^^^^^^
  File "/home/franklin/workspace/causaganha/src/djen_backup/djen.py", line 77, in get_caderno_url
    resp.raise_for_status()
  File "/home/franklin/workspace/causaganha/.venv/lib/python3.12/site-packages/httpx/_models.py", line 829, in raise_for_status
    raise HTTPStatusError(message, request=request, response=self)
httpx.HTTPStatusError: Client error '403 Forbidden' for url 'https://comunicaapi.pje.jus.br/api/v1/caderno/TRT12/2026-04-03/D'
For more information check: https://developer.mozilla.org/en-US/docs/Web/HTTP/Status/403
2026-04-08 22:44:32,805 WARNING  djen_backup.backfill  {'tribunal': 'TRT12', 'date': '2026-04-03', 'event': 'backfill_item_error', 'level': 'warning', 'timestamp': '2026-04-09T02:44:32.805134Z'}
2026-04-08 22:44:32,853 INFO     httpx  HTTP Request: GET https://comunicaapi.pje.jus.br/api/v1/caderno/TRT12/2026-04-02/D "HTTP/1.1 403 Forbidden"
2026-04-08 22:44:32,855 ERROR    djen_backup.backfill  {'tribunal': 'TRT12', 'date': '2026-04-02', 'event': 'backfill_download_error', 'level': 'error', 'timestamp': '2026-04-09T02:44:32.855358Z', 'exception': 'Traceback (most recent call last):\n  File "/home/franklin/workspace/causaganha/src/djen_backup/backfill.py", line 557, in backfill_process_date\n    zip_url = await get_caderno_url(client, config.djen_proxy_url, tribunal, d)\n              ^^^^^^^^^^^^^^^^^^^^^^^^^^^^^^^^^^^^^^^^^^^^^^^^^^^^^^^^^^^^^^^^^\n  File "/home/franklin/workspace/causaganha/src/djen_backup/djen.py", line 77, in get_caderno_url\n    resp.raise_for_status()\n  File "/home/franklin/workspace/causaganha/.venv/lib/python3.12/site-packages/httpx/_models.py", line 829, in raise_for_status\n    raise HTTPStatusError(message, request=request, response=self)\nhttpx.HTTPStatusError: Client error \'403 Forbidden\' for url \'https://comunicaapi.pje.jus.br/api/v1/caderno/TRT12/2026-04-02/D\'\nFor more information check: https://developer.mozilla.org/en-US/docs/Web/HTTP/Status/403'}
Traceback (most recent call last):
  File "/home/franklin/workspace/causaganha/src/djen_backup/backfill.py", line 557, in backfill_process_date
    zip_url = await get_caderno_url(client, config.djen_proxy_url, tribunal, d)
              ^^^^^^^^^^^^^^^^^^^^^^^^^^^^^^^^^^^^^^^^^^^^^^^^^^^^^^^^^^^^^^^^^
  File "/home/franklin/workspace/causaganha/src/djen_backup/djen.py", line 77, in get_caderno_url
    resp.raise_for_status()
  File "/home/franklin/workspace/causaganha/.venv/lib/python3.12/site-packages/httpx/_models.py", line 829, in raise_for_status
    raise HTTPStatusError(message, request=request, response=self)
httpx.HTTPStatusError: Client error '403 Forbidden' for url 'https://comunicaapi.pje.jus.br/api/v1/caderno/TRT12/2026-04-02/D'
For more information check: https://developer.mozilla.org/en-US/docs/Web/HTTP/Status/403
2026-04-08 22:44:32,941 WARNING  djen_backup.backfill  {'tribunal': 'TRT12', 'date': '2026-04-02', 'event': 'backfill_item_error', 'level': 'warning', 'timestamp': '2026-04-09T02:44:32.941409Z'}
2026-04-08 22:44:32,989 INFO     httpx  HTTP Request: GET https://comunicaapi.pje.jus.br/api/v1/caderno/TRT12/2026-04-01/D "HTTP/1.1 403 Forbidden"
2026-04-08 22:44:32,991 ERROR    djen_backup.backfill  {'tribunal': 'TRT12', 'date': '2026-04-01', 'event': 'backfill_download_error', 'level': 'error', 'timestamp': '2026-04-09T02:44:32.991192Z', 'exception': 'Traceback (most recent call last):\n  File "/home/franklin/workspace/causaganha/src/djen_backup/backfill.py", line 557, in backfill_process_date\n    zip_url = await get_caderno_url(client, config.djen_proxy_url, tribunal, d)\n              ^^^^^^^^^^^^^^^^^^^^^^^^^^^^^^^^^^^^^^^^^^^^^^^^^^^^^^^^^^^^^^^^^\n  File "/home/franklin/workspace/causaganha/src/djen_backup/djen.py", line 77, in get_caderno_url\n    resp.raise_for_status()\n  File "/home/franklin/workspace/causaganha/.venv/lib/python3.12/site-packages/httpx/_models.py", line 829, in raise_for_status\n    raise HTTPStatusError(message, request=request, response=self)\nhttpx.HTTPStatusError: Client error \'403 Forbidden\' for url \'https://comunicaapi.pje.jus.br/api/v1/caderno/TRT12/2026-04-01/D\'\nFor more information check: https://developer.mozilla.org/en-US/docs/Web/HTTP/Status/403'}
Traceback (most recent call last):
  File "/home/franklin/workspace/causaganha/src/djen_backup/backfill.py", line 557, in backfill_process_date
    zip_url = await get_caderno_url(client, config.djen_proxy_url, tribunal, d)
              ^^^^^^^^^^^^^^^^^^^^^^^^^^^^^^^^^^^^^^^^^^^^^^^^^^^^^^^^^^^^^^^^^
  File "/home/franklin/workspace/causaganha/src/djen_backup/djen.py", line 77, in get_caderno_url
    resp.raise_for_status()
  File "/home/franklin/workspace/causaganha/.venv/lib/python3.12/site-packages/httpx/_models.py", line 829, in raise_for_status
    raise HTTPStatusError(message, request=request, response=self)
httpx.HTTPStatusError: Client error '403 Forbidden' for url 'https://comunicaapi.pje.jus.br/api/v1/caderno/TRT12/2026-04-01/D'
For more information check: https://developer.mozilla.org/en-US/docs/Web/HTTP/Status/403
2026-04-08 22:44:33,084 WARNING  djen_backup.backfill  {'tribunal': 'TRT12', 'date': '2026-04-01', 'event': 'backfill_item_error', 'level': 'warning', 'timestamp': '2026-04-09T02:44:33.084508Z'}
2026-04-08 22:44:33,085 WARNING  djen_backup.backfill  {'tribunal': 'TRT12', 'year': 2026, 'reason': '3 consecutive errors', 'event': 'backfill_tribunal_skipped', 'level': 'warning', 'timestamp': '2026-04-09T02:44:33.085545Z'}
2026-04-08 22:44:33,427 INFO     httpx  HTTP Request: GET https://archive.org/metadata/djen-trt13-2026/files "HTTP/1.1 200 OK"
2026-04-08 22:44:33,429 INFO     djen_backup.backfill  {'tribunal': 'TRT13', 'year': 2026, 'gaps': 36, 'event': 'backfill_tribunal_year', 'level': 'info', 'timestamp': '2026-04-09T02:44:33.429459Z'}
2026-04-08 22:44:33,477 INFO     httpx  HTTP Request: GET https://comunicaapi.pje.jus.br/api/v1/caderno/TRT13/2026-04-03/D "HTTP/1.1 403 Forbidden"
2026-04-08 22:44:33,478 ERROR    djen_backup.backfill  {'tribunal': 'TRT13', 'date': '2026-04-03', 'event': 'backfill_download_error', 'level': 'error', 'timestamp': '2026-04-09T02:44:33.478172Z', 'exception': 'Traceback (most recent call last):\n  File "/home/franklin/workspace/causaganha/src/djen_backup/backfill.py", line 557, in backfill_process_date\n    zip_url = await get_caderno_url(client, config.djen_proxy_url, tribunal, d)\n              ^^^^^^^^^^^^^^^^^^^^^^^^^^^^^^^^^^^^^^^^^^^^^^^^^^^^^^^^^^^^^^^^^\n  File "/home/franklin/workspace/causaganha/src/djen_backup/djen.py", line 77, in get_caderno_url\n    resp.raise_for_status()\n  File "/home/franklin/workspace/causaganha/.venv/lib/python3.12/site-packages/httpx/_models.py", line 829, in raise_for_status\n    raise HTTPStatusError(message, request=request, response=self)\nhttpx.HTTPStatusError: Client error \'403 Forbidden\' for url \'https://comunicaapi.pje.jus.br/api/v1/caderno/TRT13/2026-04-03/D\'\nFor more information check: https://developer.mozilla.org/en-US/docs/Web/HTTP/Status/403'}
Traceback (most recent call last):
  File "/home/franklin/workspace/causaganha/src/djen_backup/backfill.py", line 557, in backfill_process_date
    zip_url = await get_caderno_url(client, config.djen_proxy_url, tribunal, d)
              ^^^^^^^^^^^^^^^^^^^^^^^^^^^^^^^^^^^^^^^^^^^^^^^^^^^^^^^^^^^^^^^^^
  File "/home/franklin/workspace/causaganha/src/djen_backup/djen.py", line 77, in get_caderno_url
    resp.raise_for_status()
  File "/home/franklin/workspace/causaganha/.venv/lib/python3.12/site-packages/httpx/_models.py", line 829, in raise_for_status
    raise HTTPStatusError(message, request=request, response=self)
httpx.HTTPStatusError: Client error '403 Forbidden' for url 'https://comunicaapi.pje.jus.br/api/v1/caderno/TRT13/2026-04-03/D'
For more information check: https://developer.mozilla.org/en-US/docs/Web/HTTP/Status/403
2026-04-08 22:44:33,550 WARNING  djen_backup.backfill  {'tribunal': 'TRT13', 'date': '2026-04-03', 'event': 'backfill_item_error', 'level': 'warning', 'timestamp': '2026-04-09T02:44:33.550042Z'}
2026-04-08 22:44:33,597 INFO     httpx  HTTP Request: GET https://comunicaapi.pje.jus.br/api/v1/caderno/TRT13/2026-04-02/D "HTTP/1.1 403 Forbidden"
2026-04-08 22:44:33,599 ERROR    djen_backup.backfill  {'tribunal': 'TRT13', 'date': '2026-04-02', 'event': 'backfill_download_error', 'level': 'error', 'timestamp': '2026-04-09T02:44:33.599042Z', 'exception': 'Traceback (most recent call last):\n  File "/home/franklin/workspace/causaganha/src/djen_backup/backfill.py", line 557, in backfill_process_date\n    zip_url = await get_caderno_url(client, config.djen_proxy_url, tribunal, d)\n              ^^^^^^^^^^^^^^^^^^^^^^^^^^^^^^^^^^^^^^^^^^^^^^^^^^^^^^^^^^^^^^^^^\n  File "/home/franklin/workspace/causaganha/src/djen_backup/djen.py", line 77, in get_caderno_url\n    resp.raise_for_status()\n  File "/home/franklin/workspace/causaganha/.venv/lib/python3.12/site-packages/httpx/_models.py", line 829, in raise_for_status\n    raise HTTPStatusError(message, request=request, response=self)\nhttpx.HTTPStatusError: Client error \'403 Forbidden\' for url \'https://comunicaapi.pje.jus.br/api/v1/caderno/TRT13/2026-04-02/D\'\nFor more information check: https://developer.mozilla.org/en-US/docs/Web/HTTP/Status/403'}
Traceback (most recent call last):
  File "/home/franklin/workspace/causaganha/src/djen_backup/backfill.py", line 557, in backfill_process_date
    zip_url = await get_caderno_url(client, config.djen_proxy_url, tribunal, d)
              ^^^^^^^^^^^^^^^^^^^^^^^^^^^^^^^^^^^^^^^^^^^^^^^^^^^^^^^^^^^^^^^^^
  File "/home/franklin/workspace/causaganha/src/djen_backup/djen.py", line 77, in get_caderno_url
    resp.raise_for_status()
  File "/home/franklin/workspace/causaganha/.venv/lib/python3.12/site-packages/httpx/_models.py", line 829, in raise_for_status
    raise HTTPStatusError(message, request=request, response=self)
httpx.HTTPStatusError: Client error '403 Forbidden' for url 'https://comunicaapi.pje.jus.br/api/v1/caderno/TRT13/2026-04-02/D'
For more information check: https://developer.mozilla.org/en-US/docs/Web/HTTP/Status/403
2026-04-08 22:44:33,819 WARNING  djen_backup.backfill  {'tribunal': 'TRT13', 'date': '2026-04-02', 'event': 'backfill_item_error', 'level': 'warning', 'timestamp': '2026-04-09T02:44:33.819231Z'}
2026-04-08 22:44:33,868 INFO     httpx  HTTP Request: GET https://comunicaapi.pje.jus.br/api/v1/caderno/TRT13/2026-04-01/D "HTTP/1.1 403 Forbidden"
2026-04-08 22:44:33,871 ERROR    djen_backup.backfill  {'tribunal': 'TRT13', 'date': '2026-04-01', 'event': 'backfill_download_error', 'level': 'error', 'timestamp': '2026-04-09T02:44:33.870575Z', 'exception': 'Traceback (most recent call last):\n  File "/home/franklin/workspace/causaganha/src/djen_backup/backfill.py", line 557, in backfill_process_date\n    zip_url = await get_caderno_url(client, config.djen_proxy_url, tribunal, d)\n              ^^^^^^^^^^^^^^^^^^^^^^^^^^^^^^^^^^^^^^^^^^^^^^^^^^^^^^^^^^^^^^^^^\n  File "/home/franklin/workspace/causaganha/src/djen_backup/djen.py", line 77, in get_caderno_url\n    resp.raise_for_status()\n  File "/home/franklin/workspace/causaganha/.venv/lib/python3.12/site-packages/httpx/_models.py", line 829, in raise_for_status\n    raise HTTPStatusError(message, request=request, response=self)\nhttpx.HTTPStatusError: Client error \'403 Forbidden\' for url \'https://comunicaapi.pje.jus.br/api/v1/caderno/TRT13/2026-04-01/D\'\nFor more information check: https://developer.mozilla.org/en-US/docs/Web/HTTP/Status/403'}
Traceback (most recent call last):
  File "/home/franklin/workspace/causaganha/src/djen_backup/backfill.py", line 557, in backfill_process_date
    zip_url = await get_caderno_url(client, config.djen_proxy_url, tribunal, d)
              ^^^^^^^^^^^^^^^^^^^^^^^^^^^^^^^^^^^^^^^^^^^^^^^^^^^^^^^^^^^^^^^^^
  File "/home/franklin/workspace/causaganha/src/djen_backup/djen.py", line 77, in get_caderno_url
    resp.raise_for_status()
  File "/home/franklin/workspace/causaganha/.venv/lib/python3.12/site-packages/httpx/_models.py", line 829, in raise_for_status
    raise HTTPStatusError(message, request=request, response=self)
httpx.HTTPStatusError: Client error '403 Forbidden' for url 'https://comunicaapi.pje.jus.br/api/v1/caderno/TRT13/2026-04-01/D'
For more information check: https://developer.mozilla.org/en-US/docs/Web/HTTP/Status/403
2026-04-08 22:44:34,192 WARNING  djen_backup.backfill  {'tribunal': 'TRT13', 'date': '2026-04-01', 'event': 'backfill_item_error', 'level': 'warning', 'timestamp': '2026-04-09T02:44:34.192501Z'}
2026-04-08 22:44:34,205 WARNING  djen_backup.backfill  {'tribunal': 'TRT13', 'year': 2026, 'reason': '3 consecutive errors', 'event': 'backfill_tribunal_skipped', 'level': 'warning', 'timestamp': '2026-04-09T02:44:34.205426Z'}
2026-04-08 22:44:34,461 INFO     httpx  HTTP Request: GET https://archive.org/metadata/djen-trt14-2026/files "HTTP/1.1 200 OK"
2026-04-08 22:44:34,465 INFO     djen_backup.backfill  {'tribunal': 'TRT14', 'year': 2026, 'gaps': 36, 'event': 'backfill_tribunal_year', 'level': 'info', 'timestamp': '2026-04-09T02:44:34.465068Z'}
2026-04-08 22:44:34,517 INFO     httpx  HTTP Request: GET https://comunicaapi.pje.jus.br/api/v1/caderno/TRT14/2026-04-03/D "HTTP/1.1 403 Forbidden"
2026-04-08 22:44:34,520 ERROR    djen_backup.backfill  {'tribunal': 'TRT14', 'date': '2026-04-03', 'event': 'backfill_download_error', 'level': 'error', 'timestamp': '2026-04-09T02:44:34.519527Z', 'exception': 'Traceback (most recent call last):\n  File "/home/franklin/workspace/causaganha/src/djen_backup/backfill.py", line 557, in backfill_process_date\n    zip_url = await get_caderno_url(client, config.djen_proxy_url, tribunal, d)\n              ^^^^^^^^^^^^^^^^^^^^^^^^^^^^^^^^^^^^^^^^^^^^^^^^^^^^^^^^^^^^^^^^^\n  File "/home/franklin/workspace/causaganha/src/djen_backup/djen.py", line 77, in get_caderno_url\n    resp.raise_for_status()\n  File "/home/franklin/workspace/causaganha/.venv/lib/python3.12/site-packages/httpx/_models.py", line 829, in raise_for_status\n    raise HTTPStatusError(message, request=request, response=self)\nhttpx.HTTPStatusError: Client error \'403 Forbidden\' for url \'https://comunicaapi.pje.jus.br/api/v1/caderno/TRT14/2026-04-03/D\'\nFor more information check: https://developer.mozilla.org/en-US/docs/Web/HTTP/Status/403'}
Traceback (most recent call last):
  File "/home/franklin/workspace/causaganha/src/djen_backup/backfill.py", line 557, in backfill_process_date
    zip_url = await get_caderno_url(client, config.djen_proxy_url, tribunal, d)
              ^^^^^^^^^^^^^^^^^^^^^^^^^^^^^^^^^^^^^^^^^^^^^^^^^^^^^^^^^^^^^^^^^
  File "/home/franklin/workspace/causaganha/src/djen_backup/djen.py", line 77, in get_caderno_url
    resp.raise_for_status()
  File "/home/franklin/workspace/causaganha/.venv/lib/python3.12/site-packages/httpx/_models.py", line 829, in raise_for_status
    raise HTTPStatusError(message, request=request, response=self)
httpx.HTTPStatusError: Client error '403 Forbidden' for url 'https://comunicaapi.pje.jus.br/api/v1/caderno/TRT14/2026-04-03/D'
For more information check: https://developer.mozilla.org/en-US/docs/Web/HTTP/Status/403
2026-04-08 22:44:34,870 WARNING  djen_backup.backfill  {'tribunal': 'TRT14', 'date': '2026-04-03', 'event': 'backfill_item_error', 'level': 'warning', 'timestamp': '2026-04-09T02:44:34.870198Z'}
2026-04-08 22:44:34,927 INFO     httpx  HTTP Request: GET https://comunicaapi.pje.jus.br/api/v1/caderno/TRT14/2026-04-02/D "HTTP/1.1 403 Forbidden"
2026-04-08 22:44:34,929 ERROR    djen_backup.backfill  {'tribunal': 'TRT14', 'date': '2026-04-02', 'event': 'backfill_download_error', 'level': 'error', 'timestamp': '2026-04-09T02:44:34.929500Z', 'exception': 'Traceback (most recent call last):\n  File "/home/franklin/workspace/causaganha/src/djen_backup/backfill.py", line 557, in backfill_process_date\n    zip_url = await get_caderno_url(client, config.djen_proxy_url, tribunal, d)\n              ^^^^^^^^^^^^^^^^^^^^^^^^^^^^^^^^^^^^^^^^^^^^^^^^^^^^^^^^^^^^^^^^^\n  File "/home/franklin/workspace/causaganha/src/djen_backup/djen.py", line 77, in get_caderno_url\n    resp.raise_for_status()\n  File "/home/franklin/workspace/causaganha/.venv/lib/python3.12/site-packages/httpx/_models.py", line 829, in raise_for_status\n    raise HTTPStatusError(message, request=request, response=self)\nhttpx.HTTPStatusError: Client error \'403 Forbidden\' for url \'https://comunicaapi.pje.jus.br/api/v1/caderno/TRT14/2026-04-02/D\'\nFor more information check: https://developer.mozilla.org/en-US/docs/Web/HTTP/Status/403'}
Traceback (most recent call last):
  File "/home/franklin/workspace/causaganha/src/djen_backup/backfill.py", line 557, in backfill_process_date
    zip_url = await get_caderno_url(client, config.djen_proxy_url, tribunal, d)
              ^^^^^^^^^^^^^^^^^^^^^^^^^^^^^^^^^^^^^^^^^^^^^^^^^^^^^^^^^^^^^^^^^
  File "/home/franklin/workspace/causaganha/src/djen_backup/djen.py", line 77, in get_caderno_url
    resp.raise_for_status()
  File "/home/franklin/workspace/causaganha/.venv/lib/python3.12/site-packages/httpx/_models.py", line 829, in raise_for_status
    raise HTTPStatusError(message, request=request, response=self)
httpx.HTTPStatusError: Client error '403 Forbidden' for url 'https://comunicaapi.pje.jus.br/api/v1/caderno/TRT14/2026-04-02/D'
For more information check: https://developer.mozilla.org/en-US/docs/Web/HTTP/Status/403
2026-04-08 22:44:35,124 WARNING  djen_backup.backfill  {'tribunal': 'TRT14', 'date': '2026-04-02', 'event': 'backfill_item_error', 'level': 'warning', 'timestamp': '2026-04-09T02:44:35.115351Z'}
2026-04-08 22:44:35,174 INFO     httpx  HTTP Request: GET https://comunicaapi.pje.jus.br/api/v1/caderno/TRT14/2026-04-01/D "HTTP/1.1 403 Forbidden"
2026-04-08 22:44:35,178 ERROR    djen_backup.backfill  {'tribunal': 'TRT14', 'date': '2026-04-01', 'event': 'backfill_download_error', 'level': 'error', 'timestamp': '2026-04-09T02:44:35.177599Z', 'exception': 'Traceback (most recent call last):\n  File "/home/franklin/workspace/causaganha/src/djen_backup/backfill.py", line 557, in backfill_process_date\n    zip_url = await get_caderno_url(client, config.djen_proxy_url, tribunal, d)\n              ^^^^^^^^^^^^^^^^^^^^^^^^^^^^^^^^^^^^^^^^^^^^^^^^^^^^^^^^^^^^^^^^^\n  File "/home/franklin/workspace/causaganha/src/djen_backup/djen.py", line 77, in get_caderno_url\n    resp.raise_for_status()\n  File "/home/franklin/workspace/causaganha/.venv/lib/python3.12/site-packages/httpx/_models.py", line 829, in raise_for_status\n    raise HTTPStatusError(message, request=request, response=self)\nhttpx.HTTPStatusError: Client error \'403 Forbidden\' for url \'https://comunicaapi.pje.jus.br/api/v1/caderno/TRT14/2026-04-01/D\'\nFor more information check: https://developer.mozilla.org/en-US/docs/Web/HTTP/Status/403'}
Traceback (most recent call last):
  File "/home/franklin/workspace/causaganha/src/djen_backup/backfill.py", line 557, in backfill_process_date
    zip_url = await get_caderno_url(client, config.djen_proxy_url, tribunal, d)
              ^^^^^^^^^^^^^^^^^^^^^^^^^^^^^^^^^^^^^^^^^^^^^^^^^^^^^^^^^^^^^^^^^
  File "/home/franklin/workspace/causaganha/src/djen_backup/djen.py", line 77, in get_caderno_url
    resp.raise_for_status()
  File "/home/franklin/workspace/causaganha/.venv/lib/python3.12/site-packages/httpx/_models.py", line 829, in raise_for_status
    raise HTTPStatusError(message, request=request, response=self)
httpx.HTTPStatusError: Client error '403 Forbidden' for url 'https://comunicaapi.pje.jus.br/api/v1/caderno/TRT14/2026-04-01/D'
For more information check: https://developer.mozilla.org/en-US/docs/Web/HTTP/Status/403
2026-04-08 22:44:35,311 WARNING  djen_backup.backfill  {'tribunal': 'TRT14', 'date': '2026-04-01', 'event': 'backfill_item_error', 'level': 'warning', 'timestamp': '2026-04-09T02:44:35.311430Z'}
2026-04-08 22:44:35,312 WARNING  djen_backup.backfill  {'tribunal': 'TRT14', 'year': 2026, 'reason': '3 consecutive errors', 'event': 'backfill_tribunal_skipped', 'level': 'warning', 'timestamp': '2026-04-09T02:44:35.312539Z'}
2026-04-08 22:44:35,552 INFO     httpx  HTTP Request: GET https://archive.org/metadata/djen-trt15-2026/files "HTTP/1.1 200 OK"
2026-04-08 22:44:35,558 INFO     djen_backup.backfill  {'tribunal': 'TRT15', 'year': 2026, 'gaps': 36, 'event': 'backfill_tribunal_year', 'level': 'info', 'timestamp': '2026-04-09T02:44:35.558009Z'}
2026-04-08 22:44:35,611 INFO     httpx  HTTP Request: GET https://comunicaapi.pje.jus.br/api/v1/caderno/TRT15/2026-04-03/D "HTTP/1.1 403 Forbidden"
2026-04-08 22:44:35,615 ERROR    djen_backup.backfill  {'tribunal': 'TRT15', 'date': '2026-04-03', 'event': 'backfill_download_error', 'level': 'error', 'timestamp': '2026-04-09T02:44:35.615057Z', 'exception': 'Traceback (most recent call last):\n  File "/home/franklin/workspace/causaganha/src/djen_backup/backfill.py", line 557, in backfill_process_date\n    zip_url = await get_caderno_url(client, config.djen_proxy_url, tribunal, d)\n              ^^^^^^^^^^^^^^^^^^^^^^^^^^^^^^^^^^^^^^^^^^^^^^^^^^^^^^^^^^^^^^^^^\n  File "/home/franklin/workspace/causaganha/src/djen_backup/djen.py", line 77, in get_caderno_url\n    resp.raise_for_status()\n  File "/home/franklin/workspace/causaganha/.venv/lib/python3.12/site-packages/httpx/_models.py", line 829, in raise_for_status\n    raise HTTPStatusError(message, request=request, response=self)\nhttpx.HTTPStatusError: Client error \'403 Forbidden\' for url \'https://comunicaapi.pje.jus.br/api/v1/caderno/TRT15/2026-04-03/D\'\nFor more information check: https://developer.mozilla.org/en-US/docs/Web/HTTP/Status/403'}
Traceback (most recent call last):
  File "/home/franklin/workspace/causaganha/src/djen_backup/backfill.py", line 557, in backfill_process_date
    zip_url = await get_caderno_url(client, config.djen_proxy_url, tribunal, d)
              ^^^^^^^^^^^^^^^^^^^^^^^^^^^^^^^^^^^^^^^^^^^^^^^^^^^^^^^^^^^^^^^^^
  File "/home/franklin/workspace/causaganha/src/djen_backup/djen.py", line 77, in get_caderno_url
    resp.raise_for_status()
  File "/home/franklin/workspace/causaganha/.venv/lib/python3.12/site-packages/httpx/_models.py", line 829, in raise_for_status
    raise HTTPStatusError(message, request=request, response=self)
httpx.HTTPStatusError: Client error '403 Forbidden' for url 'https://comunicaapi.pje.jus.br/api/v1/caderno/TRT15/2026-04-03/D'
For more information check: https://developer.mozilla.org/en-US/docs/Web/HTTP/Status/403
2026-04-08 22:44:35,707 WARNING  djen_backup.backfill  {'tribunal': 'TRT15', 'date': '2026-04-03', 'event': 'backfill_item_error', 'level': 'warning', 'timestamp': '2026-04-09T02:44:35.707876Z'}
2026-04-08 22:44:35,756 INFO     httpx  HTTP Request: GET https://comunicaapi.pje.jus.br/api/v1/caderno/TRT15/2026-04-02/D "HTTP/1.1 403 Forbidden"
2026-04-08 22:44:35,757 ERROR    djen_backup.backfill  {'tribunal': 'TRT15', 'date': '2026-04-02', 'event': 'backfill_download_error', 'level': 'error', 'timestamp': '2026-04-09T02:44:35.757550Z', 'exception': 'Traceback (most recent call last):\n  File "/home/franklin/workspace/causaganha/src/djen_backup/backfill.py", line 557, in backfill_process_date\n    zip_url = await get_caderno_url(client, config.djen_proxy_url, tribunal, d)\n              ^^^^^^^^^^^^^^^^^^^^^^^^^^^^^^^^^^^^^^^^^^^^^^^^^^^^^^^^^^^^^^^^^\n  File "/home/franklin/workspace/causaganha/src/djen_backup/djen.py", line 77, in get_caderno_url\n    resp.raise_for_status()\n  File "/home/franklin/workspace/causaganha/.venv/lib/python3.12/site-packages/httpx/_models.py", line 829, in raise_for_status\n    raise HTTPStatusError(message, request=request, response=self)\nhttpx.HTTPStatusError: Client error \'403 Forbidden\' for url \'https://comunicaapi.pje.jus.br/api/v1/caderno/TRT15/2026-04-02/D\'\nFor more information check: https://developer.mozilla.org/en-US/docs/Web/HTTP/Status/403'}
Traceback (most recent call last):
  File "/home/franklin/workspace/causaganha/src/djen_backup/backfill.py", line 557, in backfill_process_date
    zip_url = await get_caderno_url(client, config.djen_proxy_url, tribunal, d)
              ^^^^^^^^^^^^^^^^^^^^^^^^^^^^^^^^^^^^^^^^^^^^^^^^^^^^^^^^^^^^^^^^^
  File "/home/franklin/workspace/causaganha/src/djen_backup/djen.py", line 77, in get_caderno_url
    resp.raise_for_status()
  File "/home/franklin/workspace/causaganha/.venv/lib/python3.12/site-packages/httpx/_models.py", line 829, in raise_for_status
    raise HTTPStatusError(message, request=request, response=self)
httpx.HTTPStatusError: Client error '403 Forbidden' for url 'https://comunicaapi.pje.jus.br/api/v1/caderno/TRT15/2026-04-02/D'
For more information check: https://developer.mozilla.org/en-US/docs/Web/HTTP/Status/403
2026-04-08 22:44:35,831 WARNING  djen_backup.backfill  {'tribunal': 'TRT15', 'date': '2026-04-02', 'event': 'backfill_item_error', 'level': 'warning', 'timestamp': '2026-04-09T02:44:35.831665Z'}
2026-04-08 22:44:35,882 INFO     httpx  HTTP Request: GET https://comunicaapi.pje.jus.br/api/v1/caderno/TRT15/2026-04-01/D "HTTP/1.1 403 Forbidden"
2026-04-08 22:44:35,884 ERROR    djen_backup.backfill  {'tribunal': 'TRT15', 'date': '2026-04-01', 'event': 'backfill_download_error', 'level': 'error', 'timestamp': '2026-04-09T02:44:35.883777Z', 'exception': 'Traceback (most recent call last):\n  File "/home/franklin/workspace/causaganha/src/djen_backup/backfill.py", line 557, in backfill_process_date\n    zip_url = await get_caderno_url(client, config.djen_proxy_url, tribunal, d)\n              ^^^^^^^^^^^^^^^^^^^^^^^^^^^^^^^^^^^^^^^^^^^^^^^^^^^^^^^^^^^^^^^^^\n  File "/home/franklin/workspace/causaganha/src/djen_backup/djen.py", line 77, in get_caderno_url\n    resp.raise_for_status()\n  File "/home/franklin/workspace/causaganha/.venv/lib/python3.12/site-packages/httpx/_models.py", line 829, in raise_for_status\n    raise HTTPStatusError(message, request=request, response=self)\nhttpx.HTTPStatusError: Client error \'403 Forbidden\' for url \'https://comunicaapi.pje.jus.br/api/v1/caderno/TRT15/2026-04-01/D\'\nFor more information check: https://developer.mozilla.org/en-US/docs/Web/HTTP/Status/403'}
Traceback (most recent call last):
  File "/home/franklin/workspace/causaganha/src/djen_backup/backfill.py", line 557, in backfill_process_date
    zip_url = await get_caderno_url(client, config.djen_proxy_url, tribunal, d)
              ^^^^^^^^^^^^^^^^^^^^^^^^^^^^^^^^^^^^^^^^^^^^^^^^^^^^^^^^^^^^^^^^^
  File "/home/franklin/workspace/causaganha/src/djen_backup/djen.py", line 77, in get_caderno_url
    resp.raise_for_status()
  File "/home/franklin/workspace/causaganha/.venv/lib/python3.12/site-packages/httpx/_models.py", line 829, in raise_for_status
    raise HTTPStatusError(message, request=request, response=self)
httpx.HTTPStatusError: Client error '403 Forbidden' for url 'https://comunicaapi.pje.jus.br/api/v1/caderno/TRT15/2026-04-01/D'
For more information check: https://developer.mozilla.org/en-US/docs/Web/HTTP/Status/403
2026-04-08 22:44:35,974 WARNING  djen_backup.backfill  {'tribunal': 'TRT15', 'date': '2026-04-01', 'event': 'backfill_item_error', 'level': 'warning', 'timestamp': '2026-04-09T02:44:35.974449Z'}
2026-04-08 22:44:35,975 WARNING  djen_backup.backfill  {'tribunal': 'TRT15', 'year': 2026, 'reason': '3 consecutive errors', 'event': 'backfill_tribunal_skipped', 'level': 'warning', 'timestamp': '2026-04-09T02:44:35.975504Z'}
2026-04-08 22:44:36,332 INFO     httpx  HTTP Request: GET https://archive.org/metadata/djen-trt16-2026/files "HTTP/1.1 200 OK"
2026-04-08 22:44:36,336 INFO     djen_backup.backfill  {'tribunal': 'TRT16', 'year': 2026, 'gaps': 13, 'event': 'backfill_tribunal_year', 'level': 'info', 'timestamp': '2026-04-09T02:44:36.335991Z'}
2026-04-08 22:44:36,385 INFO     httpx  HTTP Request: GET https://comunicaapi.pje.jus.br/api/v1/caderno/TRT16/2026-02-17/D "HTTP/1.1 403 Forbidden"
2026-04-08 22:44:36,386 ERROR    djen_backup.backfill  {'tribunal': 'TRT16', 'date': '2026-02-17', 'event': 'backfill_download_error', 'level': 'error', 'timestamp': '2026-04-09T02:44:36.386283Z', 'exception': 'Traceback (most recent call last):\n  File "/home/franklin/workspace/causaganha/src/djen_backup/backfill.py", line 557, in backfill_process_date\n    zip_url = await get_caderno_url(client, config.djen_proxy_url, tribunal, d)\n              ^^^^^^^^^^^^^^^^^^^^^^^^^^^^^^^^^^^^^^^^^^^^^^^^^^^^^^^^^^^^^^^^^\n  File "/home/franklin/workspace/causaganha/src/djen_backup/djen.py", line 77, in get_caderno_url\n    resp.raise_for_status()\n  File "/home/franklin/workspace/causaganha/.venv/lib/python3.12/site-packages/httpx/_models.py", line 829, in raise_for_status\n    raise HTTPStatusError(message, request=request, response=self)\nhttpx.HTTPStatusError: Client error \'403 Forbidden\' for url \'https://comunicaapi.pje.jus.br/api/v1/caderno/TRT16/2026-02-17/D\'\nFor more information check: https://developer.mozilla.org/en-US/docs/Web/HTTP/Status/403'}
Traceback (most recent call last):
  File "/home/franklin/workspace/causaganha/src/djen_backup/backfill.py", line 557, in backfill_process_date
    zip_url = await get_caderno_url(client, config.djen_proxy_url, tribunal, d)
              ^^^^^^^^^^^^^^^^^^^^^^^^^^^^^^^^^^^^^^^^^^^^^^^^^^^^^^^^^^^^^^^^^
  File "/home/franklin/workspace/causaganha/src/djen_backup/djen.py", line 77, in get_caderno_url
    resp.raise_for_status()
  File "/home/franklin/workspace/causaganha/.venv/lib/python3.12/site-packages/httpx/_models.py", line 829, in raise_for_status
    raise HTTPStatusError(message, request=request, response=self)
httpx.HTTPStatusError: Client error '403 Forbidden' for url 'https://comunicaapi.pje.jus.br/api/v1/caderno/TRT16/2026-02-17/D'
For more information check: https://developer.mozilla.org/en-US/docs/Web/HTTP/Status/403
2026-04-08 22:44:36,457 WARNING  djen_backup.backfill  {'tribunal': 'TRT16', 'date': '2026-02-17', 'event': 'backfill_item_error', 'level': 'warning', 'timestamp': '2026-04-09T02:44:36.457205Z'}
2026-04-08 22:44:36,505 INFO     httpx  HTTP Request: GET https://comunicaapi.pje.jus.br/api/v1/caderno/TRT16/2026-01-25/D "HTTP/1.1 403 Forbidden"
2026-04-08 22:44:36,508 ERROR    djen_backup.backfill  {'tribunal': 'TRT16', 'date': '2026-01-25', 'event': 'backfill_download_error', 'level': 'error', 'timestamp': '2026-04-09T02:44:36.508223Z', 'exception': 'Traceback (most recent call last):\n  File "/home/franklin/workspace/causaganha/src/djen_backup/backfill.py", line 557, in backfill_process_date\n    zip_url = await get_caderno_url(client, config.djen_proxy_url, tribunal, d)\n              ^^^^^^^^^^^^^^^^^^^^^^^^^^^^^^^^^^^^^^^^^^^^^^^^^^^^^^^^^^^^^^^^^\n  File "/home/franklin/workspace/causaganha/src/djen_backup/djen.py", line 77, in get_caderno_url\n    resp.raise_for_status()\n  File "/home/franklin/workspace/causaganha/.venv/lib/python3.12/site-packages/httpx/_models.py", line 829, in raise_for_status\n    raise HTTPStatusError(message, request=request, response=self)\nhttpx.HTTPStatusError: Client error \'403 Forbidden\' for url \'https://comunicaapi.pje.jus.br/api/v1/caderno/TRT16/2026-01-25/D\'\nFor more information check: https://developer.mozilla.org/en-US/docs/Web/HTTP/Status/403'}
Traceback (most recent call last):
  File "/home/franklin/workspace/causaganha/src/djen_backup/backfill.py", line 557, in backfill_process_date
    zip_url = await get_caderno_url(client, config.djen_proxy_url, tribunal, d)
              ^^^^^^^^^^^^^^^^^^^^^^^^^^^^^^^^^^^^^^^^^^^^^^^^^^^^^^^^^^^^^^^^^
  File "/home/franklin/workspace/causaganha/src/djen_backup/djen.py", line 77, in get_caderno_url
    resp.raise_for_status()
  File "/home/franklin/workspace/causaganha/.venv/lib/python3.12/site-packages/httpx/_models.py", line 829, in raise_for_status
    raise HTTPStatusError(message, request=request, response=self)
httpx.HTTPStatusError: Client error '403 Forbidden' for url 'https://comunicaapi.pje.jus.br/api/v1/caderno/TRT16/2026-01-25/D'
For more information check: https://developer.mozilla.org/en-US/docs/Web/HTTP/Status/403
2026-04-08 22:44:36,691 WARNING  djen_backup.backfill  {'tribunal': 'TRT16', 'date': '2026-01-25', 'event': 'backfill_item_error', 'level': 'warning', 'timestamp': '2026-04-09T02:44:36.691762Z'}
2026-04-08 22:44:36,739 INFO     httpx  HTTP Request: GET https://comunicaapi.pje.jus.br/api/v1/caderno/TRT16/2026-01-24/D "HTTP/1.1 403 Forbidden"
2026-04-08 22:44:36,741 ERROR    djen_backup.backfill  {'tribunal': 'TRT16', 'date': '2026-01-24', 'event': 'backfill_download_error', 'level': 'error', 'timestamp': '2026-04-09T02:44:36.741138Z', 'exception': 'Traceback (most recent call last):\n  File "/home/franklin/workspace/causaganha/src/djen_backup/backfill.py", line 557, in backfill_process_date\n    zip_url = await get_caderno_url(client, config.djen_proxy_url, tribunal, d)\n              ^^^^^^^^^^^^^^^^^^^^^^^^^^^^^^^^^^^^^^^^^^^^^^^^^^^^^^^^^^^^^^^^^\n  File "/home/franklin/workspace/causaganha/src/djen_backup/djen.py", line 77, in get_caderno_url\n    resp.raise_for_status()\n  File "/home/franklin/workspace/causaganha/.venv/lib/python3.12/site-packages/httpx/_models.py", line 829, in raise_for_status\n    raise HTTPStatusError(message, request=request, response=self)\nhttpx.HTTPStatusError: Client error \'403 Forbidden\' for url \'https://comunicaapi.pje.jus.br/api/v1/caderno/TRT16/2026-01-24/D\'\nFor more information check: https://developer.mozilla.org/en-US/docs/Web/HTTP/Status/403'}
Traceback (most recent call last):
  File "/home/franklin/workspace/causaganha/src/djen_backup/backfill.py", line 557, in backfill_process_date
    zip_url = await get_caderno_url(client, config.djen_proxy_url, tribunal, d)
              ^^^^^^^^^^^^^^^^^^^^^^^^^^^^^^^^^^^^^^^^^^^^^^^^^^^^^^^^^^^^^^^^^
  File "/home/franklin/workspace/causaganha/src/djen_backup/djen.py", line 77, in get_caderno_url
    resp.raise_for_status()
  File "/home/franklin/workspace/causaganha/.venv/lib/python3.12/site-packages/httpx/_models.py", line 829, in raise_for_status
    raise HTTPStatusError(message, request=request, response=self)
httpx.HTTPStatusError: Client error '403 Forbidden' for url 'https://comunicaapi.pje.jus.br/api/v1/caderno/TRT16/2026-01-24/D'
For more information check: https://developer.mozilla.org/en-US/docs/Web/HTTP/Status/403
2026-04-08 22:44:36,818 WARNING  djen_backup.backfill  {'tribunal': 'TRT16', 'date': '2026-01-24', 'event': 'backfill_item_error', 'level': 'warning', 'timestamp': '2026-04-09T02:44:36.818675Z'}
2026-04-08 22:44:36,819 WARNING  djen_backup.backfill  {'tribunal': 'TRT16', 'year': 2026, 'reason': '3 consecutive errors', 'event': 'backfill_tribunal_skipped', 'level': 'warning', 'timestamp': '2026-04-09T02:44:36.819726Z'}
2026-04-08 22:44:37,065 INFO     httpx  HTTP Request: GET https://archive.org/metadata/djen-trt17-2026/files "HTTP/1.1 200 OK"
2026-04-08 22:44:37,067 INFO     djen_backup.backfill  {'tribunal': 'TRT17', 'year': 2026, 'gaps': 33, 'event': 'backfill_tribunal_year', 'level': 'info', 'timestamp': '2026-04-09T02:44:37.067908Z'}
2026-04-08 22:44:37,116 INFO     httpx  HTTP Request: GET https://comunicaapi.pje.jus.br/api/v1/caderno/TRT17/2026-04-03/D "HTTP/1.1 403 Forbidden"
2026-04-08 22:44:37,117 ERROR    djen_backup.backfill  {'tribunal': 'TRT17', 'date': '2026-04-03', 'event': 'backfill_download_error', 'level': 'error', 'timestamp': '2026-04-09T02:44:37.117283Z', 'exception': 'Traceback (most recent call last):\n  File "/home/franklin/workspace/causaganha/src/djen_backup/backfill.py", line 557, in backfill_process_date\n    zip_url = await get_caderno_url(client, config.djen_proxy_url, tribunal, d)\n              ^^^^^^^^^^^^^^^^^^^^^^^^^^^^^^^^^^^^^^^^^^^^^^^^^^^^^^^^^^^^^^^^^\n  File "/home/franklin/workspace/causaganha/src/djen_backup/djen.py", line 77, in get_caderno_url\n    resp.raise_for_status()\n  File "/home/franklin/workspace/causaganha/.venv/lib/python3.12/site-packages/httpx/_models.py", line 829, in raise_for_status\n    raise HTTPStatusError(message, request=request, response=self)\nhttpx.HTTPStatusError: Client error \'403 Forbidden\' for url \'https://comunicaapi.pje.jus.br/api/v1/caderno/TRT17/2026-04-03/D\'\nFor more information check: https://developer.mozilla.org/en-US/docs/Web/HTTP/Status/403'}
Traceback (most recent call last):
  File "/home/franklin/workspace/causaganha/src/djen_backup/backfill.py", line 557, in backfill_process_date
    zip_url = await get_caderno_url(client, config.djen_proxy_url, tribunal, d)
              ^^^^^^^^^^^^^^^^^^^^^^^^^^^^^^^^^^^^^^^^^^^^^^^^^^^^^^^^^^^^^^^^^
  File "/home/franklin/workspace/causaganha/src/djen_backup/djen.py", line 77, in get_caderno_url
    resp.raise_for_status()
  File "/home/franklin/workspace/causaganha/.venv/lib/python3.12/site-packages/httpx/_models.py", line 829, in raise_for_status
    raise HTTPStatusError(message, request=request, response=self)
httpx.HTTPStatusError: Client error '403 Forbidden' for url 'https://comunicaapi.pje.jus.br/api/v1/caderno/TRT17/2026-04-03/D'
For more information check: https://developer.mozilla.org/en-US/docs/Web/HTTP/Status/403
2026-04-08 22:44:37,189 WARNING  djen_backup.backfill  {'tribunal': 'TRT17', 'date': '2026-04-03', 'event': 'backfill_item_error', 'level': 'warning', 'timestamp': '2026-04-09T02:44:37.189711Z'}
2026-04-08 22:44:37,237 INFO     httpx  HTTP Request: GET https://comunicaapi.pje.jus.br/api/v1/caderno/TRT17/2026-04-02/D "HTTP/1.1 403 Forbidden"
2026-04-08 22:44:37,240 ERROR    djen_backup.backfill  {'tribunal': 'TRT17', 'date': '2026-04-02', 'event': 'backfill_download_error', 'level': 'error', 'timestamp': '2026-04-09T02:44:37.240391Z', 'exception': 'Traceback (most recent call last):\n  File "/home/franklin/workspace/causaganha/src/djen_backup/backfill.py", line 557, in backfill_process_date\n    zip_url = await get_caderno_url(client, config.djen_proxy_url, tribunal, d)\n              ^^^^^^^^^^^^^^^^^^^^^^^^^^^^^^^^^^^^^^^^^^^^^^^^^^^^^^^^^^^^^^^^^\n  File "/home/franklin/workspace/causaganha/src/djen_backup/djen.py", line 77, in get_caderno_url\n    resp.raise_for_status()\n  File "/home/franklin/workspace/causaganha/.venv/lib/python3.12/site-packages/httpx/_models.py", line 829, in raise_for_status\n    raise HTTPStatusError(message, request=request, response=self)\nhttpx.HTTPStatusError: Client error \'403 Forbidden\' for url \'https://comunicaapi.pje.jus.br/api/v1/caderno/TRT17/2026-04-02/D\'\nFor more information check: https://developer.mozilla.org/en-US/docs/Web/HTTP/Status/403'}
Traceback (most recent call last):
  File "/home/franklin/workspace/causaganha/src/djen_backup/backfill.py", line 557, in backfill_process_date
    zip_url = await get_caderno_url(client, config.djen_proxy_url, tribunal, d)
              ^^^^^^^^^^^^^^^^^^^^^^^^^^^^^^^^^^^^^^^^^^^^^^^^^^^^^^^^^^^^^^^^^
  File "/home/franklin/workspace/causaganha/src/djen_backup/djen.py", line 77, in get_caderno_url
    resp.raise_for_status()
  File "/home/franklin/workspace/causaganha/.venv/lib/python3.12/site-packages/httpx/_models.py", line 829, in raise_for_status
    raise HTTPStatusError(message, request=request, response=self)
httpx.HTTPStatusError: Client error '403 Forbidden' for url 'https://comunicaapi.pje.jus.br/api/v1/caderno/TRT17/2026-04-02/D'
For more information check: https://developer.mozilla.org/en-US/docs/Web/HTTP/Status/403
2026-04-08 22:44:37,319 WARNING  djen_backup.backfill  {'tribunal': 'TRT17', 'date': '2026-04-02', 'event': 'backfill_item_error', 'level': 'warning', 'timestamp': '2026-04-09T02:44:37.319452Z'}
2026-04-08 22:44:37,368 INFO     httpx  HTTP Request: GET https://comunicaapi.pje.jus.br/api/v1/caderno/TRT17/2026-04-01/D "HTTP/1.1 403 Forbidden"
2026-04-08 22:44:37,370 ERROR    djen_backup.backfill  {'tribunal': 'TRT17', 'date': '2026-04-01', 'event': 'backfill_download_error', 'level': 'error', 'timestamp': '2026-04-09T02:44:37.370035Z', 'exception': 'Traceback (most recent call last):\n  File "/home/franklin/workspace/causaganha/src/djen_backup/backfill.py", line 557, in backfill_process_date\n    zip_url = await get_caderno_url(client, config.djen_proxy_url, tribunal, d)\n              ^^^^^^^^^^^^^^^^^^^^^^^^^^^^^^^^^^^^^^^^^^^^^^^^^^^^^^^^^^^^^^^^^\n  File "/home/franklin/workspace/causaganha/src/djen_backup/djen.py", line 77, in get_caderno_url\n    resp.raise_for_status()\n  File "/home/franklin/workspace/causaganha/.venv/lib/python3.12/site-packages/httpx/_models.py", line 829, in raise_for_status\n    raise HTTPStatusError(message, request=request, response=self)\nhttpx.HTTPStatusError: Client error \'403 Forbidden\' for url \'https://comunicaapi.pje.jus.br/api/v1/caderno/TRT17/2026-04-01/D\'\nFor more information check: https://developer.mozilla.org/en-US/docs/Web/HTTP/Status/403'}
Traceback (most recent call last):
  File "/home/franklin/workspace/causaganha/src/djen_backup/backfill.py", line 557, in backfill_process_date
    zip_url = await get_caderno_url(client, config.djen_proxy_url, tribunal, d)
              ^^^^^^^^^^^^^^^^^^^^^^^^^^^^^^^^^^^^^^^^^^^^^^^^^^^^^^^^^^^^^^^^^
  File "/home/franklin/workspace/causaganha/src/djen_backup/djen.py", line 77, in get_caderno_url
    resp.raise_for_status()
  File "/home/franklin/workspace/causaganha/.venv/lib/python3.12/site-packages/httpx/_models.py", line 829, in raise_for_status
    raise HTTPStatusError(message, request=request, response=self)
httpx.HTTPStatusError: Client error '403 Forbidden' for url 'https://comunicaapi.pje.jus.br/api/v1/caderno/TRT17/2026-04-01/D'
For more information check: https://developer.mozilla.org/en-US/docs/Web/HTTP/Status/403
2026-04-08 22:44:37,449 WARNING  djen_backup.backfill  {'tribunal': 'TRT17', 'date': '2026-04-01', 'event': 'backfill_item_error', 'level': 'warning', 'timestamp': '2026-04-09T02:44:37.449388Z'}
2026-04-08 22:44:37,450 WARNING  djen_backup.backfill  {'tribunal': 'TRT17', 'year': 2026, 'reason': '3 consecutive errors', 'event': 'backfill_tribunal_skipped', 'level': 'warning', 'timestamp': '2026-04-09T02:44:37.450440Z'}
2026-04-08 22:44:37,685 INFO     httpx  HTTP Request: GET https://archive.org/metadata/djen-trt18-2026/files "HTTP/1.1 200 OK"
2026-04-08 22:44:37,689 INFO     djen_backup.backfill  {'tribunal': 'TRT18', 'year': 2026, 'gaps': 35, 'event': 'backfill_tribunal_year', 'level': 'info', 'timestamp': '2026-04-09T02:44:37.689182Z'}
2026-04-08 22:44:37,737 INFO     httpx  HTTP Request: GET https://comunicaapi.pje.jus.br/api/v1/caderno/TRT18/2026-04-03/D "HTTP/1.1 403 Forbidden"
2026-04-08 22:44:37,740 ERROR    djen_backup.backfill  {'tribunal': 'TRT18', 'date': '2026-04-03', 'event': 'backfill_download_error', 'level': 'error', 'timestamp': '2026-04-09T02:44:37.740065Z', 'exception': 'Traceback (most recent call last):\n  File "/home/franklin/workspace/causaganha/src/djen_backup/backfill.py", line 557, in backfill_process_date\n    zip_url = await get_caderno_url(client, config.djen_proxy_url, tribunal, d)\n              ^^^^^^^^^^^^^^^^^^^^^^^^^^^^^^^^^^^^^^^^^^^^^^^^^^^^^^^^^^^^^^^^^\n  File "/home/franklin/workspace/causaganha/src/djen_backup/djen.py", line 77, in get_caderno_url\n    resp.raise_for_status()\n  File "/home/franklin/workspace/causaganha/.venv/lib/python3.12/site-packages/httpx/_models.py", line 829, in raise_for_status\n    raise HTTPStatusError(message, request=request, response=self)\nhttpx.HTTPStatusError: Client error \'403 Forbidden\' for url \'https://comunicaapi.pje.jus.br/api/v1/caderno/TRT18/2026-04-03/D\'\nFor more information check: https://developer.mozilla.org/en-US/docs/Web/HTTP/Status/403'}
Traceback (most recent call last):
  File "/home/franklin/workspace/causaganha/src/djen_backup/backfill.py", line 557, in backfill_process_date
    zip_url = await get_caderno_url(client, config.djen_proxy_url, tribunal, d)
              ^^^^^^^^^^^^^^^^^^^^^^^^^^^^^^^^^^^^^^^^^^^^^^^^^^^^^^^^^^^^^^^^^
  File "/home/franklin/workspace/causaganha/src/djen_backup/djen.py", line 77, in get_caderno_url
    resp.raise_for_status()
  File "/home/franklin/workspace/causaganha/.venv/lib/python3.12/site-packages/httpx/_models.py", line 829, in raise_for_status
    raise HTTPStatusError(message, request=request, response=self)
httpx.HTTPStatusError: Client error '403 Forbidden' for url 'https://comunicaapi.pje.jus.br/api/v1/caderno/TRT18/2026-04-03/D'
For more information check: https://developer.mozilla.org/en-US/docs/Web/HTTP/Status/403
2026-04-08 22:44:37,812 WARNING  djen_backup.backfill  {'tribunal': 'TRT18', 'date': '2026-04-03', 'event': 'backfill_item_error', 'level': 'warning', 'timestamp': '2026-04-09T02:44:37.812541Z'}
2026-04-08 22:44:37,866 INFO     httpx  HTTP Request: GET https://comunicaapi.pje.jus.br/api/v1/caderno/TRT18/2026-04-02/D "HTTP/1.1 403 Forbidden"
2026-04-08 22:44:37,867 ERROR    djen_backup.backfill  {'tribunal': 'TRT18', 'date': '2026-04-02', 'event': 'backfill_download_error', 'level': 'error', 'timestamp': '2026-04-09T02:44:37.867465Z', 'exception': 'Traceback (most recent call last):\n  File "/home/franklin/workspace/causaganha/src/djen_backup/backfill.py", line 557, in backfill_process_date\n    zip_url = await get_caderno_url(client, config.djen_proxy_url, tribunal, d)\n              ^^^^^^^^^^^^^^^^^^^^^^^^^^^^^^^^^^^^^^^^^^^^^^^^^^^^^^^^^^^^^^^^^\n  File "/home/franklin/workspace/causaganha/src/djen_backup/djen.py", line 77, in get_caderno_url\n    resp.raise_for_status()\n  File "/home/franklin/workspace/causaganha/.venv/lib/python3.12/site-packages/httpx/_models.py", line 829, in raise_for_status\n    raise HTTPStatusError(message, request=request, response=self)\nhttpx.HTTPStatusError: Client error \'403 Forbidden\' for url \'https://comunicaapi.pje.jus.br/api/v1/caderno/TRT18/2026-04-02/D\'\nFor more information check: https://developer.mozilla.org/en-US/docs/Web/HTTP/Status/403'}
Traceback (most recent call last):
  File "/home/franklin/workspace/causaganha/src/djen_backup/backfill.py", line 557, in backfill_process_date
    zip_url = await get_caderno_url(client, config.djen_proxy_url, tribunal, d)
              ^^^^^^^^^^^^^^^^^^^^^^^^^^^^^^^^^^^^^^^^^^^^^^^^^^^^^^^^^^^^^^^^^
  File "/home/franklin/workspace/causaganha/src/djen_backup/djen.py", line 77, in get_caderno_url
    resp.raise_for_status()
  File "/home/franklin/workspace/causaganha/.venv/lib/python3.12/site-packages/httpx/_models.py", line 829, in raise_for_status
    raise HTTPStatusError(message, request=request, response=self)
httpx.HTTPStatusError: Client error '403 Forbidden' for url 'https://comunicaapi.pje.jus.br/api/v1/caderno/TRT18/2026-04-02/D'
For more information check: https://developer.mozilla.org/en-US/docs/Web/HTTP/Status/403
2026-04-08 22:44:37,945 WARNING  djen_backup.backfill  {'tribunal': 'TRT18', 'date': '2026-04-02', 'event': 'backfill_item_error', 'level': 'warning', 'timestamp': '2026-04-09T02:44:37.945278Z'}
2026-04-08 22:44:37,993 INFO     httpx  HTTP Request: GET https://comunicaapi.pje.jus.br/api/v1/caderno/TRT18/2026-04-01/D "HTTP/1.1 403 Forbidden"
2026-04-08 22:44:37,994 ERROR    djen_backup.backfill  {'tribunal': 'TRT18', 'date': '2026-04-01', 'event': 'backfill_download_error', 'level': 'error', 'timestamp': '2026-04-09T02:44:37.994304Z', 'exception': 'Traceback (most recent call last):\n  File "/home/franklin/workspace/causaganha/src/djen_backup/backfill.py", line 557, in backfill_process_date\n    zip_url = await get_caderno_url(client, config.djen_proxy_url, tribunal, d)\n              ^^^^^^^^^^^^^^^^^^^^^^^^^^^^^^^^^^^^^^^^^^^^^^^^^^^^^^^^^^^^^^^^^\n  File "/home/franklin/workspace/causaganha/src/djen_backup/djen.py", line 77, in get_caderno_url\n    resp.raise_for_status()\n  File "/home/franklin/workspace/causaganha/.venv/lib/python3.12/site-packages/httpx/_models.py", line 829, in raise_for_status\n    raise HTTPStatusError(message, request=request, response=self)\nhttpx.HTTPStatusError: Client error \'403 Forbidden\' for url \'https://comunicaapi.pje.jus.br/api/v1/caderno/TRT18/2026-04-01/D\'\nFor more information check: https://developer.mozilla.org/en-US/docs/Web/HTTP/Status/403'}
Traceback (most recent call last):
  File "/home/franklin/workspace/causaganha/src/djen_backup/backfill.py", line 557, in backfill_process_date
    zip_url = await get_caderno_url(client, config.djen_proxy_url, tribunal, d)
              ^^^^^^^^^^^^^^^^^^^^^^^^^^^^^^^^^^^^^^^^^^^^^^^^^^^^^^^^^^^^^^^^^
  File "/home/franklin/workspace/causaganha/src/djen_backup/djen.py", line 77, in get_caderno_url
    resp.raise_for_status()
  File "/home/franklin/workspace/causaganha/.venv/lib/python3.12/site-packages/httpx/_models.py", line 829, in raise_for_status
    raise HTTPStatusError(message, request=request, response=self)
httpx.HTTPStatusError: Client error '403 Forbidden' for url 'https://comunicaapi.pje.jus.br/api/v1/caderno/TRT18/2026-04-01/D'
For more information check: https://developer.mozilla.org/en-US/docs/Web/HTTP/Status/403
2026-04-08 22:44:38,081 WARNING  djen_backup.backfill  {'tribunal': 'TRT18', 'date': '2026-04-01', 'event': 'backfill_item_error', 'level': 'warning', 'timestamp': '2026-04-09T02:44:38.081115Z'}
2026-04-08 22:44:38,082 WARNING  djen_backup.backfill  {'tribunal': 'TRT18', 'year': 2026, 'reason': '3 consecutive errors', 'event': 'backfill_tribunal_skipped', 'level': 'warning', 'timestamp': '2026-04-09T02:44:38.082034Z'}
2026-04-08 22:44:38,481 INFO     httpx  HTTP Request: GET https://archive.org/metadata/djen-trt19-2026/files "HTTP/1.1 200 OK"
2026-04-08 22:44:38,484 INFO     djen_backup.backfill  {'tribunal': 'TRT19', 'year': 2026, 'gaps': 46, 'event': 'backfill_tribunal_year', 'level': 'info', 'timestamp': '2026-04-09T02:44:38.484347Z'}
2026-04-08 22:44:38,533 INFO     httpx  HTTP Request: GET https://comunicaapi.pje.jus.br/api/v1/caderno/TRT19/2026-04-03/D "HTTP/1.1 403 Forbidden"
2026-04-08 22:44:38,536 ERROR    djen_backup.backfill  {'tribunal': 'TRT19', 'date': '2026-04-03', 'event': 'backfill_download_error', 'level': 'error', 'timestamp': '2026-04-09T02:44:38.535612Z', 'exception': 'Traceback (most recent call last):\n  File "/home/franklin/workspace/causaganha/src/djen_backup/backfill.py", line 557, in backfill_process_date\n    zip_url = await get_caderno_url(client, config.djen_proxy_url, tribunal, d)\n              ^^^^^^^^^^^^^^^^^^^^^^^^^^^^^^^^^^^^^^^^^^^^^^^^^^^^^^^^^^^^^^^^^\n  File "/home/franklin/workspace/causaganha/src/djen_backup/djen.py", line 77, in get_caderno_url\n    resp.raise_for_status()\n  File "/home/franklin/workspace/causaganha/.venv/lib/python3.12/site-packages/httpx/_models.py", line 829, in raise_for_status\n    raise HTTPStatusError(message, request=request, response=self)\nhttpx.HTTPStatusError: Client error \'403 Forbidden\' for url \'https://comunicaapi.pje.jus.br/api/v1/caderno/TRT19/2026-04-03/D\'\nFor more information check: https://developer.mozilla.org/en-US/docs/Web/HTTP/Status/403'}
Traceback (most recent call last):
  File "/home/franklin/workspace/causaganha/src/djen_backup/backfill.py", line 557, in backfill_process_date
    zip_url = await get_caderno_url(client, config.djen_proxy_url, tribunal, d)
              ^^^^^^^^^^^^^^^^^^^^^^^^^^^^^^^^^^^^^^^^^^^^^^^^^^^^^^^^^^^^^^^^^
  File "/home/franklin/workspace/causaganha/src/djen_backup/djen.py", line 77, in get_caderno_url
    resp.raise_for_status()
  File "/home/franklin/workspace/causaganha/.venv/lib/python3.12/site-packages/httpx/_models.py", line 829, in raise_for_status
    raise HTTPStatusError(message, request=request, response=self)
httpx.HTTPStatusError: Client error '403 Forbidden' for url 'https://comunicaapi.pje.jus.br/api/v1/caderno/TRT19/2026-04-03/D'
For more information check: https://developer.mozilla.org/en-US/docs/Web/HTTP/Status/403
2026-04-08 22:44:38,611 WARNING  djen_backup.backfill  {'tribunal': 'TRT19', 'date': '2026-04-03', 'event': 'backfill_item_error', 'level': 'warning', 'timestamp': '2026-04-09T02:44:38.611794Z'}
2026-04-08 22:44:38,660 INFO     httpx  HTTP Request: GET https://comunicaapi.pje.jus.br/api/v1/caderno/TRT19/2026-04-02/D "HTTP/1.1 403 Forbidden"
2026-04-08 22:44:38,662 ERROR    djen_backup.backfill  {'tribunal': 'TRT19', 'date': '2026-04-02', 'event': 'backfill_download_error', 'level': 'error', 'timestamp': '2026-04-09T02:44:38.661785Z', 'exception': 'Traceback (most recent call last):\n  File "/home/franklin/workspace/causaganha/src/djen_backup/backfill.py", line 557, in backfill_process_date\n    zip_url = await get_caderno_url(client, config.djen_proxy_url, tribunal, d)\n              ^^^^^^^^^^^^^^^^^^^^^^^^^^^^^^^^^^^^^^^^^^^^^^^^^^^^^^^^^^^^^^^^^\n  File "/home/franklin/workspace/causaganha/src/djen_backup/djen.py", line 77, in get_caderno_url\n    resp.raise_for_status()\n  File "/home/franklin/workspace/causaganha/.venv/lib/python3.12/site-packages/httpx/_models.py", line 829, in raise_for_status\n    raise HTTPStatusError(message, request=request, response=self)\nhttpx.HTTPStatusError: Client error \'403 Forbidden\' for url \'https://comunicaapi.pje.jus.br/api/v1/caderno/TRT19/2026-04-02/D\'\nFor more information check: https://developer.mozilla.org/en-US/docs/Web/HTTP/Status/403'}
Traceback (most recent call last):
  File "/home/franklin/workspace/causaganha/src/djen_backup/backfill.py", line 557, in backfill_process_date
    zip_url = await get_caderno_url(client, config.djen_proxy_url, tribunal, d)
              ^^^^^^^^^^^^^^^^^^^^^^^^^^^^^^^^^^^^^^^^^^^^^^^^^^^^^^^^^^^^^^^^^
  File "/home/franklin/workspace/causaganha/src/djen_backup/djen.py", line 77, in get_caderno_url
    resp.raise_for_status()
  File "/home/franklin/workspace/causaganha/.venv/lib/python3.12/site-packages/httpx/_models.py", line 829, in raise_for_status
    raise HTTPStatusError(message, request=request, response=self)
httpx.HTTPStatusError: Client error '403 Forbidden' for url 'https://comunicaapi.pje.jus.br/api/v1/caderno/TRT19/2026-04-02/D'
For more information check: https://developer.mozilla.org/en-US/docs/Web/HTTP/Status/403
2026-04-08 22:44:38,749 WARNING  djen_backup.backfill  {'tribunal': 'TRT19', 'date': '2026-04-02', 'event': 'backfill_item_error', 'level': 'warning', 'timestamp': '2026-04-09T02:44:38.749079Z'}
2026-04-08 22:44:38,797 INFO     httpx  HTTP Request: GET https://comunicaapi.pje.jus.br/api/v1/caderno/TRT19/2026-04-01/D "HTTP/1.1 403 Forbidden"
2026-04-08 22:44:38,800 ERROR    djen_backup.backfill  {'tribunal': 'TRT19', 'date': '2026-04-01', 'event': 'backfill_download_error', 'level': 'error', 'timestamp': '2026-04-09T02:44:38.800036Z', 'exception': 'Traceback (most recent call last):\n  File "/home/franklin/workspace/causaganha/src/djen_backup/backfill.py", line 557, in backfill_process_date\n    zip_url = await get_caderno_url(client, config.djen_proxy_url, tribunal, d)\n              ^^^^^^^^^^^^^^^^^^^^^^^^^^^^^^^^^^^^^^^^^^^^^^^^^^^^^^^^^^^^^^^^^\n  File "/home/franklin/workspace/causaganha/src/djen_backup/djen.py", line 77, in get_caderno_url\n    resp.raise_for_status()\n  File "/home/franklin/workspace/causaganha/.venv/lib/python3.12/site-packages/httpx/_models.py", line 829, in raise_for_status\n    raise HTTPStatusError(message, request=request, response=self)\nhttpx.HTTPStatusError: Client error \'403 Forbidden\' for url \'https://comunicaapi.pje.jus.br/api/v1/caderno/TRT19/2026-04-01/D\'\nFor more information check: https://developer.mozilla.org/en-US/docs/Web/HTTP/Status/403'}
Traceback (most recent call last):
  File "/home/franklin/workspace/causaganha/src/djen_backup/backfill.py", line 557, in backfill_process_date
    zip_url = await get_caderno_url(client, config.djen_proxy_url, tribunal, d)
              ^^^^^^^^^^^^^^^^^^^^^^^^^^^^^^^^^^^^^^^^^^^^^^^^^^^^^^^^^^^^^^^^^
  File "/home/franklin/workspace/causaganha/src/djen_backup/djen.py", line 77, in get_caderno_url
    resp.raise_for_status()
  File "/home/franklin/workspace/causaganha/.venv/lib/python3.12/site-packages/httpx/_models.py", line 829, in raise_for_status
    raise HTTPStatusError(message, request=request, response=self)
httpx.HTTPStatusError: Client error '403 Forbidden' for url 'https://comunicaapi.pje.jus.br/api/v1/caderno/TRT19/2026-04-01/D'
For more information check: https://developer.mozilla.org/en-US/docs/Web/HTTP/Status/403
2026-04-08 22:44:38,906 WARNING  djen_backup.backfill  {'tribunal': 'TRT19', 'date': '2026-04-01', 'event': 'backfill_item_error', 'level': 'warning', 'timestamp': '2026-04-09T02:44:38.906399Z'}
2026-04-08 22:44:38,907 WARNING  djen_backup.backfill  {'tribunal': 'TRT19', 'year': 2026, 'reason': '3 consecutive errors', 'event': 'backfill_tribunal_skipped', 'level': 'warning', 'timestamp': '2026-04-09T02:44:38.907624Z'}
2026-04-08 22:44:39,243 INFO     httpx  HTTP Request: GET https://archive.org/metadata/djen-trt2-2026/files "HTTP/1.1 200 OK"
2026-04-08 22:44:39,245 INFO     djen_backup.backfill  {'tribunal': 'TRT2', 'year': 2026, 'gaps': 36, 'event': 'backfill_tribunal_year', 'level': 'info', 'timestamp': '2026-04-09T02:44:39.245150Z'}
2026-04-08 22:44:39,299 INFO     httpx  HTTP Request: GET https://comunicaapi.pje.jus.br/api/v1/caderno/TRT2/2026-04-03/D "HTTP/1.1 403 Forbidden"
2026-04-08 22:44:39,301 ERROR    djen_backup.backfill  {'tribunal': 'TRT2', 'date': '2026-04-03', 'event': 'backfill_download_error', 'level': 'error', 'timestamp': '2026-04-09T02:44:39.300889Z', 'exception': 'Traceback (most recent call last):\n  File "/home/franklin/workspace/causaganha/src/djen_backup/backfill.py", line 557, in backfill_process_date\n    zip_url = await get_caderno_url(client, config.djen_proxy_url, tribunal, d)\n              ^^^^^^^^^^^^^^^^^^^^^^^^^^^^^^^^^^^^^^^^^^^^^^^^^^^^^^^^^^^^^^^^^\n  File "/home/franklin/workspace/causaganha/src/djen_backup/djen.py", line 77, in get_caderno_url\n    resp.raise_for_status()\n  File "/home/franklin/workspace/causaganha/.venv/lib/python3.12/site-packages/httpx/_models.py", line 829, in raise_for_status\n    raise HTTPStatusError(message, request=request, response=self)\nhttpx.HTTPStatusError: Client error \'403 Forbidden\' for url \'https://comunicaapi.pje.jus.br/api/v1/caderno/TRT2/2026-04-03/D\'\nFor more information check: https://developer.mozilla.org/en-US/docs/Web/HTTP/Status/403'}
Traceback (most recent call last):
  File "/home/franklin/workspace/causaganha/src/djen_backup/backfill.py", line 557, in backfill_process_date
    zip_url = await get_caderno_url(client, config.djen_proxy_url, tribunal, d)
              ^^^^^^^^^^^^^^^^^^^^^^^^^^^^^^^^^^^^^^^^^^^^^^^^^^^^^^^^^^^^^^^^^
  File "/home/franklin/workspace/causaganha/src/djen_backup/djen.py", line 77, in get_caderno_url
    resp.raise_for_status()
  File "/home/franklin/workspace/causaganha/.venv/lib/python3.12/site-packages/httpx/_models.py", line 829, in raise_for_status
    raise HTTPStatusError(message, request=request, response=self)
httpx.HTTPStatusError: Client error '403 Forbidden' for url 'https://comunicaapi.pje.jus.br/api/v1/caderno/TRT2/2026-04-03/D'
For more information check: https://developer.mozilla.org/en-US/docs/Web/HTTP/Status/403
2026-04-08 22:44:39,376 WARNING  djen_backup.backfill  {'tribunal': 'TRT2', 'date': '2026-04-03', 'event': 'backfill_item_error', 'level': 'warning', 'timestamp': '2026-04-09T02:44:39.376339Z'}
2026-04-08 22:44:39,432 INFO     httpx  HTTP Request: GET https://comunicaapi.pje.jus.br/api/v1/caderno/TRT2/2026-04-02/D "HTTP/1.1 403 Forbidden"
2026-04-08 22:44:39,435 ERROR    djen_backup.backfill  {'tribunal': 'TRT2', 'date': '2026-04-02', 'event': 'backfill_download_error', 'level': 'error', 'timestamp': '2026-04-09T02:44:39.434818Z', 'exception': 'Traceback (most recent call last):\n  File "/home/franklin/workspace/causaganha/src/djen_backup/backfill.py", line 557, in backfill_process_date\n    zip_url = await get_caderno_url(client, config.djen_proxy_url, tribunal, d)\n              ^^^^^^^^^^^^^^^^^^^^^^^^^^^^^^^^^^^^^^^^^^^^^^^^^^^^^^^^^^^^^^^^^\n  File "/home/franklin/workspace/causaganha/src/djen_backup/djen.py", line 77, in get_caderno_url\n    resp.raise_for_status()\n  File "/home/franklin/workspace/causaganha/.venv/lib/python3.12/site-packages/httpx/_models.py", line 829, in raise_for_status\n    raise HTTPStatusError(message, request=request, response=self)\nhttpx.HTTPStatusError: Client error \'403 Forbidden\' for url \'https://comunicaapi.pje.jus.br/api/v1/caderno/TRT2/2026-04-02/D\'\nFor more information check: https://developer.mozilla.org/en-US/docs/Web/HTTP/Status/403'}
Traceback (most recent call last):
  File "/home/franklin/workspace/causaganha/src/djen_backup/backfill.py", line 557, in backfill_process_date
    zip_url = await get_caderno_url(client, config.djen_proxy_url, tribunal, d)
              ^^^^^^^^^^^^^^^^^^^^^^^^^^^^^^^^^^^^^^^^^^^^^^^^^^^^^^^^^^^^^^^^^
  File "/home/franklin/workspace/causaganha/src/djen_backup/djen.py", line 77, in get_caderno_url
    resp.raise_for_status()
  File "/home/franklin/workspace/causaganha/.venv/lib/python3.12/site-packages/httpx/_models.py", line 829, in raise_for_status
    raise HTTPStatusError(message, request=request, response=self)
httpx.HTTPStatusError: Client error '403 Forbidden' for url 'https://comunicaapi.pje.jus.br/api/v1/caderno/TRT2/2026-04-02/D'
For more information check: https://developer.mozilla.org/en-US/docs/Web/HTTP/Status/403
2026-04-08 22:44:39,597 WARNING  djen_backup.backfill  {'tribunal': 'TRT2', 'date': '2026-04-02', 'event': 'backfill_item_error', 'level': 'warning', 'timestamp': '2026-04-09T02:44:39.597023Z'}
2026-04-08 22:44:39,666 INFO     httpx  HTTP Request: GET https://comunicaapi.pje.jus.br/api/v1/caderno/TRT2/2026-04-01/D "HTTP/1.1 403 Forbidden"
2026-04-08 22:44:39,668 ERROR    djen_backup.backfill  {'tribunal': 'TRT2', 'date': '2026-04-01', 'event': 'backfill_download_error', 'level': 'error', 'timestamp': '2026-04-09T02:44:39.667681Z', 'exception': 'Traceback (most recent call last):\n  File "/home/franklin/workspace/causaganha/src/djen_backup/backfill.py", line 557, in backfill_process_date\n    zip_url = await get_caderno_url(client, config.djen_proxy_url, tribunal, d)\n              ^^^^^^^^^^^^^^^^^^^^^^^^^^^^^^^^^^^^^^^^^^^^^^^^^^^^^^^^^^^^^^^^^\n  File "/home/franklin/workspace/causaganha/src/djen_backup/djen.py", line 77, in get_caderno_url\n    resp.raise_for_status()\n  File "/home/franklin/workspace/causaganha/.venv/lib/python3.12/site-packages/httpx/_models.py", line 829, in raise_for_status\n    raise HTTPStatusError(message, request=request, response=self)\nhttpx.HTTPStatusError: Client error \'403 Forbidden\' for url \'https://comunicaapi.pje.jus.br/api/v1/caderno/TRT2/2026-04-01/D\'\nFor more information check: https://developer.mozilla.org/en-US/docs/Web/HTTP/Status/403'}
Traceback (most recent call last):
  File "/home/franklin/workspace/causaganha/src/djen_backup/backfill.py", line 557, in backfill_process_date
    zip_url = await get_caderno_url(client, config.djen_proxy_url, tribunal, d)
              ^^^^^^^^^^^^^^^^^^^^^^^^^^^^^^^^^^^^^^^^^^^^^^^^^^^^^^^^^^^^^^^^^
  File "/home/franklin/workspace/causaganha/src/djen_backup/djen.py", line 77, in get_caderno_url
    resp.raise_for_status()
  File "/home/franklin/workspace/causaganha/.venv/lib/python3.12/site-packages/httpx/_models.py", line 829, in raise_for_status
    raise HTTPStatusError(message, request=request, response=self)
httpx.HTTPStatusError: Client error '403 Forbidden' for url 'https://comunicaapi.pje.jus.br/api/v1/caderno/TRT2/2026-04-01/D'
For more information check: https://developer.mozilla.org/en-US/docs/Web/HTTP/Status/403
2026-04-08 22:44:39,738 WARNING  djen_backup.backfill  {'tribunal': 'TRT2', 'date': '2026-04-01', 'event': 'backfill_item_error', 'level': 'warning', 'timestamp': '2026-04-09T02:44:39.738013Z'}
2026-04-08 22:44:39,739 WARNING  djen_backup.backfill  {'tribunal': 'TRT2', 'year': 2026, 'reason': '3 consecutive errors', 'event': 'backfill_tribunal_skipped', 'level': 'warning', 'timestamp': '2026-04-09T02:44:39.739137Z'}
2026-04-08 22:44:40,161 INFO     httpx  HTTP Request: GET https://archive.org/metadata/djen-trt20-2026/files "HTTP/1.1 200 OK"
2026-04-08 22:44:40,163 INFO     djen_backup.backfill  {'tribunal': 'TRT20', 'year': 2026, 'gaps': 36, 'event': 'backfill_tribunal_year', 'level': 'info', 'timestamp': '2026-04-09T02:44:40.163765Z'}
2026-04-08 22:44:40,218 INFO     httpx  HTTP Request: GET https://comunicaapi.pje.jus.br/api/v1/caderno/TRT20/2026-04-03/D "HTTP/1.1 403 Forbidden"
2026-04-08 22:44:40,220 ERROR    djen_backup.backfill  {'tribunal': 'TRT20', 'date': '2026-04-03', 'event': 'backfill_download_error', 'level': 'error', 'timestamp': '2026-04-09T02:44:40.220304Z', 'exception': 'Traceback (most recent call last):\n  File "/home/franklin/workspace/causaganha/src/djen_backup/backfill.py", line 557, in backfill_process_date\n    zip_url = await get_caderno_url(client, config.djen_proxy_url, tribunal, d)\n              ^^^^^^^^^^^^^^^^^^^^^^^^^^^^^^^^^^^^^^^^^^^^^^^^^^^^^^^^^^^^^^^^^\n  File "/home/franklin/workspace/causaganha/src/djen_backup/djen.py", line 77, in get_caderno_url\n    resp.raise_for_status()\n  File "/home/franklin/workspace/causaganha/.venv/lib/python3.12/site-packages/httpx/_models.py", line 829, in raise_for_status\n    raise HTTPStatusError(message, request=request, response=self)\nhttpx.HTTPStatusError: Client error \'403 Forbidden\' for url \'https://comunicaapi.pje.jus.br/api/v1/caderno/TRT20/2026-04-03/D\'\nFor more information check: https://developer.mozilla.org/en-US/docs/Web/HTTP/Status/403'}
Traceback (most recent call last):
  File "/home/franklin/workspace/causaganha/src/djen_backup/backfill.py", line 557, in backfill_process_date
    zip_url = await get_caderno_url(client, config.djen_proxy_url, tribunal, d)
              ^^^^^^^^^^^^^^^^^^^^^^^^^^^^^^^^^^^^^^^^^^^^^^^^^^^^^^^^^^^^^^^^^
  File "/home/franklin/workspace/causaganha/src/djen_backup/djen.py", line 77, in get_caderno_url
    resp.raise_for_status()
  File "/home/franklin/workspace/causaganha/.venv/lib/python3.12/site-packages/httpx/_models.py", line 829, in raise_for_status
    raise HTTPStatusError(message, request=request, response=self)
httpx.HTTPStatusError: Client error '403 Forbidden' for url 'https://comunicaapi.pje.jus.br/api/v1/caderno/TRT20/2026-04-03/D'
For more information check: https://developer.mozilla.org/en-US/docs/Web/HTTP/Status/403
2026-04-08 22:44:40,292 WARNING  djen_backup.backfill  {'tribunal': 'TRT20', 'date': '2026-04-03', 'event': 'backfill_item_error', 'level': 'warning', 'timestamp': '2026-04-09T02:44:40.292042Z'}
2026-04-08 22:44:40,344 INFO     httpx  HTTP Request: GET https://comunicaapi.pje.jus.br/api/v1/caderno/TRT20/2026-04-02/D "HTTP/1.1 403 Forbidden"
2026-04-08 22:44:40,349 ERROR    djen_backup.backfill  {'tribunal': 'TRT20', 'date': '2026-04-02', 'event': 'backfill_download_error', 'level': 'error', 'timestamp': '2026-04-09T02:44:40.349132Z', 'exception': 'Traceback (most recent call last):\n  File "/home/franklin/workspace/causaganha/src/djen_backup/backfill.py", line 557, in backfill_process_date\n    zip_url = await get_caderno_url(client, config.djen_proxy_url, tribunal, d)\n              ^^^^^^^^^^^^^^^^^^^^^^^^^^^^^^^^^^^^^^^^^^^^^^^^^^^^^^^^^^^^^^^^^\n  File "/home/franklin/workspace/causaganha/src/djen_backup/djen.py", line 77, in get_caderno_url\n    resp.raise_for_status()\n  File "/home/franklin/workspace/causaganha/.venv/lib/python3.12/site-packages/httpx/_models.py", line 829, in raise_for_status\n    raise HTTPStatusError(message, request=request, response=self)\nhttpx.HTTPStatusError: Client error \'403 Forbidden\' for url \'https://comunicaapi.pje.jus.br/api/v1/caderno/TRT20/2026-04-02/D\'\nFor more information check: https://developer.mozilla.org/en-US/docs/Web/HTTP/Status/403'}
Traceback (most recent call last):
  File "/home/franklin/workspace/causaganha/src/djen_backup/backfill.py", line 557, in backfill_process_date
    zip_url = await get_caderno_url(client, config.djen_proxy_url, tribunal, d)
              ^^^^^^^^^^^^^^^^^^^^^^^^^^^^^^^^^^^^^^^^^^^^^^^^^^^^^^^^^^^^^^^^^
  File "/home/franklin/workspace/causaganha/src/djen_backup/djen.py", line 77, in get_caderno_url
    resp.raise_for_status()
  File "/home/franklin/workspace/causaganha/.venv/lib/python3.12/site-packages/httpx/_models.py", line 829, in raise_for_status
    raise HTTPStatusError(message, request=request, response=self)
httpx.HTTPStatusError: Client error '403 Forbidden' for url 'https://comunicaapi.pje.jus.br/api/v1/caderno/TRT20/2026-04-02/D'
For more information check: https://developer.mozilla.org/en-US/docs/Web/HTTP/Status/403
2026-04-08 22:44:40,420 WARNING  djen_backup.backfill  {'tribunal': 'TRT20', 'date': '2026-04-02', 'event': 'backfill_item_error', 'level': 'warning', 'timestamp': '2026-04-09T02:44:40.420425Z'}
2026-04-08 22:44:40,471 INFO     httpx  HTTP Request: GET https://comunicaapi.pje.jus.br/api/v1/caderno/TRT20/2026-04-01/D "HTTP/1.1 403 Forbidden"
2026-04-08 22:44:40,472 ERROR    djen_backup.backfill  {'tribunal': 'TRT20', 'date': '2026-04-01', 'event': 'backfill_download_error', 'level': 'error', 'timestamp': '2026-04-09T02:44:40.472629Z', 'exception': 'Traceback (most recent call last):\n  File "/home/franklin/workspace/causaganha/src/djen_backup/backfill.py", line 557, in backfill_process_date\n    zip_url = await get_caderno_url(client, config.djen_proxy_url, tribunal, d)\n              ^^^^^^^^^^^^^^^^^^^^^^^^^^^^^^^^^^^^^^^^^^^^^^^^^^^^^^^^^^^^^^^^^\n  File "/home/franklin/workspace/causaganha/src/djen_backup/djen.py", line 77, in get_caderno_url\n    resp.raise_for_status()\n  File "/home/franklin/workspace/causaganha/.venv/lib/python3.12/site-packages/httpx/_models.py", line 829, in raise_for_status\n    raise HTTPStatusError(message, request=request, response=self)\nhttpx.HTTPStatusError: Client error \'403 Forbidden\' for url \'https://comunicaapi.pje.jus.br/api/v1/caderno/TRT20/2026-04-01/D\'\nFor more information check: https://developer.mozilla.org/en-US/docs/Web/HTTP/Status/403'}
Traceback (most recent call last):
  File "/home/franklin/workspace/causaganha/src/djen_backup/backfill.py", line 557, in backfill_process_date
    zip_url = await get_caderno_url(client, config.djen_proxy_url, tribunal, d)
              ^^^^^^^^^^^^^^^^^^^^^^^^^^^^^^^^^^^^^^^^^^^^^^^^^^^^^^^^^^^^^^^^^
  File "/home/franklin/workspace/causaganha/src/djen_backup/djen.py", line 77, in get_caderno_url
    resp.raise_for_status()
  File "/home/franklin/workspace/causaganha/.venv/lib/python3.12/site-packages/httpx/_models.py", line 829, in raise_for_status
    raise HTTPStatusError(message, request=request, response=self)
httpx.HTTPStatusError: Client error '403 Forbidden' for url 'https://comunicaapi.pje.jus.br/api/v1/caderno/TRT20/2026-04-01/D'
For more information check: https://developer.mozilla.org/en-US/docs/Web/HTTP/Status/403
2026-04-08 22:44:40,546 WARNING  djen_backup.backfill  {'tribunal': 'TRT20', 'date': '2026-04-01', 'event': 'backfill_item_error', 'level': 'warning', 'timestamp': '2026-04-09T02:44:40.546712Z'}
2026-04-08 22:44:40,548 WARNING  djen_backup.backfill  {'tribunal': 'TRT20', 'year': 2026, 'reason': '3 consecutive errors', 'event': 'backfill_tribunal_skipped', 'level': 'warning', 'timestamp': '2026-04-09T02:44:40.548636Z'}
2026-04-08 22:44:40,792 INFO     httpx  HTTP Request: GET https://archive.org/metadata/djen-trt21-2026/files "HTTP/1.1 200 OK"
2026-04-08 22:44:40,795 INFO     djen_backup.backfill  {'tribunal': 'TRT21', 'year': 2026, 'gaps': 33, 'event': 'backfill_tribunal_year', 'level': 'info', 'timestamp': '2026-04-09T02:44:40.795385Z'}
2026-04-08 22:44:40,843 INFO     httpx  HTTP Request: GET https://comunicaapi.pje.jus.br/api/v1/caderno/TRT21/2026-04-03/D "HTTP/1.1 403 Forbidden"
2026-04-08 22:44:40,845 ERROR    djen_backup.backfill  {'tribunal': 'TRT21', 'date': '2026-04-03', 'event': 'backfill_download_error', 'level': 'error', 'timestamp': '2026-04-09T02:44:40.845335Z', 'exception': 'Traceback (most recent call last):\n  File "/home/franklin/workspace/causaganha/src/djen_backup/backfill.py", line 557, in backfill_process_date\n    zip_url = await get_caderno_url(client, config.djen_proxy_url, tribunal, d)\n              ^^^^^^^^^^^^^^^^^^^^^^^^^^^^^^^^^^^^^^^^^^^^^^^^^^^^^^^^^^^^^^^^^\n  File "/home/franklin/workspace/causaganha/src/djen_backup/djen.py", line 77, in get_caderno_url\n    resp.raise_for_status()\n  File "/home/franklin/workspace/causaganha/.venv/lib/python3.12/site-packages/httpx/_models.py", line 829, in raise_for_status\n    raise HTTPStatusError(message, request=request, response=self)\nhttpx.HTTPStatusError: Client error \'403 Forbidden\' for url \'https://comunicaapi.pje.jus.br/api/v1/caderno/TRT21/2026-04-03/D\'\nFor more information check: https://developer.mozilla.org/en-US/docs/Web/HTTP/Status/403'}
Traceback (most recent call last):
  File "/home/franklin/workspace/causaganha/src/djen_backup/backfill.py", line 557, in backfill_process_date
    zip_url = await get_caderno_url(client, config.djen_proxy_url, tribunal, d)
              ^^^^^^^^^^^^^^^^^^^^^^^^^^^^^^^^^^^^^^^^^^^^^^^^^^^^^^^^^^^^^^^^^
  File "/home/franklin/workspace/causaganha/src/djen_backup/djen.py", line 77, in get_caderno_url
    resp.raise_for_status()
  File "/home/franklin/workspace/causaganha/.venv/lib/python3.12/site-packages/httpx/_models.py", line 829, in raise_for_status
    raise HTTPStatusError(message, request=request, response=self)
httpx.HTTPStatusError: Client error '403 Forbidden' for url 'https://comunicaapi.pje.jus.br/api/v1/caderno/TRT21/2026-04-03/D'
For more information check: https://developer.mozilla.org/en-US/docs/Web/HTTP/Status/403
2026-04-08 22:44:40,919 WARNING  djen_backup.backfill  {'tribunal': 'TRT21', 'date': '2026-04-03', 'event': 'backfill_item_error', 'level': 'warning', 'timestamp': '2026-04-09T02:44:40.919912Z'}
2026-04-08 22:44:40,968 INFO     httpx  HTTP Request: GET https://comunicaapi.pje.jus.br/api/v1/caderno/TRT21/2026-04-02/D "HTTP/1.1 403 Forbidden"
2026-04-08 22:44:40,971 ERROR    djen_backup.backfill  {'tribunal': 'TRT21', 'date': '2026-04-02', 'event': 'backfill_download_error', 'level': 'error', 'timestamp': '2026-04-09T02:44:40.970949Z', 'exception': 'Traceback (most recent call last):\n  File "/home/franklin/workspace/causaganha/src/djen_backup/backfill.py", line 557, in backfill_process_date\n    zip_url = await get_caderno_url(client, config.djen_proxy_url, tribunal, d)\n              ^^^^^^^^^^^^^^^^^^^^^^^^^^^^^^^^^^^^^^^^^^^^^^^^^^^^^^^^^^^^^^^^^\n  File "/home/franklin/workspace/causaganha/src/djen_backup/djen.py", line 77, in get_caderno_url\n    resp.raise_for_status()\n  File "/home/franklin/workspace/causaganha/.venv/lib/python3.12/site-packages/httpx/_models.py", line 829, in raise_for_status\n    raise HTTPStatusError(message, request=request, response=self)\nhttpx.HTTPStatusError: Client error \'403 Forbidden\' for url \'https://comunicaapi.pje.jus.br/api/v1/caderno/TRT21/2026-04-02/D\'\nFor more information check: https://developer.mozilla.org/en-US/docs/Web/HTTP/Status/403'}
Traceback (most recent call last):
  File "/home/franklin/workspace/causaganha/src/djen_backup/backfill.py", line 557, in backfill_process_date
    zip_url = await get_caderno_url(client, config.djen_proxy_url, tribunal, d)
              ^^^^^^^^^^^^^^^^^^^^^^^^^^^^^^^^^^^^^^^^^^^^^^^^^^^^^^^^^^^^^^^^^
  File "/home/franklin/workspace/causaganha/src/djen_backup/djen.py", line 77, in get_caderno_url
    resp.raise_for_status()
  File "/home/franklin/workspace/causaganha/.venv/lib/python3.12/site-packages/httpx/_models.py", line 829, in raise_for_status
    raise HTTPStatusError(message, request=request, response=self)
httpx.HTTPStatusError: Client error '403 Forbidden' for url 'https://comunicaapi.pje.jus.br/api/v1/caderno/TRT21/2026-04-02/D'
For more information check: https://developer.mozilla.org/en-US/docs/Web/HTTP/Status/403
2026-04-08 22:44:41,047 WARNING  djen_backup.backfill  {'tribunal': 'TRT21', 'date': '2026-04-02', 'event': 'backfill_item_error', 'level': 'warning', 'timestamp': '2026-04-09T02:44:41.047098Z'}
2026-04-08 22:44:41,095 INFO     httpx  HTTP Request: GET https://comunicaapi.pje.jus.br/api/v1/caderno/TRT21/2026-04-01/D "HTTP/1.1 403 Forbidden"
2026-04-08 22:44:41,097 ERROR    djen_backup.backfill  {'tribunal': 'TRT21', 'date': '2026-04-01', 'event': 'backfill_download_error', 'level': 'error', 'timestamp': '2026-04-09T02:44:41.096685Z', 'exception': 'Traceback (most recent call last):\n  File "/home/franklin/workspace/causaganha/src/djen_backup/backfill.py", line 557, in backfill_process_date\n    zip_url = await get_caderno_url(client, config.djen_proxy_url, tribunal, d)\n              ^^^^^^^^^^^^^^^^^^^^^^^^^^^^^^^^^^^^^^^^^^^^^^^^^^^^^^^^^^^^^^^^^\n  File "/home/franklin/workspace/causaganha/src/djen_backup/djen.py", line 77, in get_caderno_url\n    resp.raise_for_status()\n  File "/home/franklin/workspace/causaganha/.venv/lib/python3.12/site-packages/httpx/_models.py", line 829, in raise_for_status\n    raise HTTPStatusError(message, request=request, response=self)\nhttpx.HTTPStatusError: Client error \'403 Forbidden\' for url \'https://comunicaapi.pje.jus.br/api/v1/caderno/TRT21/2026-04-01/D\'\nFor more information check: https://developer.mozilla.org/en-US/docs/Web/HTTP/Status/403'}
Traceback (most recent call last):
  File "/home/franklin/workspace/causaganha/src/djen_backup/backfill.py", line 557, in backfill_process_date
    zip_url = await get_caderno_url(client, config.djen_proxy_url, tribunal, d)
              ^^^^^^^^^^^^^^^^^^^^^^^^^^^^^^^^^^^^^^^^^^^^^^^^^^^^^^^^^^^^^^^^^
  File "/home/franklin/workspace/causaganha/src/djen_backup/djen.py", line 77, in get_caderno_url
    resp.raise_for_status()
  File "/home/franklin/workspace/causaganha/.venv/lib/python3.12/site-packages/httpx/_models.py", line 829, in raise_for_status
    raise HTTPStatusError(message, request=request, response=self)
httpx.HTTPStatusError: Client error '403 Forbidden' for url 'https://comunicaapi.pje.jus.br/api/v1/caderno/TRT21/2026-04-01/D'
For more information check: https://developer.mozilla.org/en-US/docs/Web/HTTP/Status/403
2026-04-08 22:44:41,168 WARNING  djen_backup.backfill  {'tribunal': 'TRT21', 'date': '2026-04-01', 'event': 'backfill_item_error', 'level': 'warning', 'timestamp': '2026-04-09T02:44:41.168467Z'}
2026-04-08 22:44:41,169 WARNING  djen_backup.backfill  {'tribunal': 'TRT21', 'year': 2026, 'reason': '3 consecutive errors', 'event': 'backfill_tribunal_skipped', 'level': 'warning', 'timestamp': '2026-04-09T02:44:41.169522Z'}
2026-04-08 22:44:41,409 INFO     httpx  HTTP Request: GET https://archive.org/metadata/djen-trt22-2026/files "HTTP/1.1 200 OK"
2026-04-08 22:44:41,412 INFO     djen_backup.backfill  {'tribunal': 'TRT22', 'year': 2026, 'gaps': 36, 'event': 'backfill_tribunal_year', 'level': 'info', 'timestamp': '2026-04-09T02:44:41.412274Z'}
2026-04-08 22:44:41,460 INFO     httpx  HTTP Request: GET https://comunicaapi.pje.jus.br/api/v1/caderno/TRT22/2026-04-03/D "HTTP/1.1 403 Forbidden"
2026-04-08 22:44:41,462 ERROR    djen_backup.backfill  {'tribunal': 'TRT22', 'date': '2026-04-03', 'event': 'backfill_download_error', 'level': 'error', 'timestamp': '2026-04-09T02:44:41.462236Z', 'exception': 'Traceback (most recent call last):\n  File "/home/franklin/workspace/causaganha/src/djen_backup/backfill.py", line 557, in backfill_process_date\n    zip_url = await get_caderno_url(client, config.djen_proxy_url, tribunal, d)\n              ^^^^^^^^^^^^^^^^^^^^^^^^^^^^^^^^^^^^^^^^^^^^^^^^^^^^^^^^^^^^^^^^^\n  File "/home/franklin/workspace/causaganha/src/djen_backup/djen.py", line 77, in get_caderno_url\n    resp.raise_for_status()\n  File "/home/franklin/workspace/causaganha/.venv/lib/python3.12/site-packages/httpx/_models.py", line 829, in raise_for_status\n    raise HTTPStatusError(message, request=request, response=self)\nhttpx.HTTPStatusError: Client error \'403 Forbidden\' for url \'https://comunicaapi.pje.jus.br/api/v1/caderno/TRT22/2026-04-03/D\'\nFor more information check: https://developer.mozilla.org/en-US/docs/Web/HTTP/Status/403'}
Traceback (most recent call last):
  File "/home/franklin/workspace/causaganha/src/djen_backup/backfill.py", line 557, in backfill_process_date
    zip_url = await get_caderno_url(client, config.djen_proxy_url, tribunal, d)
              ^^^^^^^^^^^^^^^^^^^^^^^^^^^^^^^^^^^^^^^^^^^^^^^^^^^^^^^^^^^^^^^^^
  File "/home/franklin/workspace/causaganha/src/djen_backup/djen.py", line 77, in get_caderno_url
    resp.raise_for_status()
  File "/home/franklin/workspace/causaganha/.venv/lib/python3.12/site-packages/httpx/_models.py", line 829, in raise_for_status
    raise HTTPStatusError(message, request=request, response=self)
httpx.HTTPStatusError: Client error '403 Forbidden' for url 'https://comunicaapi.pje.jus.br/api/v1/caderno/TRT22/2026-04-03/D'
For more information check: https://developer.mozilla.org/en-US/docs/Web/HTTP/Status/403
2026-04-08 22:44:41,534 WARNING  djen_backup.backfill  {'tribunal': 'TRT22', 'date': '2026-04-03', 'event': 'backfill_item_error', 'level': 'warning', 'timestamp': '2026-04-09T02:44:41.534174Z'}
2026-04-08 22:44:41,582 INFO     httpx  HTTP Request: GET https://comunicaapi.pje.jus.br/api/v1/caderno/TRT22/2026-04-02/D "HTTP/1.1 403 Forbidden"
2026-04-08 22:44:41,583 ERROR    djen_backup.backfill  {'tribunal': 'TRT22', 'date': '2026-04-02', 'event': 'backfill_download_error', 'level': 'error', 'timestamp': '2026-04-09T02:44:41.583284Z', 'exception': 'Traceback (most recent call last):\n  File "/home/franklin/workspace/causaganha/src/djen_backup/backfill.py", line 557, in backfill_process_date\n    zip_url = await get_caderno_url(client, config.djen_proxy_url, tribunal, d)\n              ^^^^^^^^^^^^^^^^^^^^^^^^^^^^^^^^^^^^^^^^^^^^^^^^^^^^^^^^^^^^^^^^^\n  File "/home/franklin/workspace/causaganha/src/djen_backup/djen.py", line 77, in get_caderno_url\n    resp.raise_for_status()\n  File "/home/franklin/workspace/causaganha/.venv/lib/python3.12/site-packages/httpx/_models.py", line 829, in raise_for_status\n    raise HTTPStatusError(message, request=request, response=self)\nhttpx.HTTPStatusError: Client error \'403 Forbidden\' for url \'https://comunicaapi.pje.jus.br/api/v1/caderno/TRT22/2026-04-02/D\'\nFor more information check: https://developer.mozilla.org/en-US/docs/Web/HTTP/Status/403'}
Traceback (most recent call last):
  File "/home/franklin/workspace/causaganha/src/djen_backup/backfill.py", line 557, in backfill_process_date
    zip_url = await get_caderno_url(client, config.djen_proxy_url, tribunal, d)
              ^^^^^^^^^^^^^^^^^^^^^^^^^^^^^^^^^^^^^^^^^^^^^^^^^^^^^^^^^^^^^^^^^
  File "/home/franklin/workspace/causaganha/src/djen_backup/djen.py", line 77, in get_caderno_url
    resp.raise_for_status()
  File "/home/franklin/workspace/causaganha/.venv/lib/python3.12/site-packages/httpx/_models.py", line 829, in raise_for_status
    raise HTTPStatusError(message, request=request, response=self)
httpx.HTTPStatusError: Client error '403 Forbidden' for url 'https://comunicaapi.pje.jus.br/api/v1/caderno/TRT22/2026-04-02/D'
For more information check: https://developer.mozilla.org/en-US/docs/Web/HTTP/Status/403
2026-04-08 22:44:41,657 WARNING  djen_backup.backfill  {'tribunal': 'TRT22', 'date': '2026-04-02', 'event': 'backfill_item_error', 'level': 'warning', 'timestamp': '2026-04-09T02:44:41.657703Z'}
2026-04-08 22:44:41,706 INFO     httpx  HTTP Request: GET https://comunicaapi.pje.jus.br/api/v1/caderno/TRT22/2026-04-01/D "HTTP/1.1 403 Forbidden"
2026-04-08 22:44:41,708 ERROR    djen_backup.backfill  {'tribunal': 'TRT22', 'date': '2026-04-01', 'event': 'backfill_download_error', 'level': 'error', 'timestamp': '2026-04-09T02:44:41.708290Z', 'exception': 'Traceback (most recent call last):\n  File "/home/franklin/workspace/causaganha/src/djen_backup/backfill.py", line 557, in backfill_process_date\n    zip_url = await get_caderno_url(client, config.djen_proxy_url, tribunal, d)\n              ^^^^^^^^^^^^^^^^^^^^^^^^^^^^^^^^^^^^^^^^^^^^^^^^^^^^^^^^^^^^^^^^^\n  File "/home/franklin/workspace/causaganha/src/djen_backup/djen.py", line 77, in get_caderno_url\n    resp.raise_for_status()\n  File "/home/franklin/workspace/causaganha/.venv/lib/python3.12/site-packages/httpx/_models.py", line 829, in raise_for_status\n    raise HTTPStatusError(message, request=request, response=self)\nhttpx.HTTPStatusError: Client error \'403 Forbidden\' for url \'https://comunicaapi.pje.jus.br/api/v1/caderno/TRT22/2026-04-01/D\'\nFor more information check: https://developer.mozilla.org/en-US/docs/Web/HTTP/Status/403'}
Traceback (most recent call last):
  File "/home/franklin/workspace/causaganha/src/djen_backup/backfill.py", line 557, in backfill_process_date
    zip_url = await get_caderno_url(client, config.djen_proxy_url, tribunal, d)
              ^^^^^^^^^^^^^^^^^^^^^^^^^^^^^^^^^^^^^^^^^^^^^^^^^^^^^^^^^^^^^^^^^
  File "/home/franklin/workspace/causaganha/src/djen_backup/djen.py", line 77, in get_caderno_url
    resp.raise_for_status()
  File "/home/franklin/workspace/causaganha/.venv/lib/python3.12/site-packages/httpx/_models.py", line 829, in raise_for_status
    raise HTTPStatusError(message, request=request, response=self)
httpx.HTTPStatusError: Client error '403 Forbidden' for url 'https://comunicaapi.pje.jus.br/api/v1/caderno/TRT22/2026-04-01/D'
For more information check: https://developer.mozilla.org/en-US/docs/Web/HTTP/Status/403
2026-04-08 22:44:41,788 WARNING  djen_backup.backfill  {'tribunal': 'TRT22', 'date': '2026-04-01', 'event': 'backfill_item_error', 'level': 'warning', 'timestamp': '2026-04-09T02:44:41.788336Z'}
2026-04-08 22:44:41,789 WARNING  djen_backup.backfill  {'tribunal': 'TRT22', 'year': 2026, 'reason': '3 consecutive errors', 'event': 'backfill_tribunal_skipped', 'level': 'warning', 'timestamp': '2026-04-09T02:44:41.789850Z'}
2026-04-08 22:44:42,291 INFO     httpx  HTTP Request: GET https://archive.org/metadata/djen-trt23-2026/files "HTTP/1.1 200 OK"
2026-04-08 22:44:42,293 INFO     djen_backup.backfill  {'tribunal': 'TRT23', 'year': 2026, 'gaps': 36, 'event': 'backfill_tribunal_year', 'level': 'info', 'timestamp': '2026-04-09T02:44:42.293666Z'}
2026-04-08 22:44:42,341 INFO     httpx  HTTP Request: GET https://comunicaapi.pje.jus.br/api/v1/caderno/TRT23/2026-04-03/D "HTTP/1.1 403 Forbidden"
2026-04-08 22:44:42,342 ERROR    djen_backup.backfill  {'tribunal': 'TRT23', 'date': '2026-04-03', 'event': 'backfill_download_error', 'level': 'error', 'timestamp': '2026-04-09T02:44:42.342315Z', 'exception': 'Traceback (most recent call last):\n  File "/home/franklin/workspace/causaganha/src/djen_backup/backfill.py", line 557, in backfill_process_date\n    zip_url = await get_caderno_url(client, config.djen_proxy_url, tribunal, d)\n              ^^^^^^^^^^^^^^^^^^^^^^^^^^^^^^^^^^^^^^^^^^^^^^^^^^^^^^^^^^^^^^^^^\n  File "/home/franklin/workspace/causaganha/src/djen_backup/djen.py", line 77, in get_caderno_url\n    resp.raise_for_status()\n  File "/home/franklin/workspace/causaganha/.venv/lib/python3.12/site-packages/httpx/_models.py", line 829, in raise_for_status\n    raise HTTPStatusError(message, request=request, response=self)\nhttpx.HTTPStatusError: Client error \'403 Forbidden\' for url \'https://comunicaapi.pje.jus.br/api/v1/caderno/TRT23/2026-04-03/D\'\nFor more information check: https://developer.mozilla.org/en-US/docs/Web/HTTP/Status/403'}
Traceback (most recent call last):
  File "/home/franklin/workspace/causaganha/src/djen_backup/backfill.py", line 557, in backfill_process_date
    zip_url = await get_caderno_url(client, config.djen_proxy_url, tribunal, d)
              ^^^^^^^^^^^^^^^^^^^^^^^^^^^^^^^^^^^^^^^^^^^^^^^^^^^^^^^^^^^^^^^^^
  File "/home/franklin/workspace/causaganha/src/djen_backup/djen.py", line 77, in get_caderno_url
    resp.raise_for_status()
  File "/home/franklin/workspace/causaganha/.venv/lib/python3.12/site-packages/httpx/_models.py", line 829, in raise_for_status
    raise HTTPStatusError(message, request=request, response=self)
httpx.HTTPStatusError: Client error '403 Forbidden' for url 'https://comunicaapi.pje.jus.br/api/v1/caderno/TRT23/2026-04-03/D'
For more information check: https://developer.mozilla.org/en-US/docs/Web/HTTP/Status/403
2026-04-08 22:44:42,500 WARNING  djen_backup.backfill  {'tribunal': 'TRT23', 'date': '2026-04-03', 'event': 'backfill_item_error', 'level': 'warning', 'timestamp': '2026-04-09T02:44:42.500291Z'}
2026-04-08 22:44:42,548 INFO     httpx  HTTP Request: GET https://comunicaapi.pje.jus.br/api/v1/caderno/TRT23/2026-04-02/D "HTTP/1.1 403 Forbidden"
2026-04-08 22:44:42,549 ERROR    djen_backup.backfill  {'tribunal': 'TRT23', 'date': '2026-04-02', 'event': 'backfill_download_error', 'level': 'error', 'timestamp': '2026-04-09T02:44:42.549504Z', 'exception': 'Traceback (most recent call last):\n  File "/home/franklin/workspace/causaganha/src/djen_backup/backfill.py", line 557, in backfill_process_date\n    zip_url = await get_caderno_url(client, config.djen_proxy_url, tribunal, d)\n              ^^^^^^^^^^^^^^^^^^^^^^^^^^^^^^^^^^^^^^^^^^^^^^^^^^^^^^^^^^^^^^^^^\n  File "/home/franklin/workspace/causaganha/src/djen_backup/djen.py", line 77, in get_caderno_url\n    resp.raise_for_status()\n  File "/home/franklin/workspace/causaganha/.venv/lib/python3.12/site-packages/httpx/_models.py", line 829, in raise_for_status\n    raise HTTPStatusError(message, request=request, response=self)\nhttpx.HTTPStatusError: Client error \'403 Forbidden\' for url \'https://comunicaapi.pje.jus.br/api/v1/caderno/TRT23/2026-04-02/D\'\nFor more information check: https://developer.mozilla.org/en-US/docs/Web/HTTP/Status/403'}
Traceback (most recent call last):
  File "/home/franklin/workspace/causaganha/src/djen_backup/backfill.py", line 557, in backfill_process_date
    zip_url = await get_caderno_url(client, config.djen_proxy_url, tribunal, d)
              ^^^^^^^^^^^^^^^^^^^^^^^^^^^^^^^^^^^^^^^^^^^^^^^^^^^^^^^^^^^^^^^^^
  File "/home/franklin/workspace/causaganha/src/djen_backup/djen.py", line 77, in get_caderno_url
    resp.raise_for_status()
  File "/home/franklin/workspace/causaganha/.venv/lib/python3.12/site-packages/httpx/_models.py", line 829, in raise_for_status
    raise HTTPStatusError(message, request=request, response=self)
httpx.HTTPStatusError: Client error '403 Forbidden' for url 'https://comunicaapi.pje.jus.br/api/v1/caderno/TRT23/2026-04-02/D'
For more information check: https://developer.mozilla.org/en-US/docs/Web/HTTP/Status/403
2026-04-08 22:44:42,626 WARNING  djen_backup.backfill  {'tribunal': 'TRT23', 'date': '2026-04-02', 'event': 'backfill_item_error', 'level': 'warning', 'timestamp': '2026-04-09T02:44:42.626577Z'}
2026-04-08 22:44:42,674 INFO     httpx  HTTP Request: GET https://comunicaapi.pje.jus.br/api/v1/caderno/TRT23/2026-04-01/D "HTTP/1.1 403 Forbidden"
2026-04-08 22:44:42,676 ERROR    djen_backup.backfill  {'tribunal': 'TRT23', 'date': '2026-04-01', 'event': 'backfill_download_error', 'level': 'error', 'timestamp': '2026-04-09T02:44:42.675881Z', 'exception': 'Traceback (most recent call last):\n  File "/home/franklin/workspace/causaganha/src/djen_backup/backfill.py", line 557, in backfill_process_date\n    zip_url = await get_caderno_url(client, config.djen_proxy_url, tribunal, d)\n              ^^^^^^^^^^^^^^^^^^^^^^^^^^^^^^^^^^^^^^^^^^^^^^^^^^^^^^^^^^^^^^^^^\n  File "/home/franklin/workspace/causaganha/src/djen_backup/djen.py", line 77, in get_caderno_url\n    resp.raise_for_status()\n  File "/home/franklin/workspace/causaganha/.venv/lib/python3.12/site-packages/httpx/_models.py", line 829, in raise_for_status\n    raise HTTPStatusError(message, request=request, response=self)\nhttpx.HTTPStatusError: Client error \'403 Forbidden\' for url \'https://comunicaapi.pje.jus.br/api/v1/caderno/TRT23/2026-04-01/D\'\nFor more information check: https://developer.mozilla.org/en-US/docs/Web/HTTP/Status/403'}
Traceback (most recent call last):
  File "/home/franklin/workspace/causaganha/src/djen_backup/backfill.py", line 557, in backfill_process_date
    zip_url = await get_caderno_url(client, config.djen_proxy_url, tribunal, d)
              ^^^^^^^^^^^^^^^^^^^^^^^^^^^^^^^^^^^^^^^^^^^^^^^^^^^^^^^^^^^^^^^^^
  File "/home/franklin/workspace/causaganha/src/djen_backup/djen.py", line 77, in get_caderno_url
    resp.raise_for_status()
  File "/home/franklin/workspace/causaganha/.venv/lib/python3.12/site-packages/httpx/_models.py", line 829, in raise_for_status
    raise HTTPStatusError(message, request=request, response=self)
httpx.HTTPStatusError: Client error '403 Forbidden' for url 'https://comunicaapi.pje.jus.br/api/v1/caderno/TRT23/2026-04-01/D'
For more information check: https://developer.mozilla.org/en-US/docs/Web/HTTP/Status/403
2026-04-08 22:44:42,758 WARNING  djen_backup.backfill  {'tribunal': 'TRT23', 'date': '2026-04-01', 'event': 'backfill_item_error', 'level': 'warning', 'timestamp': '2026-04-09T02:44:42.758322Z'}
2026-04-08 22:44:42,760 WARNING  djen_backup.backfill  {'tribunal': 'TRT23', 'year': 2026, 'reason': '3 consecutive errors', 'event': 'backfill_tribunal_skipped', 'level': 'warning', 'timestamp': '2026-04-09T02:44:42.760092Z'}
2026-04-08 22:44:42,993 INFO     httpx  HTTP Request: GET https://archive.org/metadata/djen-trt24-2026/files "HTTP/1.1 200 OK"
2026-04-08 22:44:42,995 INFO     djen_backup.backfill  {'tribunal': 'TRT24', 'year': 2026, 'gaps': 35, 'event': 'backfill_tribunal_year', 'level': 'info', 'timestamp': '2026-04-09T02:44:42.995095Z'}
2026-04-08 22:44:43,042 INFO     httpx  HTTP Request: GET https://comunicaapi.pje.jus.br/api/v1/caderno/TRT24/2026-04-03/D "HTTP/1.1 403 Forbidden"
2026-04-08 22:44:43,044 ERROR    djen_backup.backfill  {'tribunal': 'TRT24', 'date': '2026-04-03', 'event': 'backfill_download_error', 'level': 'error', 'timestamp': '2026-04-09T02:44:43.044317Z', 'exception': 'Traceback (most recent call last):\n  File "/home/franklin/workspace/causaganha/src/djen_backup/backfill.py", line 557, in backfill_process_date\n    zip_url = await get_caderno_url(client, config.djen_proxy_url, tribunal, d)\n              ^^^^^^^^^^^^^^^^^^^^^^^^^^^^^^^^^^^^^^^^^^^^^^^^^^^^^^^^^^^^^^^^^\n  File "/home/franklin/workspace/causaganha/src/djen_backup/djen.py", line 77, in get_caderno_url\n    resp.raise_for_status()\n  File "/home/franklin/workspace/causaganha/.venv/lib/python3.12/site-packages/httpx/_models.py", line 829, in raise_for_status\n    raise HTTPStatusError(message, request=request, response=self)\nhttpx.HTTPStatusError: Client error \'403 Forbidden\' for url \'https://comunicaapi.pje.jus.br/api/v1/caderno/TRT24/2026-04-03/D\'\nFor more information check: https://developer.mozilla.org/en-US/docs/Web/HTTP/Status/403'}
Traceback (most recent call last):
  File "/home/franklin/workspace/causaganha/src/djen_backup/backfill.py", line 557, in backfill_process_date
    zip_url = await get_caderno_url(client, config.djen_proxy_url, tribunal, d)
              ^^^^^^^^^^^^^^^^^^^^^^^^^^^^^^^^^^^^^^^^^^^^^^^^^^^^^^^^^^^^^^^^^
  File "/home/franklin/workspace/causaganha/src/djen_backup/djen.py", line 77, in get_caderno_url
    resp.raise_for_status()
  File "/home/franklin/workspace/causaganha/.venv/lib/python3.12/site-packages/httpx/_models.py", line 829, in raise_for_status
    raise HTTPStatusError(message, request=request, response=self)
httpx.HTTPStatusError: Client error '403 Forbidden' for url 'https://comunicaapi.pje.jus.br/api/v1/caderno/TRT24/2026-04-03/D'
For more information check: https://developer.mozilla.org/en-US/docs/Web/HTTP/Status/403
2026-04-08 22:44:43,117 WARNING  djen_backup.backfill  {'tribunal': 'TRT24', 'date': '2026-04-03', 'event': 'backfill_item_error', 'level': 'warning', 'timestamp': '2026-04-09T02:44:43.117691Z'}
2026-04-08 22:44:43,165 INFO     httpx  HTTP Request: GET https://comunicaapi.pje.jus.br/api/v1/caderno/TRT24/2026-04-02/D "HTTP/1.1 403 Forbidden"
2026-04-08 22:44:43,167 ERROR    djen_backup.backfill  {'tribunal': 'TRT24', 'date': '2026-04-02', 'event': 'backfill_download_error', 'level': 'error', 'timestamp': '2026-04-09T02:44:43.166745Z', 'exception': 'Traceback (most recent call last):\n  File "/home/franklin/workspace/causaganha/src/djen_backup/backfill.py", line 557, in backfill_process_date\n    zip_url = await get_caderno_url(client, config.djen_proxy_url, tribunal, d)\n              ^^^^^^^^^^^^^^^^^^^^^^^^^^^^^^^^^^^^^^^^^^^^^^^^^^^^^^^^^^^^^^^^^\n  File "/home/franklin/workspace/causaganha/src/djen_backup/djen.py", line 77, in get_caderno_url\n    resp.raise_for_status()\n  File "/home/franklin/workspace/causaganha/.venv/lib/python3.12/site-packages/httpx/_models.py", line 829, in raise_for_status\n    raise HTTPStatusError(message, request=request, response=self)\nhttpx.HTTPStatusError: Client error \'403 Forbidden\' for url \'https://comunicaapi.pje.jus.br/api/v1/caderno/TRT24/2026-04-02/D\'\nFor more information check: https://developer.mozilla.org/en-US/docs/Web/HTTP/Status/403'}
Traceback (most recent call last):
  File "/home/franklin/workspace/causaganha/src/djen_backup/backfill.py", line 557, in backfill_process_date
    zip_url = await get_caderno_url(client, config.djen_proxy_url, tribunal, d)
              ^^^^^^^^^^^^^^^^^^^^^^^^^^^^^^^^^^^^^^^^^^^^^^^^^^^^^^^^^^^^^^^^^
  File "/home/franklin/workspace/causaganha/src/djen_backup/djen.py", line 77, in get_caderno_url
    resp.raise_for_status()
  File "/home/franklin/workspace/causaganha/.venv/lib/python3.12/site-packages/httpx/_models.py", line 829, in raise_for_status
    raise HTTPStatusError(message, request=request, response=self)
httpx.HTTPStatusError: Client error '403 Forbidden' for url 'https://comunicaapi.pje.jus.br/api/v1/caderno/TRT24/2026-04-02/D'
For more information check: https://developer.mozilla.org/en-US/docs/Web/HTTP/Status/403
2026-04-08 22:44:43,243 WARNING  djen_backup.backfill  {'tribunal': 'TRT24', 'date': '2026-04-02', 'event': 'backfill_item_error', 'level': 'warning', 'timestamp': '2026-04-09T02:44:43.243368Z'}
2026-04-08 22:44:43,291 INFO     httpx  HTTP Request: GET https://comunicaapi.pje.jus.br/api/v1/caderno/TRT24/2026-04-01/D "HTTP/1.1 403 Forbidden"
2026-04-08 22:44:43,294 ERROR    djen_backup.backfill  {'tribunal': 'TRT24', 'date': '2026-04-01', 'event': 'backfill_download_error', 'level': 'error', 'timestamp': '2026-04-09T02:44:43.293941Z', 'exception': 'Traceback (most recent call last):\n  File "/home/franklin/workspace/causaganha/src/djen_backup/backfill.py", line 557, in backfill_process_date\n    zip_url = await get_caderno_url(client, config.djen_proxy_url, tribunal, d)\n              ^^^^^^^^^^^^^^^^^^^^^^^^^^^^^^^^^^^^^^^^^^^^^^^^^^^^^^^^^^^^^^^^^\n  File "/home/franklin/workspace/causaganha/src/djen_backup/djen.py", line 77, in get_caderno_url\n    resp.raise_for_status()\n  File "/home/franklin/workspace/causaganha/.venv/lib/python3.12/site-packages/httpx/_models.py", line 829, in raise_for_status\n    raise HTTPStatusError(message, request=request, response=self)\nhttpx.HTTPStatusError: Client error \'403 Forbidden\' for url \'https://comunicaapi.pje.jus.br/api/v1/caderno/TRT24/2026-04-01/D\'\nFor more information check: https://developer.mozilla.org/en-US/docs/Web/HTTP/Status/403'}
Traceback (most recent call last):
  File "/home/franklin/workspace/causaganha/src/djen_backup/backfill.py", line 557, in backfill_process_date
    zip_url = await get_caderno_url(client, config.djen_proxy_url, tribunal, d)
              ^^^^^^^^^^^^^^^^^^^^^^^^^^^^^^^^^^^^^^^^^^^^^^^^^^^^^^^^^^^^^^^^^
  File "/home/franklin/workspace/causaganha/src/djen_backup/djen.py", line 77, in get_caderno_url
    resp.raise_for_status()
  File "/home/franklin/workspace/causaganha/.venv/lib/python3.12/site-packages/httpx/_models.py", line 829, in raise_for_status
    raise HTTPStatusError(message, request=request, response=self)
httpx.HTTPStatusError: Client error '403 Forbidden' for url 'https://comunicaapi.pje.jus.br/api/v1/caderno/TRT24/2026-04-01/D'
For more information check: https://developer.mozilla.org/en-US/docs/Web/HTTP/Status/403
2026-04-08 22:44:43,390 WARNING  djen_backup.backfill  {'tribunal': 'TRT24', 'date': '2026-04-01', 'event': 'backfill_item_error', 'level': 'warning', 'timestamp': '2026-04-09T02:44:43.389987Z'}
2026-04-08 22:44:43,390 WARNING  djen_backup.backfill  {'tribunal': 'TRT24', 'year': 2026, 'reason': '3 consecutive errors', 'event': 'backfill_tribunal_skipped', 'level': 'warning', 'timestamp': '2026-04-09T02:44:43.390962Z'}
2026-04-08 22:44:43,753 INFO     httpx  HTTP Request: GET https://archive.org/metadata/djen-trt3-2026/files "HTTP/1.1 200 OK"
2026-04-08 22:44:43,756 INFO     djen_backup.backfill  {'tribunal': 'TRT3', 'year': 2026, 'gaps': 31, 'event': 'backfill_tribunal_year', 'level': 'info', 'timestamp': '2026-04-09T02:44:43.756380Z'}
2026-04-08 22:44:43,803 INFO     httpx  HTTP Request: GET https://comunicaapi.pje.jus.br/api/v1/caderno/TRT3/2026-04-03/D "HTTP/1.1 403 Forbidden"
2026-04-08 22:44:43,806 ERROR    djen_backup.backfill  {'tribunal': 'TRT3', 'date': '2026-04-03', 'event': 'backfill_download_error', 'level': 'error', 'timestamp': '2026-04-09T02:44:43.805679Z', 'exception': 'Traceback (most recent call last):\n  File "/home/franklin/workspace/causaganha/src/djen_backup/backfill.py", line 557, in backfill_process_date\n    zip_url = await get_caderno_url(client, config.djen_proxy_url, tribunal, d)\n              ^^^^^^^^^^^^^^^^^^^^^^^^^^^^^^^^^^^^^^^^^^^^^^^^^^^^^^^^^^^^^^^^^\n  File "/home/franklin/workspace/causaganha/src/djen_backup/djen.py", line 77, in get_caderno_url\n    resp.raise_for_status()\n  File "/home/franklin/workspace/causaganha/.venv/lib/python3.12/site-packages/httpx/_models.py", line 829, in raise_for_status\n    raise HTTPStatusError(message, request=request, response=self)\nhttpx.HTTPStatusError: Client error \'403 Forbidden\' for url \'https://comunicaapi.pje.jus.br/api/v1/caderno/TRT3/2026-04-03/D\'\nFor more information check: https://developer.mozilla.org/en-US/docs/Web/HTTP/Status/403'}
Traceback (most recent call last):
  File "/home/franklin/workspace/causaganha/src/djen_backup/backfill.py", line 557, in backfill_process_date
    zip_url = await get_caderno_url(client, config.djen_proxy_url, tribunal, d)
              ^^^^^^^^^^^^^^^^^^^^^^^^^^^^^^^^^^^^^^^^^^^^^^^^^^^^^^^^^^^^^^^^^
  File "/home/franklin/workspace/causaganha/src/djen_backup/djen.py", line 77, in get_caderno_url
    resp.raise_for_status()
  File "/home/franklin/workspace/causaganha/.venv/lib/python3.12/site-packages/httpx/_models.py", line 829, in raise_for_status
    raise HTTPStatusError(message, request=request, response=self)
httpx.HTTPStatusError: Client error '403 Forbidden' for url 'https://comunicaapi.pje.jus.br/api/v1/caderno/TRT3/2026-04-03/D'
For more information check: https://developer.mozilla.org/en-US/docs/Web/HTTP/Status/403
2026-04-08 22:44:43,886 WARNING  djen_backup.backfill  {'tribunal': 'TRT3', 'date': '2026-04-03', 'event': 'backfill_item_error', 'level': 'warning', 'timestamp': '2026-04-09T02:44:43.885975Z'}
2026-04-08 22:44:43,934 INFO     httpx  HTTP Request: GET https://comunicaapi.pje.jus.br/api/v1/caderno/TRT3/2026-04-02/D "HTTP/1.1 403 Forbidden"
2026-04-08 22:44:43,936 ERROR    djen_backup.backfill  {'tribunal': 'TRT3', 'date': '2026-04-02', 'event': 'backfill_download_error', 'level': 'error', 'timestamp': '2026-04-09T02:44:43.935821Z', 'exception': 'Traceback (most recent call last):\n  File "/home/franklin/workspace/causaganha/src/djen_backup/backfill.py", line 557, in backfill_process_date\n    zip_url = await get_caderno_url(client, config.djen_proxy_url, tribunal, d)\n              ^^^^^^^^^^^^^^^^^^^^^^^^^^^^^^^^^^^^^^^^^^^^^^^^^^^^^^^^^^^^^^^^^\n  File "/home/franklin/workspace/causaganha/src/djen_backup/djen.py", line 77, in get_caderno_url\n    resp.raise_for_status()\n  File "/home/franklin/workspace/causaganha/.venv/lib/python3.12/site-packages/httpx/_models.py", line 829, in raise_for_status\n    raise HTTPStatusError(message, request=request, response=self)\nhttpx.HTTPStatusError: Client error \'403 Forbidden\' for url \'https://comunicaapi.pje.jus.br/api/v1/caderno/TRT3/2026-04-02/D\'\nFor more information check: https://developer.mozilla.org/en-US/docs/Web/HTTP/Status/403'}
Traceback (most recent call last):
  File "/home/franklin/workspace/causaganha/src/djen_backup/backfill.py", line 557, in backfill_process_date
    zip_url = await get_caderno_url(client, config.djen_proxy_url, tribunal, d)
              ^^^^^^^^^^^^^^^^^^^^^^^^^^^^^^^^^^^^^^^^^^^^^^^^^^^^^^^^^^^^^^^^^
  File "/home/franklin/workspace/causaganha/src/djen_backup/djen.py", line 77, in get_caderno_url
    resp.raise_for_status()
  File "/home/franklin/workspace/causaganha/.venv/lib/python3.12/site-packages/httpx/_models.py", line 829, in raise_for_status
    raise HTTPStatusError(message, request=request, response=self)
httpx.HTTPStatusError: Client error '403 Forbidden' for url 'https://comunicaapi.pje.jus.br/api/v1/caderno/TRT3/2026-04-02/D'
For more information check: https://developer.mozilla.org/en-US/docs/Web/HTTP/Status/403
2026-04-08 22:44:44,008 WARNING  djen_backup.backfill  {'tribunal': 'TRT3', 'date': '2026-04-02', 'event': 'backfill_item_error', 'level': 'warning', 'timestamp': '2026-04-09T02:44:44.008173Z'}
2026-04-08 22:44:44,056 INFO     httpx  HTTP Request: GET https://comunicaapi.pje.jus.br/api/v1/caderno/TRT3/2026-03-29/D "HTTP/1.1 403 Forbidden"
2026-04-08 22:44:44,058 ERROR    djen_backup.backfill  {'tribunal': 'TRT3', 'date': '2026-03-29', 'event': 'backfill_download_error', 'level': 'error', 'timestamp': '2026-04-09T02:44:44.057846Z', 'exception': 'Traceback (most recent call last):\n  File "/home/franklin/workspace/causaganha/src/djen_backup/backfill.py", line 557, in backfill_process_date\n    zip_url = await get_caderno_url(client, config.djen_proxy_url, tribunal, d)\n              ^^^^^^^^^^^^^^^^^^^^^^^^^^^^^^^^^^^^^^^^^^^^^^^^^^^^^^^^^^^^^^^^^\n  File "/home/franklin/workspace/causaganha/src/djen_backup/djen.py", line 77, in get_caderno_url\n    resp.raise_for_status()\n  File "/home/franklin/workspace/causaganha/.venv/lib/python3.12/site-packages/httpx/_models.py", line 829, in raise_for_status\n    raise HTTPStatusError(message, request=request, response=self)\nhttpx.HTTPStatusError: Client error \'403 Forbidden\' for url \'https://comunicaapi.pje.jus.br/api/v1/caderno/TRT3/2026-03-29/D\'\nFor more information check: https://developer.mozilla.org/en-US/docs/Web/HTTP/Status/403'}
Traceback (most recent call last):
  File "/home/franklin/workspace/causaganha/src/djen_backup/backfill.py", line 557, in backfill_process_date
    zip_url = await get_caderno_url(client, config.djen_proxy_url, tribunal, d)
              ^^^^^^^^^^^^^^^^^^^^^^^^^^^^^^^^^^^^^^^^^^^^^^^^^^^^^^^^^^^^^^^^^
  File "/home/franklin/workspace/causaganha/src/djen_backup/djen.py", line 77, in get_caderno_url
    resp.raise_for_status()
  File "/home/franklin/workspace/causaganha/.venv/lib/python3.12/site-packages/httpx/_models.py", line 829, in raise_for_status
    raise HTTPStatusError(message, request=request, response=self)
httpx.HTTPStatusError: Client error '403 Forbidden' for url 'https://comunicaapi.pje.jus.br/api/v1/caderno/TRT3/2026-03-29/D'
For more information check: https://developer.mozilla.org/en-US/docs/Web/HTTP/Status/403
2026-04-08 22:44:44,128 WARNING  djen_backup.backfill  {'tribunal': 'TRT3', 'date': '2026-03-29', 'event': 'backfill_item_error', 'level': 'warning', 'timestamp': '2026-04-09T02:44:44.128395Z'}
2026-04-08 22:44:44,129 WARNING  djen_backup.backfill  {'tribunal': 'TRT3', 'year': 2026, 'reason': '3 consecutive errors', 'event': 'backfill_tribunal_skipped', 'level': 'warning', 'timestamp': '2026-04-09T02:44:44.129309Z'}
2026-04-08 22:44:44,474 INFO     httpx  HTTP Request: GET https://archive.org/metadata/djen-trt4-2026/files "HTTP/1.1 200 OK"
2026-04-08 22:44:44,476 INFO     djen_backup.backfill  {'tribunal': 'TRT4', 'year': 2026, 'gaps': 35, 'event': 'backfill_tribunal_year', 'level': 'info', 'timestamp': '2026-04-09T02:44:44.476223Z'}
2026-04-08 22:44:44,562 INFO     httpx  HTTP Request: GET https://comunicaapi.pje.jus.br/api/v1/caderno/TRT4/2026-04-03/D "HTTP/1.1 403 Forbidden"
2026-04-08 22:44:44,564 ERROR    djen_backup.backfill  {'tribunal': 'TRT4', 'date': '2026-04-03', 'event': 'backfill_download_error', 'level': 'error', 'timestamp': '2026-04-09T02:44:44.564033Z', 'exception': 'Traceback (most recent call last):\n  File "/home/franklin/workspace/causaganha/src/djen_backup/backfill.py", line 557, in backfill_process_date\n    zip_url = await get_caderno_url(client, config.djen_proxy_url, tribunal, d)\n              ^^^^^^^^^^^^^^^^^^^^^^^^^^^^^^^^^^^^^^^^^^^^^^^^^^^^^^^^^^^^^^^^^\n  File "/home/franklin/workspace/causaganha/src/djen_backup/djen.py", line 77, in get_caderno_url\n    resp.raise_for_status()\n  File "/home/franklin/workspace/causaganha/.venv/lib/python3.12/site-packages/httpx/_models.py", line 829, in raise_for_status\n    raise HTTPStatusError(message, request=request, response=self)\nhttpx.HTTPStatusError: Client error \'403 Forbidden\' for url \'https://comunicaapi.pje.jus.br/api/v1/caderno/TRT4/2026-04-03/D\'\nFor more information check: https://developer.mozilla.org/en-US/docs/Web/HTTP/Status/403'}
Traceback (most recent call last):
  File "/home/franklin/workspace/causaganha/src/djen_backup/backfill.py", line 557, in backfill_process_date
    zip_url = await get_caderno_url(client, config.djen_proxy_url, tribunal, d)
              ^^^^^^^^^^^^^^^^^^^^^^^^^^^^^^^^^^^^^^^^^^^^^^^^^^^^^^^^^^^^^^^^^
  File "/home/franklin/workspace/causaganha/src/djen_backup/djen.py", line 77, in get_caderno_url
    resp.raise_for_status()
  File "/home/franklin/workspace/causaganha/.venv/lib/python3.12/site-packages/httpx/_models.py", line 829, in raise_for_status
    raise HTTPStatusError(message, request=request, response=self)
httpx.HTTPStatusError: Client error '403 Forbidden' for url 'https://comunicaapi.pje.jus.br/api/v1/caderno/TRT4/2026-04-03/D'
For more information check: https://developer.mozilla.org/en-US/docs/Web/HTTP/Status/403
2026-04-08 22:44:44,634 WARNING  djen_backup.backfill  {'tribunal': 'TRT4', 'date': '2026-04-03', 'event': 'backfill_item_error', 'level': 'warning', 'timestamp': '2026-04-09T02:44:44.634134Z'}
2026-04-08 22:44:44,707 INFO     httpx  HTTP Request: GET https://comunicaapi.pje.jus.br/api/v1/caderno/TRT4/2026-04-02/D "HTTP/1.1 403 Forbidden"
2026-04-08 22:44:44,709 ERROR    djen_backup.backfill  {'tribunal': 'TRT4', 'date': '2026-04-02', 'event': 'backfill_download_error', 'level': 'error', 'timestamp': '2026-04-09T02:44:44.708937Z', 'exception': 'Traceback (most recent call last):\n  File "/home/franklin/workspace/causaganha/src/djen_backup/backfill.py", line 557, in backfill_process_date\n    zip_url = await get_caderno_url(client, config.djen_proxy_url, tribunal, d)\n              ^^^^^^^^^^^^^^^^^^^^^^^^^^^^^^^^^^^^^^^^^^^^^^^^^^^^^^^^^^^^^^^^^\n  File "/home/franklin/workspace/causaganha/src/djen_backup/djen.py", line 77, in get_caderno_url\n    resp.raise_for_status()\n  File "/home/franklin/workspace/causaganha/.venv/lib/python3.12/site-packages/httpx/_models.py", line 829, in raise_for_status\n    raise HTTPStatusError(message, request=request, response=self)\nhttpx.HTTPStatusError: Client error \'403 Forbidden\' for url \'https://comunicaapi.pje.jus.br/api/v1/caderno/TRT4/2026-04-02/D\'\nFor more information check: https://developer.mozilla.org/en-US/docs/Web/HTTP/Status/403'}
Traceback (most recent call last):
  File "/home/franklin/workspace/causaganha/src/djen_backup/backfill.py", line 557, in backfill_process_date
    zip_url = await get_caderno_url(client, config.djen_proxy_url, tribunal, d)
              ^^^^^^^^^^^^^^^^^^^^^^^^^^^^^^^^^^^^^^^^^^^^^^^^^^^^^^^^^^^^^^^^^
  File "/home/franklin/workspace/causaganha/src/djen_backup/djen.py", line 77, in get_caderno_url
    resp.raise_for_status()
  File "/home/franklin/workspace/causaganha/.venv/lib/python3.12/site-packages/httpx/_models.py", line 829, in raise_for_status
    raise HTTPStatusError(message, request=request, response=self)
httpx.HTTPStatusError: Client error '403 Forbidden' for url 'https://comunicaapi.pje.jus.br/api/v1/caderno/TRT4/2026-04-02/D'
For more information check: https://developer.mozilla.org/en-US/docs/Web/HTTP/Status/403
2026-04-08 22:44:44,777 WARNING  djen_backup.backfill  {'tribunal': 'TRT4', 'date': '2026-04-02', 'event': 'backfill_item_error', 'level': 'warning', 'timestamp': '2026-04-09T02:44:44.777728Z'}
2026-04-08 22:44:44,845 INFO     httpx  HTTP Request: GET https://comunicaapi.pje.jus.br/api/v1/caderno/TRT4/2026-04-01/D "HTTP/1.1 403 Forbidden"
2026-04-08 22:44:44,847 ERROR    djen_backup.backfill  {'tribunal': 'TRT4', 'date': '2026-04-01', 'event': 'backfill_download_error', 'level': 'error', 'timestamp': '2026-04-09T02:44:44.846839Z', 'exception': 'Traceback (most recent call last):\n  File "/home/franklin/workspace/causaganha/src/djen_backup/backfill.py", line 557, in backfill_process_date\n    zip_url = await get_caderno_url(client, config.djen_proxy_url, tribunal, d)\n              ^^^^^^^^^^^^^^^^^^^^^^^^^^^^^^^^^^^^^^^^^^^^^^^^^^^^^^^^^^^^^^^^^\n  File "/home/franklin/workspace/causaganha/src/djen_backup/djen.py", line 77, in get_caderno_url\n    resp.raise_for_status()\n  File "/home/franklin/workspace/causaganha/.venv/lib/python3.12/site-packages/httpx/_models.py", line 829, in raise_for_status\n    raise HTTPStatusError(message, request=request, response=self)\nhttpx.HTTPStatusError: Client error \'403 Forbidden\' for url \'https://comunicaapi.pje.jus.br/api/v1/caderno/TRT4/2026-04-01/D\'\nFor more information check: https://developer.mozilla.org/en-US/docs/Web/HTTP/Status/403'}
Traceback (most recent call last):
  File "/home/franklin/workspace/causaganha/src/djen_backup/backfill.py", line 557, in backfill_process_date
    zip_url = await get_caderno_url(client, config.djen_proxy_url, tribunal, d)
              ^^^^^^^^^^^^^^^^^^^^^^^^^^^^^^^^^^^^^^^^^^^^^^^^^^^^^^^^^^^^^^^^^
  File "/home/franklin/workspace/causaganha/src/djen_backup/djen.py", line 77, in get_caderno_url
    resp.raise_for_status()
  File "/home/franklin/workspace/causaganha/.venv/lib/python3.12/site-packages/httpx/_models.py", line 829, in raise_for_status
    raise HTTPStatusError(message, request=request, response=self)
httpx.HTTPStatusError: Client error '403 Forbidden' for url 'https://comunicaapi.pje.jus.br/api/v1/caderno/TRT4/2026-04-01/D'
For more information check: https://developer.mozilla.org/en-US/docs/Web/HTTP/Status/403
2026-04-08 22:44:44,920 WARNING  djen_backup.backfill  {'tribunal': 'TRT4', 'date': '2026-04-01', 'event': 'backfill_item_error', 'level': 'warning', 'timestamp': '2026-04-09T02:44:44.920695Z'}
2026-04-08 22:44:44,922 WARNING  djen_backup.backfill  {'tribunal': 'TRT4', 'year': 2026, 'reason': '3 consecutive errors', 'event': 'backfill_tribunal_skipped', 'level': 'warning', 'timestamp': '2026-04-09T02:44:44.922387Z'}
2026-04-08 22:44:45,269 INFO     httpx  HTTP Request: GET https://archive.org/metadata/djen-trt5-2026/files "HTTP/1.1 200 OK"
2026-04-08 22:44:45,272 INFO     djen_backup.backfill  {'tribunal': 'TRT5', 'year': 2026, 'gaps': 36, 'event': 'backfill_tribunal_year', 'level': 'info', 'timestamp': '2026-04-09T02:44:45.272532Z'}
2026-04-08 22:44:45,320 INFO     httpx  HTTP Request: GET https://comunicaapi.pje.jus.br/api/v1/caderno/TRT5/2026-04-03/D "HTTP/1.1 403 Forbidden"
2026-04-08 22:44:45,322 ERROR    djen_backup.backfill  {'tribunal': 'TRT5', 'date': '2026-04-03', 'event': 'backfill_download_error', 'level': 'error', 'timestamp': '2026-04-09T02:44:45.322147Z', 'exception': 'Traceback (most recent call last):\n  File "/home/franklin/workspace/causaganha/src/djen_backup/backfill.py", line 557, in backfill_process_date\n    zip_url = await get_caderno_url(client, config.djen_proxy_url, tribunal, d)\n              ^^^^^^^^^^^^^^^^^^^^^^^^^^^^^^^^^^^^^^^^^^^^^^^^^^^^^^^^^^^^^^^^^\n  File "/home/franklin/workspace/causaganha/src/djen_backup/djen.py", line 77, in get_caderno_url\n    resp.raise_for_status()\n  File "/home/franklin/workspace/causaganha/.venv/lib/python3.12/site-packages/httpx/_models.py", line 829, in raise_for_status\n    raise HTTPStatusError(message, request=request, response=self)\nhttpx.HTTPStatusError: Client error \'403 Forbidden\' for url \'https://comunicaapi.pje.jus.br/api/v1/caderno/TRT5/2026-04-03/D\'\nFor more information check: https://developer.mozilla.org/en-US/docs/Web/HTTP/Status/403'}
Traceback (most recent call last):
  File "/home/franklin/workspace/causaganha/src/djen_backup/backfill.py", line 557, in backfill_process_date
    zip_url = await get_caderno_url(client, config.djen_proxy_url, tribunal, d)
              ^^^^^^^^^^^^^^^^^^^^^^^^^^^^^^^^^^^^^^^^^^^^^^^^^^^^^^^^^^^^^^^^^
  File "/home/franklin/workspace/causaganha/src/djen_backup/djen.py", line 77, in get_caderno_url
    resp.raise_for_status()
  File "/home/franklin/workspace/causaganha/.venv/lib/python3.12/site-packages/httpx/_models.py", line 829, in raise_for_status
    raise HTTPStatusError(message, request=request, response=self)
httpx.HTTPStatusError: Client error '403 Forbidden' for url 'https://comunicaapi.pje.jus.br/api/v1/caderno/TRT5/2026-04-03/D'
For more information check: https://developer.mozilla.org/en-US/docs/Web/HTTP/Status/403
2026-04-08 22:44:45,505 WARNING  djen_backup.backfill  {'tribunal': 'TRT5', 'date': '2026-04-03', 'event': 'backfill_item_error', 'level': 'warning', 'timestamp': '2026-04-09T02:44:45.505933Z'}
2026-04-08 22:44:45,553 INFO     httpx  HTTP Request: GET https://comunicaapi.pje.jus.br/api/v1/caderno/TRT5/2026-04-02/D "HTTP/1.1 403 Forbidden"
2026-04-08 22:44:45,555 ERROR    djen_backup.backfill  {'tribunal': 'TRT5', 'date': '2026-04-02', 'event': 'backfill_download_error', 'level': 'error', 'timestamp': '2026-04-09T02:44:45.554909Z', 'exception': 'Traceback (most recent call last):\n  File "/home/franklin/workspace/causaganha/src/djen_backup/backfill.py", line 557, in backfill_process_date\n    zip_url = await get_caderno_url(client, config.djen_proxy_url, tribunal, d)\n              ^^^^^^^^^^^^^^^^^^^^^^^^^^^^^^^^^^^^^^^^^^^^^^^^^^^^^^^^^^^^^^^^^\n  File "/home/franklin/workspace/causaganha/src/djen_backup/djen.py", line 77, in get_caderno_url\n    resp.raise_for_status()\n  File "/home/franklin/workspace/causaganha/.venv/lib/python3.12/site-packages/httpx/_models.py", line 829, in raise_for_status\n    raise HTTPStatusError(message, request=request, response=self)\nhttpx.HTTPStatusError: Client error \'403 Forbidden\' for url \'https://comunicaapi.pje.jus.br/api/v1/caderno/TRT5/2026-04-02/D\'\nFor more information check: https://developer.mozilla.org/en-US/docs/Web/HTTP/Status/403'}
Traceback (most recent call last):
  File "/home/franklin/workspace/causaganha/src/djen_backup/backfill.py", line 557, in backfill_process_date
    zip_url = await get_caderno_url(client, config.djen_proxy_url, tribunal, d)
              ^^^^^^^^^^^^^^^^^^^^^^^^^^^^^^^^^^^^^^^^^^^^^^^^^^^^^^^^^^^^^^^^^
  File "/home/franklin/workspace/causaganha/src/djen_backup/djen.py", line 77, in get_caderno_url
    resp.raise_for_status()
  File "/home/franklin/workspace/causaganha/.venv/lib/python3.12/site-packages/httpx/_models.py", line 829, in raise_for_status
    raise HTTPStatusError(message, request=request, response=self)
httpx.HTTPStatusError: Client error '403 Forbidden' for url 'https://comunicaapi.pje.jus.br/api/v1/caderno/TRT5/2026-04-02/D'
For more information check: https://developer.mozilla.org/en-US/docs/Web/HTTP/Status/403
2026-04-08 22:44:45,633 WARNING  djen_backup.backfill  {'tribunal': 'TRT5', 'date': '2026-04-02', 'event': 'backfill_item_error', 'level': 'warning', 'timestamp': '2026-04-09T02:44:45.633269Z'}
2026-04-08 22:44:45,682 INFO     httpx  HTTP Request: GET https://comunicaapi.pje.jus.br/api/v1/caderno/TRT5/2026-04-01/D "HTTP/1.1 403 Forbidden"
2026-04-08 22:44:45,684 ERROR    djen_backup.backfill  {'tribunal': 'TRT5', 'date': '2026-04-01', 'event': 'backfill_download_error', 'level': 'error', 'timestamp': '2026-04-09T02:44:45.683711Z', 'exception': 'Traceback (most recent call last):\n  File "/home/franklin/workspace/causaganha/src/djen_backup/backfill.py", line 557, in backfill_process_date\n    zip_url = await get_caderno_url(client, config.djen_proxy_url, tribunal, d)\n              ^^^^^^^^^^^^^^^^^^^^^^^^^^^^^^^^^^^^^^^^^^^^^^^^^^^^^^^^^^^^^^^^^\n  File "/home/franklin/workspace/causaganha/src/djen_backup/djen.py", line 77, in get_caderno_url\n    resp.raise_for_status()\n  File "/home/franklin/workspace/causaganha/.venv/lib/python3.12/site-packages/httpx/_models.py", line 829, in raise_for_status\n    raise HTTPStatusError(message, request=request, response=self)\nhttpx.HTTPStatusError: Client error \'403 Forbidden\' for url \'https://comunicaapi.pje.jus.br/api/v1/caderno/TRT5/2026-04-01/D\'\nFor more information check: https://developer.mozilla.org/en-US/docs/Web/HTTP/Status/403'}
Traceback (most recent call last):
  File "/home/franklin/workspace/causaganha/src/djen_backup/backfill.py", line 557, in backfill_process_date
    zip_url = await get_caderno_url(client, config.djen_proxy_url, tribunal, d)
              ^^^^^^^^^^^^^^^^^^^^^^^^^^^^^^^^^^^^^^^^^^^^^^^^^^^^^^^^^^^^^^^^^
  File "/home/franklin/workspace/causaganha/src/djen_backup/djen.py", line 77, in get_caderno_url
    resp.raise_for_status()
  File "/home/franklin/workspace/causaganha/.venv/lib/python3.12/site-packages/httpx/_models.py", line 829, in raise_for_status
    raise HTTPStatusError(message, request=request, response=self)
httpx.HTTPStatusError: Client error '403 Forbidden' for url 'https://comunicaapi.pje.jus.br/api/v1/caderno/TRT5/2026-04-01/D'
For more information check: https://developer.mozilla.org/en-US/docs/Web/HTTP/Status/403
2026-04-08 22:44:45,763 WARNING  djen_backup.backfill  {'tribunal': 'TRT5', 'date': '2026-04-01', 'event': 'backfill_item_error', 'level': 'warning', 'timestamp': '2026-04-09T02:44:45.763111Z'}
2026-04-08 22:44:45,764 WARNING  djen_backup.backfill  {'tribunal': 'TRT5', 'year': 2026, 'reason': '3 consecutive errors', 'event': 'backfill_tribunal_skipped', 'level': 'warning', 'timestamp': '2026-04-09T02:44:45.764280Z'}
2026-04-08 22:44:46,003 INFO     httpx  HTTP Request: GET https://archive.org/metadata/djen-trt6-2026/files "HTTP/1.1 200 OK"
2026-04-08 22:44:46,006 INFO     djen_backup.backfill  {'tribunal': 'TRT6', 'year': 2026, 'gaps': 37, 'event': 'backfill_tribunal_year', 'level': 'info', 'timestamp': '2026-04-09T02:44:46.006179Z'}
2026-04-08 22:44:46,054 INFO     httpx  HTTP Request: GET https://comunicaapi.pje.jus.br/api/v1/caderno/TRT6/2026-04-03/D "HTTP/1.1 403 Forbidden"
2026-04-08 22:44:46,056 ERROR    djen_backup.backfill  {'tribunal': 'TRT6', 'date': '2026-04-03', 'event': 'backfill_download_error', 'level': 'error', 'timestamp': '2026-04-09T02:44:46.055767Z', 'exception': 'Traceback (most recent call last):\n  File "/home/franklin/workspace/causaganha/src/djen_backup/backfill.py", line 557, in backfill_process_date\n    zip_url = await get_caderno_url(client, config.djen_proxy_url, tribunal, d)\n              ^^^^^^^^^^^^^^^^^^^^^^^^^^^^^^^^^^^^^^^^^^^^^^^^^^^^^^^^^^^^^^^^^\n  File "/home/franklin/workspace/causaganha/src/djen_backup/djen.py", line 77, in get_caderno_url\n    resp.raise_for_status()\n  File "/home/franklin/workspace/causaganha/.venv/lib/python3.12/site-packages/httpx/_models.py", line 829, in raise_for_status\n    raise HTTPStatusError(message, request=request, response=self)\nhttpx.HTTPStatusError: Client error \'403 Forbidden\' for url \'https://comunicaapi.pje.jus.br/api/v1/caderno/TRT6/2026-04-03/D\'\nFor more information check: https://developer.mozilla.org/en-US/docs/Web/HTTP/Status/403'}
Traceback (most recent call last):
  File "/home/franklin/workspace/causaganha/src/djen_backup/backfill.py", line 557, in backfill_process_date
    zip_url = await get_caderno_url(client, config.djen_proxy_url, tribunal, d)
              ^^^^^^^^^^^^^^^^^^^^^^^^^^^^^^^^^^^^^^^^^^^^^^^^^^^^^^^^^^^^^^^^^
  File "/home/franklin/workspace/causaganha/src/djen_backup/djen.py", line 77, in get_caderno_url
    resp.raise_for_status()
  File "/home/franklin/workspace/causaganha/.venv/lib/python3.12/site-packages/httpx/_models.py", line 829, in raise_for_status
    raise HTTPStatusError(message, request=request, response=self)
httpx.HTTPStatusError: Client error '403 Forbidden' for url 'https://comunicaapi.pje.jus.br/api/v1/caderno/TRT6/2026-04-03/D'
For more information check: https://developer.mozilla.org/en-US/docs/Web/HTTP/Status/403
2026-04-08 22:44:46,130 WARNING  djen_backup.backfill  {'tribunal': 'TRT6', 'date': '2026-04-03', 'event': 'backfill_item_error', 'level': 'warning', 'timestamp': '2026-04-09T02:44:46.130355Z'}
2026-04-08 22:44:46,177 INFO     httpx  HTTP Request: GET https://comunicaapi.pje.jus.br/api/v1/caderno/TRT6/2026-04-02/D "HTTP/1.1 403 Forbidden"
2026-04-08 22:44:46,179 ERROR    djen_backup.backfill  {'tribunal': 'TRT6', 'date': '2026-04-02', 'event': 'backfill_download_error', 'level': 'error', 'timestamp': '2026-04-09T02:44:46.179368Z', 'exception': 'Traceback (most recent call last):\n  File "/home/franklin/workspace/causaganha/src/djen_backup/backfill.py", line 557, in backfill_process_date\n    zip_url = await get_caderno_url(client, config.djen_proxy_url, tribunal, d)\n              ^^^^^^^^^^^^^^^^^^^^^^^^^^^^^^^^^^^^^^^^^^^^^^^^^^^^^^^^^^^^^^^^^\n  File "/home/franklin/workspace/causaganha/src/djen_backup/djen.py", line 77, in get_caderno_url\n    resp.raise_for_status()\n  File "/home/franklin/workspace/causaganha/.venv/lib/python3.12/site-packages/httpx/_models.py", line 829, in raise_for_status\n    raise HTTPStatusError(message, request=request, response=self)\nhttpx.HTTPStatusError: Client error \'403 Forbidden\' for url \'https://comunicaapi.pje.jus.br/api/v1/caderno/TRT6/2026-04-02/D\'\nFor more information check: https://developer.mozilla.org/en-US/docs/Web/HTTP/Status/403'}
Traceback (most recent call last):
  File "/home/franklin/workspace/causaganha/src/djen_backup/backfill.py", line 557, in backfill_process_date
    zip_url = await get_caderno_url(client, config.djen_proxy_url, tribunal, d)
              ^^^^^^^^^^^^^^^^^^^^^^^^^^^^^^^^^^^^^^^^^^^^^^^^^^^^^^^^^^^^^^^^^
  File "/home/franklin/workspace/causaganha/src/djen_backup/djen.py", line 77, in get_caderno_url
    resp.raise_for_status()
  File "/home/franklin/workspace/causaganha/.venv/lib/python3.12/site-packages/httpx/_models.py", line 829, in raise_for_status
    raise HTTPStatusError(message, request=request, response=self)
httpx.HTTPStatusError: Client error '403 Forbidden' for url 'https://comunicaapi.pje.jus.br/api/v1/caderno/TRT6/2026-04-02/D'
For more information check: https://developer.mozilla.org/en-US/docs/Web/HTTP/Status/403
2026-04-08 22:44:46,254 WARNING  djen_backup.backfill  {'tribunal': 'TRT6', 'date': '2026-04-02', 'event': 'backfill_item_error', 'level': 'warning', 'timestamp': '2026-04-09T02:44:46.254737Z'}
2026-04-08 22:44:46,302 INFO     httpx  HTTP Request: GET https://comunicaapi.pje.jus.br/api/v1/caderno/TRT6/2026-04-01/D "HTTP/1.1 403 Forbidden"
2026-04-08 22:44:46,304 ERROR    djen_backup.backfill  {'tribunal': 'TRT6', 'date': '2026-04-01', 'event': 'backfill_download_error', 'level': 'error', 'timestamp': '2026-04-09T02:44:46.304540Z', 'exception': 'Traceback (most recent call last):\n  File "/home/franklin/workspace/causaganha/src/djen_backup/backfill.py", line 557, in backfill_process_date\n    zip_url = await get_caderno_url(client, config.djen_proxy_url, tribunal, d)\n              ^^^^^^^^^^^^^^^^^^^^^^^^^^^^^^^^^^^^^^^^^^^^^^^^^^^^^^^^^^^^^^^^^\n  File "/home/franklin/workspace/causaganha/src/djen_backup/djen.py", line 77, in get_caderno_url\n    resp.raise_for_status()\n  File "/home/franklin/workspace/causaganha/.venv/lib/python3.12/site-packages/httpx/_models.py", line 829, in raise_for_status\n    raise HTTPStatusError(message, request=request, response=self)\nhttpx.HTTPStatusError: Client error \'403 Forbidden\' for url \'https://comunicaapi.pje.jus.br/api/v1/caderno/TRT6/2026-04-01/D\'\nFor more information check: https://developer.mozilla.org/en-US/docs/Web/HTTP/Status/403'}
Traceback (most recent call last):
  File "/home/franklin/workspace/causaganha/src/djen_backup/backfill.py", line 557, in backfill_process_date
    zip_url = await get_caderno_url(client, config.djen_proxy_url, tribunal, d)
              ^^^^^^^^^^^^^^^^^^^^^^^^^^^^^^^^^^^^^^^^^^^^^^^^^^^^^^^^^^^^^^^^^
  File "/home/franklin/workspace/causaganha/src/djen_backup/djen.py", line 77, in get_caderno_url
    resp.raise_for_status()
  File "/home/franklin/workspace/causaganha/.venv/lib/python3.12/site-packages/httpx/_models.py", line 829, in raise_for_status
    raise HTTPStatusError(message, request=request, response=self)
httpx.HTTPStatusError: Client error '403 Forbidden' for url 'https://comunicaapi.pje.jus.br/api/v1/caderno/TRT6/2026-04-01/D'
For more information check: https://developer.mozilla.org/en-US/docs/Web/HTTP/Status/403
2026-04-08 22:44:46,376 WARNING  djen_backup.backfill  {'tribunal': 'TRT6', 'date': '2026-04-01', 'event': 'backfill_item_error', 'level': 'warning', 'timestamp': '2026-04-09T02:44:46.376346Z'}
2026-04-08 22:44:46,377 WARNING  djen_backup.backfill  {'tribunal': 'TRT6', 'year': 2026, 'reason': '3 consecutive errors', 'event': 'backfill_tribunal_skipped', 'level': 'warning', 'timestamp': '2026-04-09T02:44:46.377419Z'}
2026-04-08 22:44:46,620 INFO     httpx  HTTP Request: GET https://archive.org/metadata/djen-trt7-2026/files "HTTP/1.1 200 OK"
2026-04-08 22:44:46,622 INFO     djen_backup.backfill  {'tribunal': 'TRT7', 'year': 2026, 'gaps': 47, 'event': 'backfill_tribunal_year', 'level': 'info', 'timestamp': '2026-04-09T02:44:46.622315Z'}
2026-04-08 22:44:46,673 INFO     httpx  HTTP Request: GET https://comunicaapi.pje.jus.br/api/v1/caderno/TRT7/2026-04-03/D "HTTP/1.1 403 Forbidden"
2026-04-08 22:44:46,675 ERROR    djen_backup.backfill  {'tribunal': 'TRT7', 'date': '2026-04-03', 'event': 'backfill_download_error', 'level': 'error', 'timestamp': '2026-04-09T02:44:46.675093Z', 'exception': 'Traceback (most recent call last):\n  File "/home/franklin/workspace/causaganha/src/djen_backup/backfill.py", line 557, in backfill_process_date\n    zip_url = await get_caderno_url(client, config.djen_proxy_url, tribunal, d)\n              ^^^^^^^^^^^^^^^^^^^^^^^^^^^^^^^^^^^^^^^^^^^^^^^^^^^^^^^^^^^^^^^^^\n  File "/home/franklin/workspace/causaganha/src/djen_backup/djen.py", line 77, in get_caderno_url\n    resp.raise_for_status()\n  File "/home/franklin/workspace/causaganha/.venv/lib/python3.12/site-packages/httpx/_models.py", line 829, in raise_for_status\n    raise HTTPStatusError(message, request=request, response=self)\nhttpx.HTTPStatusError: Client error \'403 Forbidden\' for url \'https://comunicaapi.pje.jus.br/api/v1/caderno/TRT7/2026-04-03/D\'\nFor more information check: https://developer.mozilla.org/en-US/docs/Web/HTTP/Status/403'}
Traceback (most recent call last):
  File "/home/franklin/workspace/causaganha/src/djen_backup/backfill.py", line 557, in backfill_process_date
    zip_url = await get_caderno_url(client, config.djen_proxy_url, tribunal, d)
              ^^^^^^^^^^^^^^^^^^^^^^^^^^^^^^^^^^^^^^^^^^^^^^^^^^^^^^^^^^^^^^^^^
  File "/home/franklin/workspace/causaganha/src/djen_backup/djen.py", line 77, in get_caderno_url
    resp.raise_for_status()
  File "/home/franklin/workspace/causaganha/.venv/lib/python3.12/site-packages/httpx/_models.py", line 829, in raise_for_status
    raise HTTPStatusError(message, request=request, response=self)
httpx.HTTPStatusError: Client error '403 Forbidden' for url 'https://comunicaapi.pje.jus.br/api/v1/caderno/TRT7/2026-04-03/D'
For more information check: https://developer.mozilla.org/en-US/docs/Web/HTTP/Status/403
2026-04-08 22:44:46,760 WARNING  djen_backup.backfill  {'tribunal': 'TRT7', 'date': '2026-04-03', 'event': 'backfill_item_error', 'level': 'warning', 'timestamp': '2026-04-09T02:44:46.760613Z'}
2026-04-08 22:44:46,809 INFO     httpx  HTTP Request: GET https://comunicaapi.pje.jus.br/api/v1/caderno/TRT7/2026-04-02/D "HTTP/1.1 403 Forbidden"
2026-04-08 22:44:46,811 ERROR    djen_backup.backfill  {'tribunal': 'TRT7', 'date': '2026-04-02', 'event': 'backfill_download_error', 'level': 'error', 'timestamp': '2026-04-09T02:44:46.810819Z', 'exception': 'Traceback (most recent call last):\n  File "/home/franklin/workspace/causaganha/src/djen_backup/backfill.py", line 557, in backfill_process_date\n    zip_url = await get_caderno_url(client, config.djen_proxy_url, tribunal, d)\n              ^^^^^^^^^^^^^^^^^^^^^^^^^^^^^^^^^^^^^^^^^^^^^^^^^^^^^^^^^^^^^^^^^\n  File "/home/franklin/workspace/causaganha/src/djen_backup/djen.py", line 77, in get_caderno_url\n    resp.raise_for_status()\n  File "/home/franklin/workspace/causaganha/.venv/lib/python3.12/site-packages/httpx/_models.py", line 829, in raise_for_status\n    raise HTTPStatusError(message, request=request, response=self)\nhttpx.HTTPStatusError: Client error \'403 Forbidden\' for url \'https://comunicaapi.pje.jus.br/api/v1/caderno/TRT7/2026-04-02/D\'\nFor more information check: https://developer.mozilla.org/en-US/docs/Web/HTTP/Status/403'}
Traceback (most recent call last):
  File "/home/franklin/workspace/causaganha/src/djen_backup/backfill.py", line 557, in backfill_process_date
    zip_url = await get_caderno_url(client, config.djen_proxy_url, tribunal, d)
              ^^^^^^^^^^^^^^^^^^^^^^^^^^^^^^^^^^^^^^^^^^^^^^^^^^^^^^^^^^^^^^^^^
  File "/home/franklin/workspace/causaganha/src/djen_backup/djen.py", line 77, in get_caderno_url
    resp.raise_for_status()
  File "/home/franklin/workspace/causaganha/.venv/lib/python3.12/site-packages/httpx/_models.py", line 829, in raise_for_status
    raise HTTPStatusError(message, request=request, response=self)
httpx.HTTPStatusError: Client error '403 Forbidden' for url 'https://comunicaapi.pje.jus.br/api/v1/caderno/TRT7/2026-04-02/D'
For more information check: https://developer.mozilla.org/en-US/docs/Web/HTTP/Status/403
2026-04-08 22:44:46,883 WARNING  djen_backup.backfill  {'tribunal': 'TRT7', 'date': '2026-04-02', 'event': 'backfill_item_error', 'level': 'warning', 'timestamp': '2026-04-09T02:44:46.883575Z'}
2026-04-08 22:44:46,931 INFO     httpx  HTTP Request: GET https://comunicaapi.pje.jus.br/api/v1/caderno/TRT7/2026-04-01/D "HTTP/1.1 403 Forbidden"
2026-04-08 22:44:46,933 ERROR    djen_backup.backfill  {'tribunal': 'TRT7', 'date': '2026-04-01', 'event': 'backfill_download_error', 'level': 'error', 'timestamp': '2026-04-09T02:44:46.932844Z', 'exception': 'Traceback (most recent call last):\n  File "/home/franklin/workspace/causaganha/src/djen_backup/backfill.py", line 557, in backfill_process_date\n    zip_url = await get_caderno_url(client, config.djen_proxy_url, tribunal, d)\n              ^^^^^^^^^^^^^^^^^^^^^^^^^^^^^^^^^^^^^^^^^^^^^^^^^^^^^^^^^^^^^^^^^\n  File "/home/franklin/workspace/causaganha/src/djen_backup/djen.py", line 77, in get_caderno_url\n    resp.raise_for_status()\n  File "/home/franklin/workspace/causaganha/.venv/lib/python3.12/site-packages/httpx/_models.py", line 829, in raise_for_status\n    raise HTTPStatusError(message, request=request, response=self)\nhttpx.HTTPStatusError: Client error \'403 Forbidden\' for url \'https://comunicaapi.pje.jus.br/api/v1/caderno/TRT7/2026-04-01/D\'\nFor more information check: https://developer.mozilla.org/en-US/docs/Web/HTTP/Status/403'}
Traceback (most recent call last):
  File "/home/franklin/workspace/causaganha/src/djen_backup/backfill.py", line 557, in backfill_process_date
    zip_url = await get_caderno_url(client, config.djen_proxy_url, tribunal, d)
              ^^^^^^^^^^^^^^^^^^^^^^^^^^^^^^^^^^^^^^^^^^^^^^^^^^^^^^^^^^^^^^^^^
  File "/home/franklin/workspace/causaganha/src/djen_backup/djen.py", line 77, in get_caderno_url
    resp.raise_for_status()
  File "/home/franklin/workspace/causaganha/.venv/lib/python3.12/site-packages/httpx/_models.py", line 829, in raise_for_status
    raise HTTPStatusError(message, request=request, response=self)
httpx.HTTPStatusError: Client error '403 Forbidden' for url 'https://comunicaapi.pje.jus.br/api/v1/caderno/TRT7/2026-04-01/D'
For more information check: https://developer.mozilla.org/en-US/docs/Web/HTTP/Status/403
2026-04-08 22:44:47,025 WARNING  djen_backup.backfill  {'tribunal': 'TRT7', 'date': '2026-04-01', 'event': 'backfill_item_error', 'level': 'warning', 'timestamp': '2026-04-09T02:44:47.025171Z'}
2026-04-08 22:44:47,026 WARNING  djen_backup.backfill  {'tribunal': 'TRT7', 'year': 2026, 'reason': '3 consecutive errors', 'event': 'backfill_tribunal_skipped', 'level': 'warning', 'timestamp': '2026-04-09T02:44:47.026115Z'}
2026-04-08 22:44:47,388 INFO     httpx  HTTP Request: GET https://archive.org/metadata/djen-trt8-2026/files "HTTP/1.1 200 OK"
2026-04-08 22:44:47,391 INFO     djen_backup.backfill  {'tribunal': 'TRT8', 'year': 2026, 'gaps': 33, 'event': 'backfill_tribunal_year', 'level': 'info', 'timestamp': '2026-04-09T02:44:47.391676Z'}
2026-04-08 22:44:47,440 INFO     httpx  HTTP Request: GET https://comunicaapi.pje.jus.br/api/v1/caderno/TRT8/2026-04-03/D "HTTP/1.1 403 Forbidden"
2026-04-08 22:44:47,442 ERROR    djen_backup.backfill  {'tribunal': 'TRT8', 'date': '2026-04-03', 'event': 'backfill_download_error', 'level': 'error', 'timestamp': '2026-04-09T02:44:47.441839Z', 'exception': 'Traceback (most recent call last):\n  File "/home/franklin/workspace/causaganha/src/djen_backup/backfill.py", line 557, in backfill_process_date\n    zip_url = await get_caderno_url(client, config.djen_proxy_url, tribunal, d)\n              ^^^^^^^^^^^^^^^^^^^^^^^^^^^^^^^^^^^^^^^^^^^^^^^^^^^^^^^^^^^^^^^^^\n  File "/home/franklin/workspace/causaganha/src/djen_backup/djen.py", line 77, in get_caderno_url\n    resp.raise_for_status()\n  File "/home/franklin/workspace/causaganha/.venv/lib/python3.12/site-packages/httpx/_models.py", line 829, in raise_for_status\n    raise HTTPStatusError(message, request=request, response=self)\nhttpx.HTTPStatusError: Client error \'403 Forbidden\' for url \'https://comunicaapi.pje.jus.br/api/v1/caderno/TRT8/2026-04-03/D\'\nFor more information check: https://developer.mozilla.org/en-US/docs/Web/HTTP/Status/403'}
Traceback (most recent call last):
  File "/home/franklin/workspace/causaganha/src/djen_backup/backfill.py", line 557, in backfill_process_date
    zip_url = await get_caderno_url(client, config.djen_proxy_url, tribunal, d)
              ^^^^^^^^^^^^^^^^^^^^^^^^^^^^^^^^^^^^^^^^^^^^^^^^^^^^^^^^^^^^^^^^^
  File "/home/franklin/workspace/causaganha/src/djen_backup/djen.py", line 77, in get_caderno_url
    resp.raise_for_status()
  File "/home/franklin/workspace/causaganha/.venv/lib/python3.12/site-packages/httpx/_models.py", line 829, in raise_for_status
    raise HTTPStatusError(message, request=request, response=self)
httpx.HTTPStatusError: Client error '403 Forbidden' for url 'https://comunicaapi.pje.jus.br/api/v1/caderno/TRT8/2026-04-03/D'
For more information check: https://developer.mozilla.org/en-US/docs/Web/HTTP/Status/403
2026-04-08 22:44:47,511 WARNING  djen_backup.backfill  {'tribunal': 'TRT8', 'date': '2026-04-03', 'event': 'backfill_item_error', 'level': 'warning', 'timestamp': '2026-04-09T02:44:47.511597Z'}
2026-04-08 22:44:47,559 INFO     httpx  HTTP Request: GET https://comunicaapi.pje.jus.br/api/v1/caderno/TRT8/2026-04-02/D "HTTP/1.1 403 Forbidden"
2026-04-08 22:44:47,560 ERROR    djen_backup.backfill  {'tribunal': 'TRT8', 'date': '2026-04-02', 'event': 'backfill_download_error', 'level': 'error', 'timestamp': '2026-04-09T02:44:47.560517Z', 'exception': 'Traceback (most recent call last):\n  File "/home/franklin/workspace/causaganha/src/djen_backup/backfill.py", line 557, in backfill_process_date\n    zip_url = await get_caderno_url(client, config.djen_proxy_url, tribunal, d)\n              ^^^^^^^^^^^^^^^^^^^^^^^^^^^^^^^^^^^^^^^^^^^^^^^^^^^^^^^^^^^^^^^^^\n  File "/home/franklin/workspace/causaganha/src/djen_backup/djen.py", line 77, in get_caderno_url\n    resp.raise_for_status()\n  File "/home/franklin/workspace/causaganha/.venv/lib/python3.12/site-packages/httpx/_models.py", line 829, in raise_for_status\n    raise HTTPStatusError(message, request=request, response=self)\nhttpx.HTTPStatusError: Client error \'403 Forbidden\' for url \'https://comunicaapi.pje.jus.br/api/v1/caderno/TRT8/2026-04-02/D\'\nFor more information check: https://developer.mozilla.org/en-US/docs/Web/HTTP/Status/403'}
Traceback (most recent call last):
  File "/home/franklin/workspace/causaganha/src/djen_backup/backfill.py", line 557, in backfill_process_date
    zip_url = await get_caderno_url(client, config.djen_proxy_url, tribunal, d)
              ^^^^^^^^^^^^^^^^^^^^^^^^^^^^^^^^^^^^^^^^^^^^^^^^^^^^^^^^^^^^^^^^^
  File "/home/franklin/workspace/causaganha/src/djen_backup/djen.py", line 77, in get_caderno_url
    resp.raise_for_status()
  File "/home/franklin/workspace/causaganha/.venv/lib/python3.12/site-packages/httpx/_models.py", line 829, in raise_for_status
    raise HTTPStatusError(message, request=request, response=self)
httpx.HTTPStatusError: Client error '403 Forbidden' for url 'https://comunicaapi.pje.jus.br/api/v1/caderno/TRT8/2026-04-02/D'
For more information check: https://developer.mozilla.org/en-US/docs/Web/HTTP/Status/403
2026-04-08 22:44:47,644 WARNING  djen_backup.backfill  {'tribunal': 'TRT8', 'date': '2026-04-02', 'event': 'backfill_item_error', 'level': 'warning', 'timestamp': '2026-04-09T02:44:47.644105Z'}
2026-04-08 22:44:47,692 INFO     httpx  HTTP Request: GET https://comunicaapi.pje.jus.br/api/v1/caderno/TRT8/2026-04-01/D "HTTP/1.1 403 Forbidden"
2026-04-08 22:44:47,694 ERROR    djen_backup.backfill  {'tribunal': 'TRT8', 'date': '2026-04-01', 'event': 'backfill_download_error', 'level': 'error', 'timestamp': '2026-04-09T02:44:47.693739Z', 'exception': 'Traceback (most recent call last):\n  File "/home/franklin/workspace/causaganha/src/djen_backup/backfill.py", line 557, in backfill_process_date\n    zip_url = await get_caderno_url(client, config.djen_proxy_url, tribunal, d)\n              ^^^^^^^^^^^^^^^^^^^^^^^^^^^^^^^^^^^^^^^^^^^^^^^^^^^^^^^^^^^^^^^^^\n  File "/home/franklin/workspace/causaganha/src/djen_backup/djen.py", line 77, in get_caderno_url\n    resp.raise_for_status()\n  File "/home/franklin/workspace/causaganha/.venv/lib/python3.12/site-packages/httpx/_models.py", line 829, in raise_for_status\n    raise HTTPStatusError(message, request=request, response=self)\nhttpx.HTTPStatusError: Client error \'403 Forbidden\' for url \'https://comunicaapi.pje.jus.br/api/v1/caderno/TRT8/2026-04-01/D\'\nFor more information check: https://developer.mozilla.org/en-US/docs/Web/HTTP/Status/403'}
Traceback (most recent call last):
  File "/home/franklin/workspace/causaganha/src/djen_backup/backfill.py", line 557, in backfill_process_date
    zip_url = await get_caderno_url(client, config.djen_proxy_url, tribunal, d)
              ^^^^^^^^^^^^^^^^^^^^^^^^^^^^^^^^^^^^^^^^^^^^^^^^^^^^^^^^^^^^^^^^^
  File "/home/franklin/workspace/causaganha/src/djen_backup/djen.py", line 77, in get_caderno_url
    resp.raise_for_status()
  File "/home/franklin/workspace/causaganha/.venv/lib/python3.12/site-packages/httpx/_models.py", line 829, in raise_for_status
    raise HTTPStatusError(message, request=request, response=self)
httpx.HTTPStatusError: Client error '403 Forbidden' for url 'https://comunicaapi.pje.jus.br/api/v1/caderno/TRT8/2026-04-01/D'
For more information check: https://developer.mozilla.org/en-US/docs/Web/HTTP/Status/403
2026-04-08 22:44:47,775 WARNING  djen_backup.backfill  {'tribunal': 'TRT8', 'date': '2026-04-01', 'event': 'backfill_item_error', 'level': 'warning', 'timestamp': '2026-04-09T02:44:47.775845Z'}
2026-04-08 22:44:47,776 WARNING  djen_backup.backfill  {'tribunal': 'TRT8', 'year': 2026, 'reason': '3 consecutive errors', 'event': 'backfill_tribunal_skipped', 'level': 'warning', 'timestamp': '2026-04-09T02:44:47.776923Z'}
2026-04-08 22:44:48,151 INFO     httpx  HTTP Request: GET https://archive.org/metadata/djen-trt9-2026/files "HTTP/1.1 200 OK"
2026-04-08 22:44:48,153 INFO     djen_backup.backfill  {'tribunal': 'TRT9', 'year': 2026, 'gaps': 35, 'event': 'backfill_tribunal_year', 'level': 'info', 'timestamp': '2026-04-09T02:44:48.153920Z'}
2026-04-08 22:44:48,201 INFO     httpx  HTTP Request: GET https://comunicaapi.pje.jus.br/api/v1/caderno/TRT9/2026-04-03/D "HTTP/1.1 403 Forbidden"
2026-04-08 22:44:48,203 ERROR    djen_backup.backfill  {'tribunal': 'TRT9', 'date': '2026-04-03', 'event': 'backfill_download_error', 'level': 'error', 'timestamp': '2026-04-09T02:44:48.202907Z', 'exception': 'Traceback (most recent call last):\n  File "/home/franklin/workspace/causaganha/src/djen_backup/backfill.py", line 557, in backfill_process_date\n    zip_url = await get_caderno_url(client, config.djen_proxy_url, tribunal, d)\n              ^^^^^^^^^^^^^^^^^^^^^^^^^^^^^^^^^^^^^^^^^^^^^^^^^^^^^^^^^^^^^^^^^\n  File "/home/franklin/workspace/causaganha/src/djen_backup/djen.py", line 77, in get_caderno_url\n    resp.raise_for_status()\n  File "/home/franklin/workspace/causaganha/.venv/lib/python3.12/site-packages/httpx/_models.py", line 829, in raise_for_status\n    raise HTTPStatusError(message, request=request, response=self)\nhttpx.HTTPStatusError: Client error \'403 Forbidden\' for url \'https://comunicaapi.pje.jus.br/api/v1/caderno/TRT9/2026-04-03/D\'\nFor more information check: https://developer.mozilla.org/en-US/docs/Web/HTTP/Status/403'}
Traceback (most recent call last):
  File "/home/franklin/workspace/causaganha/src/djen_backup/backfill.py", line 557, in backfill_process_date
    zip_url = await get_caderno_url(client, config.djen_proxy_url, tribunal, d)
              ^^^^^^^^^^^^^^^^^^^^^^^^^^^^^^^^^^^^^^^^^^^^^^^^^^^^^^^^^^^^^^^^^
  File "/home/franklin/workspace/causaganha/src/djen_backup/djen.py", line 77, in get_caderno_url
    resp.raise_for_status()
  File "/home/franklin/workspace/causaganha/.venv/lib/python3.12/site-packages/httpx/_models.py", line 829, in raise_for_status
    raise HTTPStatusError(message, request=request, response=self)
httpx.HTTPStatusError: Client error '403 Forbidden' for url 'https://comunicaapi.pje.jus.br/api/v1/caderno/TRT9/2026-04-03/D'
For more information check: https://developer.mozilla.org/en-US/docs/Web/HTTP/Status/403
2026-04-08 22:44:48,274 WARNING  djen_backup.backfill  {'tribunal': 'TRT9', 'date': '2026-04-03', 'event': 'backfill_item_error', 'level': 'warning', 'timestamp': '2026-04-09T02:44:48.274047Z'}
2026-04-08 22:44:48,323 INFO     httpx  HTTP Request: GET https://comunicaapi.pje.jus.br/api/v1/caderno/TRT9/2026-04-02/D "HTTP/1.1 403 Forbidden"
2026-04-08 22:44:48,325 ERROR    djen_backup.backfill  {'tribunal': 'TRT9', 'date': '2026-04-02', 'event': 'backfill_download_error', 'level': 'error', 'timestamp': '2026-04-09T02:44:48.324880Z', 'exception': 'Traceback (most recent call last):\n  File "/home/franklin/workspace/causaganha/src/djen_backup/backfill.py", line 557, in backfill_process_date\n    zip_url = await get_caderno_url(client, config.djen_proxy_url, tribunal, d)\n              ^^^^^^^^^^^^^^^^^^^^^^^^^^^^^^^^^^^^^^^^^^^^^^^^^^^^^^^^^^^^^^^^^\n  File "/home/franklin/workspace/causaganha/src/djen_backup/djen.py", line 77, in get_caderno_url\n    resp.raise_for_status()\n  File "/home/franklin/workspace/causaganha/.venv/lib/python3.12/site-packages/httpx/_models.py", line 829, in raise_for_status\n    raise HTTPStatusError(message, request=request, response=self)\nhttpx.HTTPStatusError: Client error \'403 Forbidden\' for url \'https://comunicaapi.pje.jus.br/api/v1/caderno/TRT9/2026-04-02/D\'\nFor more information check: https://developer.mozilla.org/en-US/docs/Web/HTTP/Status/403'}
Traceback (most recent call last):
  File "/home/franklin/workspace/causaganha/src/djen_backup/backfill.py", line 557, in backfill_process_date
    zip_url = await get_caderno_url(client, config.djen_proxy_url, tribunal, d)
              ^^^^^^^^^^^^^^^^^^^^^^^^^^^^^^^^^^^^^^^^^^^^^^^^^^^^^^^^^^^^^^^^^
  File "/home/franklin/workspace/causaganha/src/djen_backup/djen.py", line 77, in get_caderno_url
    resp.raise_for_status()
  File "/home/franklin/workspace/causaganha/.venv/lib/python3.12/site-packages/httpx/_models.py", line 829, in raise_for_status
    raise HTTPStatusError(message, request=request, response=self)
httpx.HTTPStatusError: Client error '403 Forbidden' for url 'https://comunicaapi.pje.jus.br/api/v1/caderno/TRT9/2026-04-02/D'
For more information check: https://developer.mozilla.org/en-US/docs/Web/HTTP/Status/403
2026-04-08 22:44:48,395 WARNING  djen_backup.backfill  {'tribunal': 'TRT9', 'date': '2026-04-02', 'event': 'backfill_item_error', 'level': 'warning', 'timestamp': '2026-04-09T02:44:48.395523Z'}
2026-04-08 22:44:48,443 INFO     httpx  HTTP Request: GET https://comunicaapi.pje.jus.br/api/v1/caderno/TRT9/2026-04-01/D "HTTP/1.1 403 Forbidden"
2026-04-08 22:44:48,445 ERROR    djen_backup.backfill  {'tribunal': 'TRT9', 'date': '2026-04-01', 'event': 'backfill_download_error', 'level': 'error', 'timestamp': '2026-04-09T02:44:48.445108Z', 'exception': 'Traceback (most recent call last):\n  File "/home/franklin/workspace/causaganha/src/djen_backup/backfill.py", line 557, in backfill_process_date\n    zip_url = await get_caderno_url(client, config.djen_proxy_url, tribunal, d)\n              ^^^^^^^^^^^^^^^^^^^^^^^^^^^^^^^^^^^^^^^^^^^^^^^^^^^^^^^^^^^^^^^^^\n  File "/home/franklin/workspace/causaganha/src/djen_backup/djen.py", line 77, in get_caderno_url\n    resp.raise_for_status()\n  File "/home/franklin/workspace/causaganha/.venv/lib/python3.12/site-packages/httpx/_models.py", line 829, in raise_for_status\n    raise HTTPStatusError(message, request=request, response=self)\nhttpx.HTTPStatusError: Client error \'403 Forbidden\' for url \'https://comunicaapi.pje.jus.br/api/v1/caderno/TRT9/2026-04-01/D\'\nFor more information check: https://developer.mozilla.org/en-US/docs/Web/HTTP/Status/403'}
Traceback (most recent call last):
  File "/home/franklin/workspace/causaganha/src/djen_backup/backfill.py", line 557, in backfill_process_date
    zip_url = await get_caderno_url(client, config.djen_proxy_url, tribunal, d)
              ^^^^^^^^^^^^^^^^^^^^^^^^^^^^^^^^^^^^^^^^^^^^^^^^^^^^^^^^^^^^^^^^^
  File "/home/franklin/workspace/causaganha/src/djen_backup/djen.py", line 77, in get_caderno_url
    resp.raise_for_status()
  File "/home/franklin/workspace/causaganha/.venv/lib/python3.12/site-packages/httpx/_models.py", line 829, in raise_for_status
    raise HTTPStatusError(message, request=request, response=self)
httpx.HTTPStatusError: Client error '403 Forbidden' for url 'https://comunicaapi.pje.jus.br/api/v1/caderno/TRT9/2026-04-01/D'
For more information check: https://developer.mozilla.org/en-US/docs/Web/HTTP/Status/403
2026-04-08 22:44:48,516 WARNING  djen_backup.backfill  {'tribunal': 'TRT9', 'date': '2026-04-01', 'event': 'backfill_item_error', 'level': 'warning', 'timestamp': '2026-04-09T02:44:48.516099Z'}
2026-04-08 22:44:48,518 WARNING  djen_backup.backfill  {'tribunal': 'TRT9', 'year': 2026, 'reason': '3 consecutive errors', 'event': 'backfill_tribunal_skipped', 'level': 'warning', 'timestamp': '2026-04-09T02:44:48.517971Z'}
2026-04-08 22:44:51,157 INFO     httpx  HTTP Request: GET https://archive.org/metadata/djen-tse-2026/files "HTTP/1.1 200 OK"
2026-04-08 22:44:51,158 INFO     djen_backup.backfill  {'tribunal': 'TSE', 'year': 2026, 'gaps': 98, 'event': 'backfill_tribunal_year', 'level': 'info', 'timestamp': '2026-04-09T02:44:51.158927Z'}
2026-04-08 22:44:51,206 INFO     httpx  HTTP Request: GET https://comunicaapi.pje.jus.br/api/v1/caderno/TSE/2026-04-08/D "HTTP/1.1 403 Forbidden"
2026-04-08 22:44:51,208 ERROR    djen_backup.backfill  {'tribunal': 'TSE', 'date': '2026-04-08', 'event': 'backfill_download_error', 'level': 'error', 'timestamp': '2026-04-09T02:44:51.208562Z', 'exception': 'Traceback (most recent call last):\n  File "/home/franklin/workspace/causaganha/src/djen_backup/backfill.py", line 557, in backfill_process_date\n    zip_url = await get_caderno_url(client, config.djen_proxy_url, tribunal, d)\n              ^^^^^^^^^^^^^^^^^^^^^^^^^^^^^^^^^^^^^^^^^^^^^^^^^^^^^^^^^^^^^^^^^\n  File "/home/franklin/workspace/causaganha/src/djen_backup/djen.py", line 77, in get_caderno_url\n    resp.raise_for_status()\n  File "/home/franklin/workspace/causaganha/.venv/lib/python3.12/site-packages/httpx/_models.py", line 829, in raise_for_status\n    raise HTTPStatusError(message, request=request, response=self)\nhttpx.HTTPStatusError: Client error \'403 Forbidden\' for url \'https://comunicaapi.pje.jus.br/api/v1/caderno/TSE/2026-04-08/D\'\nFor more information check: https://developer.mozilla.org/en-US/docs/Web/HTTP/Status/403'}
Traceback (most recent call last):
  File "/home/franklin/workspace/causaganha/src/djen_backup/backfill.py", line 557, in backfill_process_date
    zip_url = await get_caderno_url(client, config.djen_proxy_url, tribunal, d)
              ^^^^^^^^^^^^^^^^^^^^^^^^^^^^^^^^^^^^^^^^^^^^^^^^^^^^^^^^^^^^^^^^^
  File "/home/franklin/workspace/causaganha/src/djen_backup/djen.py", line 77, in get_caderno_url
    resp.raise_for_status()
  File "/home/franklin/workspace/causaganha/.venv/lib/python3.12/site-packages/httpx/_models.py", line 829, in raise_for_status
    raise HTTPStatusError(message, request=request, response=self)
httpx.HTTPStatusError: Client error '403 Forbidden' for url 'https://comunicaapi.pje.jus.br/api/v1/caderno/TSE/2026-04-08/D'
For more information check: https://developer.mozilla.org/en-US/docs/Web/HTTP/Status/403
2026-04-08 22:44:51,286 WARNING  djen_backup.backfill  {'tribunal': 'TSE', 'date': '2026-04-08', 'event': 'backfill_item_error', 'level': 'warning', 'timestamp': '2026-04-09T02:44:51.286173Z'}
2026-04-08 22:44:51,341 INFO     httpx  HTTP Request: GET https://comunicaapi.pje.jus.br/api/v1/caderno/TSE/2026-04-07/D "HTTP/1.1 403 Forbidden"
2026-04-08 22:44:51,343 ERROR    djen_backup.backfill  {'tribunal': 'TSE', 'date': '2026-04-07', 'event': 'backfill_download_error', 'level': 'error', 'timestamp': '2026-04-09T02:44:51.342810Z', 'exception': 'Traceback (most recent call last):\n  File "/home/franklin/workspace/causaganha/src/djen_backup/backfill.py", line 557, in backfill_process_date\n    zip_url = await get_caderno_url(client, config.djen_proxy_url, tribunal, d)\n              ^^^^^^^^^^^^^^^^^^^^^^^^^^^^^^^^^^^^^^^^^^^^^^^^^^^^^^^^^^^^^^^^^\n  File "/home/franklin/workspace/causaganha/src/djen_backup/djen.py", line 77, in get_caderno_url\n    resp.raise_for_status()\n  File "/home/franklin/workspace/causaganha/.venv/lib/python3.12/site-packages/httpx/_models.py", line 829, in raise_for_status\n    raise HTTPStatusError(message, request=request, response=self)\nhttpx.HTTPStatusError: Client error \'403 Forbidden\' for url \'https://comunicaapi.pje.jus.br/api/v1/caderno/TSE/2026-04-07/D\'\nFor more information check: https://developer.mozilla.org/en-US/docs/Web/HTTP/Status/403'}
Traceback (most recent call last):
  File "/home/franklin/workspace/causaganha/src/djen_backup/backfill.py", line 557, in backfill_process_date
    zip_url = await get_caderno_url(client, config.djen_proxy_url, tribunal, d)
              ^^^^^^^^^^^^^^^^^^^^^^^^^^^^^^^^^^^^^^^^^^^^^^^^^^^^^^^^^^^^^^^^^
  File "/home/franklin/workspace/causaganha/src/djen_backup/djen.py", line 77, in get_caderno_url
    resp.raise_for_status()
  File "/home/franklin/workspace/causaganha/.venv/lib/python3.12/site-packages/httpx/_models.py", line 829, in raise_for_status
    raise HTTPStatusError(message, request=request, response=self)
httpx.HTTPStatusError: Client error '403 Forbidden' for url 'https://comunicaapi.pje.jus.br/api/v1/caderno/TSE/2026-04-07/D'
For more information check: https://developer.mozilla.org/en-US/docs/Web/HTTP/Status/403
2026-04-08 22:44:51,418 WARNING  djen_backup.backfill  {'tribunal': 'TSE', 'date': '2026-04-07', 'event': 'backfill_item_error', 'level': 'warning', 'timestamp': '2026-04-09T02:44:51.418440Z'}
2026-04-08 22:44:51,469 INFO     httpx  HTTP Request: GET https://comunicaapi.pje.jus.br/api/v1/caderno/TSE/2026-04-06/D "HTTP/1.1 403 Forbidden"
2026-04-08 22:44:51,472 ERROR    djen_backup.backfill  {'tribunal': 'TSE', 'date': '2026-04-06', 'event': 'backfill_download_error', 'level': 'error', 'timestamp': '2026-04-09T02:44:51.471808Z', 'exception': 'Traceback (most recent call last):\n  File "/home/franklin/workspace/causaganha/src/djen_backup/backfill.py", line 557, in backfill_process_date\n    zip_url = await get_caderno_url(client, config.djen_proxy_url, tribunal, d)\n              ^^^^^^^^^^^^^^^^^^^^^^^^^^^^^^^^^^^^^^^^^^^^^^^^^^^^^^^^^^^^^^^^^\n  File "/home/franklin/workspace/causaganha/src/djen_backup/djen.py", line 77, in get_caderno_url\n    resp.raise_for_status()\n  File "/home/franklin/workspace/causaganha/.venv/lib/python3.12/site-packages/httpx/_models.py", line 829, in raise_for_status\n    raise HTTPStatusError(message, request=request, response=self)\nhttpx.HTTPStatusError: Client error \'403 Forbidden\' for url \'https://comunicaapi.pje.jus.br/api/v1/caderno/TSE/2026-04-06/D\'\nFor more information check: https://developer.mozilla.org/en-US/docs/Web/HTTP/Status/403'}
Traceback (most recent call last):
  File "/home/franklin/workspace/causaganha/src/djen_backup/backfill.py", line 557, in backfill_process_date
    zip_url = await get_caderno_url(client, config.djen_proxy_url, tribunal, d)
              ^^^^^^^^^^^^^^^^^^^^^^^^^^^^^^^^^^^^^^^^^^^^^^^^^^^^^^^^^^^^^^^^^
  File "/home/franklin/workspace/causaganha/src/djen_backup/djen.py", line 77, in get_caderno_url
    resp.raise_for_status()
  File "/home/franklin/workspace/causaganha/.venv/lib/python3.12/site-packages/httpx/_models.py", line 829, in raise_for_status
    raise HTTPStatusError(message, request=request, response=self)
httpx.HTTPStatusError: Client error '403 Forbidden' for url 'https://comunicaapi.pje.jus.br/api/v1/caderno/TSE/2026-04-06/D'
For more information check: https://developer.mozilla.org/en-US/docs/Web/HTTP/Status/403
2026-04-08 22:44:51,660 WARNING  djen_backup.backfill  {'tribunal': 'TSE', 'date': '2026-04-06', 'event': 'backfill_item_error', 'level': 'warning', 'timestamp': '2026-04-09T02:44:51.660330Z'}
2026-04-08 22:44:51,661 WARNING  djen_backup.backfill  {'tribunal': 'TSE', 'year': 2026, 'reason': '3 consecutive errors', 'event': 'backfill_tribunal_skipped', 'level': 'warning', 'timestamp': '2026-04-09T02:44:51.661626Z'}
2026-04-08 22:44:51,891 INFO     httpx  HTTP Request: GET https://archive.org/metadata/djen-tst-2026/files "HTTP/1.1 200 OK"
2026-04-08 22:44:51,894 INFO     djen_backup.backfill  {'tribunal': 'TST', 'year': 2026, 'gaps': 32, 'event': 'backfill_tribunal_year', 'level': 'info', 'timestamp': '2026-04-09T02:44:51.894126Z'}
2026-04-08 22:44:51,941 INFO     httpx  HTTP Request: GET https://comunicaapi.pje.jus.br/api/v1/caderno/TST/2026-04-03/D "HTTP/1.1 403 Forbidden"
2026-04-08 22:44:51,943 ERROR    djen_backup.backfill  {'tribunal': 'TST', 'date': '2026-04-03', 'event': 'backfill_download_error', 'level': 'error', 'timestamp': '2026-04-09T02:44:51.943248Z', 'exception': 'Traceback (most recent call last):\n  File "/home/franklin/workspace/causaganha/src/djen_backup/backfill.py", line 557, in backfill_process_date\n    zip_url = await get_caderno_url(client, config.djen_proxy_url, tribunal, d)\n              ^^^^^^^^^^^^^^^^^^^^^^^^^^^^^^^^^^^^^^^^^^^^^^^^^^^^^^^^^^^^^^^^^\n  File "/home/franklin/workspace/causaganha/src/djen_backup/djen.py", line 77, in get_caderno_url\n    resp.raise_for_status()\n  File "/home/franklin/workspace/causaganha/.venv/lib/python3.12/site-packages/httpx/_models.py", line 829, in raise_for_status\n    raise HTTPStatusError(message, request=request, response=self)\nhttpx.HTTPStatusError: Client error \'403 Forbidden\' for url \'https://comunicaapi.pje.jus.br/api/v1/caderno/TST/2026-04-03/D\'\nFor more information check: https://developer.mozilla.org/en-US/docs/Web/HTTP/Status/403'}
Traceback (most recent call last):
  File "/home/franklin/workspace/causaganha/src/djen_backup/backfill.py", line 557, in backfill_process_date
    zip_url = await get_caderno_url(client, config.djen_proxy_url, tribunal, d)
              ^^^^^^^^^^^^^^^^^^^^^^^^^^^^^^^^^^^^^^^^^^^^^^^^^^^^^^^^^^^^^^^^^
  File "/home/franklin/workspace/causaganha/src/djen_backup/djen.py", line 77, in get_caderno_url
    resp.raise_for_status()
  File "/home/franklin/workspace/causaganha/.venv/lib/python3.12/site-packages/httpx/_models.py", line 829, in raise_for_status
    raise HTTPStatusError(message, request=request, response=self)
httpx.HTTPStatusError: Client error '403 Forbidden' for url 'https://comunicaapi.pje.jus.br/api/v1/caderno/TST/2026-04-03/D'
For more information check: https://developer.mozilla.org/en-US/docs/Web/HTTP/Status/403
2026-04-08 22:44:52,029 WARNING  djen_backup.backfill  {'tribunal': 'TST', 'date': '2026-04-03', 'event': 'backfill_item_error', 'level': 'warning', 'timestamp': '2026-04-09T02:44:52.029117Z'}
2026-04-08 22:44:52,076 INFO     httpx  HTTP Request: GET https://comunicaapi.pje.jus.br/api/v1/caderno/TST/2026-04-02/D "HTTP/1.1 403 Forbidden"
2026-04-08 22:44:52,079 ERROR    djen_backup.backfill  {'tribunal': 'TST', 'date': '2026-04-02', 'event': 'backfill_download_error', 'level': 'error', 'timestamp': '2026-04-09T02:44:52.078786Z', 'exception': 'Traceback (most recent call last):\n  File "/home/franklin/workspace/causaganha/src/djen_backup/backfill.py", line 557, in backfill_process_date\n    zip_url = await get_caderno_url(client, config.djen_proxy_url, tribunal, d)\n              ^^^^^^^^^^^^^^^^^^^^^^^^^^^^^^^^^^^^^^^^^^^^^^^^^^^^^^^^^^^^^^^^^\n  File "/home/franklin/workspace/causaganha/src/djen_backup/djen.py", line 77, in get_caderno_url\n    resp.raise_for_status()\n  File "/home/franklin/workspace/causaganha/.venv/lib/python3.12/site-packages/httpx/_models.py", line 829, in raise_for_status\n    raise HTTPStatusError(message, request=request, response=self)\nhttpx.HTTPStatusError: Client error \'403 Forbidden\' for url \'https://comunicaapi.pje.jus.br/api/v1/caderno/TST/2026-04-02/D\'\nFor more information check: https://developer.mozilla.org/en-US/docs/Web/HTTP/Status/403'}
Traceback (most recent call last):
  File "/home/franklin/workspace/causaganha/src/djen_backup/backfill.py", line 557, in backfill_process_date
    zip_url = await get_caderno_url(client, config.djen_proxy_url, tribunal, d)
              ^^^^^^^^^^^^^^^^^^^^^^^^^^^^^^^^^^^^^^^^^^^^^^^^^^^^^^^^^^^^^^^^^
  File "/home/franklin/workspace/causaganha/src/djen_backup/djen.py", line 77, in get_caderno_url
    resp.raise_for_status()
  File "/home/franklin/workspace/causaganha/.venv/lib/python3.12/site-packages/httpx/_models.py", line 829, in raise_for_status
    raise HTTPStatusError(message, request=request, response=self)
httpx.HTTPStatusError: Client error '403 Forbidden' for url 'https://comunicaapi.pje.jus.br/api/v1/caderno/TST/2026-04-02/D'
For more information check: https://developer.mozilla.org/en-US/docs/Web/HTTP/Status/403
2026-04-08 22:44:52,178 WARNING  djen_backup.backfill  {'tribunal': 'TST', 'date': '2026-04-02', 'event': 'backfill_item_error', 'level': 'warning', 'timestamp': '2026-04-09T02:44:52.178878Z'}
2026-04-08 22:44:52,227 INFO     httpx  HTTP Request: GET https://comunicaapi.pje.jus.br/api/v1/caderno/TST/2026-04-01/D "HTTP/1.1 403 Forbidden"
2026-04-08 22:44:52,230 ERROR    djen_backup.backfill  {'tribunal': 'TST', 'date': '2026-04-01', 'event': 'backfill_download_error', 'level': 'error', 'timestamp': '2026-04-09T02:44:52.229744Z', 'exception': 'Traceback (most recent call last):\n  File "/home/franklin/workspace/causaganha/src/djen_backup/backfill.py", line 557, in backfill_process_date\n    zip_url = await get_caderno_url(client, config.djen_proxy_url, tribunal, d)\n              ^^^^^^^^^^^^^^^^^^^^^^^^^^^^^^^^^^^^^^^^^^^^^^^^^^^^^^^^^^^^^^^^^\n  File "/home/franklin/workspace/causaganha/src/djen_backup/djen.py", line 77, in get_caderno_url\n    resp.raise_for_status()\n  File "/home/franklin/workspace/causaganha/.venv/lib/python3.12/site-packages/httpx/_models.py", line 829, in raise_for_status\n    raise HTTPStatusError(message, request=request, response=self)\nhttpx.HTTPStatusError: Client error \'403 Forbidden\' for url \'https://comunicaapi.pje.jus.br/api/v1/caderno/TST/2026-04-01/D\'\nFor more information check: https://developer.mozilla.org/en-US/docs/Web/HTTP/Status/403'}
Traceback (most recent call last):
  File "/home/franklin/workspace/causaganha/src/djen_backup/backfill.py", line 557, in backfill_process_date
    zip_url = await get_caderno_url(client, config.djen_proxy_url, tribunal, d)
              ^^^^^^^^^^^^^^^^^^^^^^^^^^^^^^^^^^^^^^^^^^^^^^^^^^^^^^^^^^^^^^^^^
  File "/home/franklin/workspace/causaganha/src/djen_backup/djen.py", line 77, in get_caderno_url
    resp.raise_for_status()
  File "/home/franklin/workspace/causaganha/.venv/lib/python3.12/site-packages/httpx/_models.py", line 829, in raise_for_status
    raise HTTPStatusError(message, request=request, response=self)
httpx.HTTPStatusError: Client error '403 Forbidden' for url 'https://comunicaapi.pje.jus.br/api/v1/caderno/TST/2026-04-01/D'
For more information check: https://developer.mozilla.org/en-US/docs/Web/HTTP/Status/403
2026-04-08 22:44:52,332 WARNING  djen_backup.backfill  {'tribunal': 'TST', 'date': '2026-04-01', 'event': 'backfill_item_error', 'level': 'warning', 'timestamp': '2026-04-09T02:44:52.332477Z'}
2026-04-08 22:44:52,334 WARNING  djen_backup.backfill  {'tribunal': 'TST', 'year': 2026, 'reason': '3 consecutive errors', 'event': 'backfill_tribunal_skipped', 'level': 'warning', 'timestamp': '2026-04-09T02:44:52.334803Z'}
2026-04-08 22:44:52,378 INFO     djen_backup.backfill  {'year': 2026, 'uploads': 0, 'event': 'backfill_year_done', 'level': 'info', 'timestamp': '2026-04-09T02:44:52.378268Z'}
2026-04-08 22:44:52,826 INFO     httpx  HTTP Request: GET https://archive.org/metadata/djen-cjf-2025/files "HTTP/1.1 200 OK"
2026-04-08 22:44:52,829 INFO     djen_backup.backfill  {'tribunal': 'CJF', 'year': 2025, 'gaps': 142, 'event': 'backfill_tribunal_year', 'level': 'info', 'timestamp': '2026-04-09T02:44:52.829231Z'}
2026-04-08 22:44:52,881 INFO     httpx  HTTP Request: GET https://comunicaapi.pje.jus.br/api/v1/caderno/CJF/2025-12-31/D "HTTP/1.1 403 Forbidden"
2026-04-08 22:44:52,884 ERROR    djen_backup.backfill  {'tribunal': 'CJF', 'date': '2025-12-31', 'event': 'backfill_download_error', 'level': 'error', 'timestamp': '2026-04-09T02:44:52.883592Z', 'exception': 'Traceback (most recent call last):\n  File "/home/franklin/workspace/causaganha/src/djen_backup/backfill.py", line 557, in backfill_process_date\n    zip_url = await get_caderno_url(client, config.djen_proxy_url, tribunal, d)\n              ^^^^^^^^^^^^^^^^^^^^^^^^^^^^^^^^^^^^^^^^^^^^^^^^^^^^^^^^^^^^^^^^^\n  File "/home/franklin/workspace/causaganha/src/djen_backup/djen.py", line 77, in get_caderno_url\n    resp.raise_for_status()\n  File "/home/franklin/workspace/causaganha/.venv/lib/python3.12/site-packages/httpx/_models.py", line 829, in raise_for_status\n    raise HTTPStatusError(message, request=request, response=self)\nhttpx.HTTPStatusError: Client error \'403 Forbidden\' for url \'https://comunicaapi.pje.jus.br/api/v1/caderno/CJF/2025-12-31/D\'\nFor more information check: https://developer.mozilla.org/en-US/docs/Web/HTTP/Status/403'}
Traceback (most recent call last):
  File "/home/franklin/workspace/causaganha/src/djen_backup/backfill.py", line 557, in backfill_process_date
    zip_url = await get_caderno_url(client, config.djen_proxy_url, tribunal, d)
              ^^^^^^^^^^^^^^^^^^^^^^^^^^^^^^^^^^^^^^^^^^^^^^^^^^^^^^^^^^^^^^^^^
  File "/home/franklin/workspace/causaganha/src/djen_backup/djen.py", line 77, in get_caderno_url
    resp.raise_for_status()
  File "/home/franklin/workspace/causaganha/.venv/lib/python3.12/site-packages/httpx/_models.py", line 829, in raise_for_status
    raise HTTPStatusError(message, request=request, response=self)
httpx.HTTPStatusError: Client error '403 Forbidden' for url 'https://comunicaapi.pje.jus.br/api/v1/caderno/CJF/2025-12-31/D'
For more information check: https://developer.mozilla.org/en-US/docs/Web/HTTP/Status/403
2026-04-08 22:44:52,957 WARNING  djen_backup.backfill  {'tribunal': 'CJF', 'date': '2025-12-31', 'event': 'backfill_item_error', 'level': 'warning', 'timestamp': '2026-04-09T02:44:52.957263Z'}
2026-04-08 22:44:53,006 INFO     httpx  HTTP Request: GET https://comunicaapi.pje.jus.br/api/v1/caderno/CJF/2025-12-30/D "HTTP/1.1 403 Forbidden"
2026-04-08 22:44:53,007 ERROR    djen_backup.backfill  {'tribunal': 'CJF', 'date': '2025-12-30', 'event': 'backfill_download_error', 'level': 'error', 'timestamp': '2026-04-09T02:44:53.007137Z', 'exception': 'Traceback (most recent call last):\n  File "/home/franklin/workspace/causaganha/src/djen_backup/backfill.py", line 557, in backfill_process_date\n    zip_url = await get_caderno_url(client, config.djen_proxy_url, tribunal, d)\n              ^^^^^^^^^^^^^^^^^^^^^^^^^^^^^^^^^^^^^^^^^^^^^^^^^^^^^^^^^^^^^^^^^\n  File "/home/franklin/workspace/causaganha/src/djen_backup/djen.py", line 77, in get_caderno_url\n    resp.raise_for_status()\n  File "/home/franklin/workspace/causaganha/.venv/lib/python3.12/site-packages/httpx/_models.py", line 829, in raise_for_status\n    raise HTTPStatusError(message, request=request, response=self)\nhttpx.HTTPStatusError: Client error \'403 Forbidden\' for url \'https://comunicaapi.pje.jus.br/api/v1/caderno/CJF/2025-12-30/D\'\nFor more information check: https://developer.mozilla.org/en-US/docs/Web/HTTP/Status/403'}
Traceback (most recent call last):
  File "/home/franklin/workspace/causaganha/src/djen_backup/backfill.py", line 557, in backfill_process_date
    zip_url = await get_caderno_url(client, config.djen_proxy_url, tribunal, d)
              ^^^^^^^^^^^^^^^^^^^^^^^^^^^^^^^^^^^^^^^^^^^^^^^^^^^^^^^^^^^^^^^^^
  File "/home/franklin/workspace/causaganha/src/djen_backup/djen.py", line 77, in get_caderno_url
    resp.raise_for_status()
  File "/home/franklin/workspace/causaganha/.venv/lib/python3.12/site-packages/httpx/_models.py", line 829, in raise_for_status
    raise HTTPStatusError(message, request=request, response=self)
httpx.HTTPStatusError: Client error '403 Forbidden' for url 'https://comunicaapi.pje.jus.br/api/v1/caderno/CJF/2025-12-30/D'
For more information check: https://developer.mozilla.org/en-US/docs/Web/HTTP/Status/403
2026-04-08 22:44:53,085 WARNING  djen_backup.backfill  {'tribunal': 'CJF', 'date': '2025-12-30', 'event': 'backfill_item_error', 'level': 'warning', 'timestamp': '2026-04-09T02:44:53.085044Z'}
2026-04-08 22:44:53,134 INFO     httpx  HTTP Request: GET https://comunicaapi.pje.jus.br/api/v1/caderno/CJF/2025-12-29/D "HTTP/1.1 403 Forbidden"
2026-04-08 22:44:53,136 ERROR    djen_backup.backfill  {'tribunal': 'CJF', 'date': '2025-12-29', 'event': 'backfill_download_error', 'level': 'error', 'timestamp': '2026-04-09T02:44:53.136039Z', 'exception': 'Traceback (most recent call last):\n  File "/home/franklin/workspace/causaganha/src/djen_backup/backfill.py", line 557, in backfill_process_date\n    zip_url = await get_caderno_url(client, config.djen_proxy_url, tribunal, d)\n              ^^^^^^^^^^^^^^^^^^^^^^^^^^^^^^^^^^^^^^^^^^^^^^^^^^^^^^^^^^^^^^^^^\n  File "/home/franklin/workspace/causaganha/src/djen_backup/djen.py", line 77, in get_caderno_url\n    resp.raise_for_status()\n  File "/home/franklin/workspace/causaganha/.venv/lib/python3.12/site-packages/httpx/_models.py", line 829, in raise_for_status\n    raise HTTPStatusError(message, request=request, response=self)\nhttpx.HTTPStatusError: Client error \'403 Forbidden\' for url \'https://comunicaapi.pje.jus.br/api/v1/caderno/CJF/2025-12-29/D\'\nFor more information check: https://developer.mozilla.org/en-US/docs/Web/HTTP/Status/403'}
Traceback (most recent call last):
  File "/home/franklin/workspace/causaganha/src/djen_backup/backfill.py", line 557, in backfill_process_date
    zip_url = await get_caderno_url(client, config.djen_proxy_url, tribunal, d)
              ^^^^^^^^^^^^^^^^^^^^^^^^^^^^^^^^^^^^^^^^^^^^^^^^^^^^^^^^^^^^^^^^^
  File "/home/franklin/workspace/causaganha/src/djen_backup/djen.py", line 77, in get_caderno_url
    resp.raise_for_status()
  File "/home/franklin/workspace/causaganha/.venv/lib/python3.12/site-packages/httpx/_models.py", line 829, in raise_for_status
    raise HTTPStatusError(message, request=request, response=self)
httpx.HTTPStatusError: Client error '403 Forbidden' for url 'https://comunicaapi.pje.jus.br/api/v1/caderno/CJF/2025-12-29/D'
For more information check: https://developer.mozilla.org/en-US/docs/Web/HTTP/Status/403
2026-04-08 22:44:53,213 WARNING  djen_backup.backfill  {'tribunal': 'CJF', 'date': '2025-12-29', 'event': 'backfill_item_error', 'level': 'warning', 'timestamp': '2026-04-09T02:44:53.213276Z'}
2026-04-08 22:44:53,214 WARNING  djen_backup.backfill  {'tribunal': 'CJF', 'year': 2025, 'reason': '3 consecutive errors', 'event': 'backfill_tribunal_skipped', 'level': 'warning', 'timestamp': '2026-04-09T02:44:53.214193Z'}
2026-04-08 22:44:55,802 INFO     httpx  HTTP Request: GET https://archive.org/metadata/djen-cnj-2025/files "HTTP/1.1 200 OK"
2026-04-08 22:44:55,804 INFO     djen_backup.backfill  {'tribunal': 'CNJ', 'year': 2025, 'gaps': 365, 'event': 'backfill_tribunal_year', 'level': 'info', 'timestamp': '2026-04-09T02:44:55.804744Z'}
2026-04-08 22:44:55,852 INFO     httpx  HTTP Request: GET https://comunicaapi.pje.jus.br/api/v1/caderno/CNJ/2025-12-31/D "HTTP/1.1 403 Forbidden"
2026-04-08 22:44:55,853 ERROR    djen_backup.backfill  {'tribunal': 'CNJ', 'date': '2025-12-31', 'event': 'backfill_download_error', 'level': 'error', 'timestamp': '2026-04-09T02:44:55.853442Z', 'exception': 'Traceback (most recent call last):\n  File "/home/franklin/workspace/causaganha/src/djen_backup/backfill.py", line 557, in backfill_process_date\n    zip_url = await get_caderno_url(client, config.djen_proxy_url, tribunal, d)\n              ^^^^^^^^^^^^^^^^^^^^^^^^^^^^^^^^^^^^^^^^^^^^^^^^^^^^^^^^^^^^^^^^^\n  File "/home/franklin/workspace/causaganha/src/djen_backup/djen.py", line 77, in get_caderno_url\n    resp.raise_for_status()\n  File "/home/franklin/workspace/causaganha/.venv/lib/python3.12/site-packages/httpx/_models.py", line 829, in raise_for_status\n    raise HTTPStatusError(message, request=request, response=self)\nhttpx.HTTPStatusError: Client error \'403 Forbidden\' for url \'https://comunicaapi.pje.jus.br/api/v1/caderno/CNJ/2025-12-31/D\'\nFor more information check: https://developer.mozilla.org/en-US/docs/Web/HTTP/Status/403'}
Traceback (most recent call last):
  File "/home/franklin/workspace/causaganha/src/djen_backup/backfill.py", line 557, in backfill_process_date
    zip_url = await get_caderno_url(client, config.djen_proxy_url, tribunal, d)
              ^^^^^^^^^^^^^^^^^^^^^^^^^^^^^^^^^^^^^^^^^^^^^^^^^^^^^^^^^^^^^^^^^
  File "/home/franklin/workspace/causaganha/src/djen_backup/djen.py", line 77, in get_caderno_url
    resp.raise_for_status()
  File "/home/franklin/workspace/causaganha/.venv/lib/python3.12/site-packages/httpx/_models.py", line 829, in raise_for_status
    raise HTTPStatusError(message, request=request, response=self)
httpx.HTTPStatusError: Client error '403 Forbidden' for url 'https://comunicaapi.pje.jus.br/api/v1/caderno/CNJ/2025-12-31/D'
For more information check: https://developer.mozilla.org/en-US/docs/Web/HTTP/Status/403
2026-04-08 22:44:55,931 WARNING  djen_backup.backfill  {'tribunal': 'CNJ', 'date': '2025-12-31', 'event': 'backfill_item_error', 'level': 'warning', 'timestamp': '2026-04-09T02:44:55.931931Z'}
2026-04-08 22:44:55,979 INFO     httpx  HTTP Request: GET https://comunicaapi.pje.jus.br/api/v1/caderno/CNJ/2025-12-30/D "HTTP/1.1 403 Forbidden"
2026-04-08 22:44:55,981 ERROR    djen_backup.backfill  {'tribunal': 'CNJ', 'date': '2025-12-30', 'event': 'backfill_download_error', 'level': 'error', 'timestamp': '2026-04-09T02:44:55.981603Z', 'exception': 'Traceback (most recent call last):\n  File "/home/franklin/workspace/causaganha/src/djen_backup/backfill.py", line 557, in backfill_process_date\n    zip_url = await get_caderno_url(client, config.djen_proxy_url, tribunal, d)\n              ^^^^^^^^^^^^^^^^^^^^^^^^^^^^^^^^^^^^^^^^^^^^^^^^^^^^^^^^^^^^^^^^^\n  File "/home/franklin/workspace/causaganha/src/djen_backup/djen.py", line 77, in get_caderno_url\n    resp.raise_for_status()\n  File "/home/franklin/workspace/causaganha/.venv/lib/python3.12/site-packages/httpx/_models.py", line 829, in raise_for_status\n    raise HTTPStatusError(message, request=request, response=self)\nhttpx.HTTPStatusError: Client error \'403 Forbidden\' for url \'https://comunicaapi.pje.jus.br/api/v1/caderno/CNJ/2025-12-30/D\'\nFor more information check: https://developer.mozilla.org/en-US/docs/Web/HTTP/Status/403'}
Traceback (most recent call last):
  File "/home/franklin/workspace/causaganha/src/djen_backup/backfill.py", line 557, in backfill_process_date
    zip_url = await get_caderno_url(client, config.djen_proxy_url, tribunal, d)
              ^^^^^^^^^^^^^^^^^^^^^^^^^^^^^^^^^^^^^^^^^^^^^^^^^^^^^^^^^^^^^^^^^
  File "/home/franklin/workspace/causaganha/src/djen_backup/djen.py", line 77, in get_caderno_url
    resp.raise_for_status()
  File "/home/franklin/workspace/causaganha/.venv/lib/python3.12/site-packages/httpx/_models.py", line 829, in raise_for_status
    raise HTTPStatusError(message, request=request, response=self)
httpx.HTTPStatusError: Client error '403 Forbidden' for url 'https://comunicaapi.pje.jus.br/api/v1/caderno/CNJ/2025-12-30/D'
For more information check: https://developer.mozilla.org/en-US/docs/Web/HTTP/Status/403
2026-04-08 22:44:56,066 WARNING  djen_backup.backfill  {'tribunal': 'CNJ', 'date': '2025-12-30', 'event': 'backfill_item_error', 'level': 'warning', 'timestamp': '2026-04-09T02:44:56.066678Z'}
2026-04-08 22:44:56,116 INFO     httpx  HTTP Request: GET https://comunicaapi.pje.jus.br/api/v1/caderno/CNJ/2025-12-29/D "HTTP/1.1 403 Forbidden"
2026-04-08 22:44:56,118 ERROR    djen_backup.backfill  {'tribunal': 'CNJ', 'date': '2025-12-29', 'event': 'backfill_download_error', 'level': 'error', 'timestamp': '2026-04-09T02:44:56.117764Z', 'exception': 'Traceback (most recent call last):\n  File "/home/franklin/workspace/causaganha/src/djen_backup/backfill.py", line 557, in backfill_process_date\n    zip_url = await get_caderno_url(client, config.djen_proxy_url, tribunal, d)\n              ^^^^^^^^^^^^^^^^^^^^^^^^^^^^^^^^^^^^^^^^^^^^^^^^^^^^^^^^^^^^^^^^^\n  File "/home/franklin/workspace/causaganha/src/djen_backup/djen.py", line 77, in get_caderno_url\n    resp.raise_for_status()\n  File "/home/franklin/workspace/causaganha/.venv/lib/python3.12/site-packages/httpx/_models.py", line 829, in raise_for_status\n    raise HTTPStatusError(message, request=request, response=self)\nhttpx.HTTPStatusError: Client error \'403 Forbidden\' for url \'https://comunicaapi.pje.jus.br/api/v1/caderno/CNJ/2025-12-29/D\'\nFor more information check: https://developer.mozilla.org/en-US/docs/Web/HTTP/Status/403'}
Traceback (most recent call last):
  File "/home/franklin/workspace/causaganha/src/djen_backup/backfill.py", line 557, in backfill_process_date
    zip_url = await get_caderno_url(client, config.djen_proxy_url, tribunal, d)
              ^^^^^^^^^^^^^^^^^^^^^^^^^^^^^^^^^^^^^^^^^^^^^^^^^^^^^^^^^^^^^^^^^
  File "/home/franklin/workspace/causaganha/src/djen_backup/djen.py", line 77, in get_caderno_url
    resp.raise_for_status()
  File "/home/franklin/workspace/causaganha/.venv/lib/python3.12/site-packages/httpx/_models.py", line 829, in raise_for_status
    raise HTTPStatusError(message, request=request, response=self)
httpx.HTTPStatusError: Client error '403 Forbidden' for url 'https://comunicaapi.pje.jus.br/api/v1/caderno/CNJ/2025-12-29/D'
For more information check: https://developer.mozilla.org/en-US/docs/Web/HTTP/Status/403
2026-04-08 22:44:56,189 WARNING  djen_backup.backfill  {'tribunal': 'CNJ', 'date': '2025-12-29', 'event': 'backfill_item_error', 'level': 'warning', 'timestamp': '2026-04-09T02:44:56.189854Z'}
2026-04-08 22:44:56,190 WARNING  djen_backup.backfill  {'tribunal': 'CNJ', 'year': 2025, 'reason': '3 consecutive errors', 'event': 'backfill_tribunal_skipped', 'level': 'warning', 'timestamp': '2026-04-09T02:44:56.190805Z'}
2026-04-08 22:44:56,847 INFO     httpx  HTTP Request: GET https://archive.org/metadata/djen-pjecor-2025/files "HTTP/1.1 200 OK"
2026-04-08 22:44:56,851 INFO     djen_backup.backfill  {'tribunal': 'PJeCor', 'year': 2025, 'gaps': 120, 'event': 'backfill_tribunal_year', 'level': 'info', 'timestamp': '2026-04-09T02:44:56.851531Z'}
2026-04-08 22:44:56,902 INFO     httpx  HTTP Request: GET https://comunicaapi.pje.jus.br/api/v1/caderno/PJeCor/2025-12-31/D "HTTP/1.1 403 Forbidden"
2026-04-08 22:44:56,904 ERROR    djen_backup.backfill  {'tribunal': 'PJeCor', 'date': '2025-12-31', 'event': 'backfill_download_error', 'level': 'error', 'timestamp': '2026-04-09T02:44:56.903927Z', 'exception': 'Traceback (most recent call last):\n  File "/home/franklin/workspace/causaganha/src/djen_backup/backfill.py", line 557, in backfill_process_date\n    zip_url = await get_caderno_url(client, config.djen_proxy_url, tribunal, d)\n              ^^^^^^^^^^^^^^^^^^^^^^^^^^^^^^^^^^^^^^^^^^^^^^^^^^^^^^^^^^^^^^^^^\n  File "/home/franklin/workspace/causaganha/src/djen_backup/djen.py", line 77, in get_caderno_url\n    resp.raise_for_status()\n  File "/home/franklin/workspace/causaganha/.venv/lib/python3.12/site-packages/httpx/_models.py", line 829, in raise_for_status\n    raise HTTPStatusError(message, request=request, response=self)\nhttpx.HTTPStatusError: Client error \'403 Forbidden\' for url \'https://comunicaapi.pje.jus.br/api/v1/caderno/PJeCor/2025-12-31/D\'\nFor more information check: https://developer.mozilla.org/en-US/docs/Web/HTTP/Status/403'}
Traceback (most recent call last):
  File "/home/franklin/workspace/causaganha/src/djen_backup/backfill.py", line 557, in backfill_process_date
    zip_url = await get_caderno_url(client, config.djen_proxy_url, tribunal, d)
              ^^^^^^^^^^^^^^^^^^^^^^^^^^^^^^^^^^^^^^^^^^^^^^^^^^^^^^^^^^^^^^^^^
  File "/home/franklin/workspace/causaganha/src/djen_backup/djen.py", line 77, in get_caderno_url
    resp.raise_for_status()
  File "/home/franklin/workspace/causaganha/.venv/lib/python3.12/site-packages/httpx/_models.py", line 829, in raise_for_status
    raise HTTPStatusError(message, request=request, response=self)
httpx.HTTPStatusError: Client error '403 Forbidden' for url 'https://comunicaapi.pje.jus.br/api/v1/caderno/PJeCor/2025-12-31/D'
For more information check: https://developer.mozilla.org/en-US/docs/Web/HTTP/Status/403
2026-04-08 22:44:56,976 WARNING  djen_backup.backfill  {'tribunal': 'PJeCor', 'date': '2025-12-31', 'event': 'backfill_item_error', 'level': 'warning', 'timestamp': '2026-04-09T02:44:56.976679Z'}
2026-04-08 22:44:57,025 INFO     httpx  HTTP Request: GET https://comunicaapi.pje.jus.br/api/v1/caderno/PJeCor/2025-12-30/D "HTTP/1.1 403 Forbidden"
2026-04-08 22:44:57,027 ERROR    djen_backup.backfill  {'tribunal': 'PJeCor', 'date': '2025-12-30', 'event': 'backfill_download_error', 'level': 'error', 'timestamp': '2026-04-09T02:44:57.027386Z', 'exception': 'Traceback (most recent call last):\n  File "/home/franklin/workspace/causaganha/src/djen_backup/backfill.py", line 557, in backfill_process_date\n    zip_url = await get_caderno_url(client, config.djen_proxy_url, tribunal, d)\n              ^^^^^^^^^^^^^^^^^^^^^^^^^^^^^^^^^^^^^^^^^^^^^^^^^^^^^^^^^^^^^^^^^\n  File "/home/franklin/workspace/causaganha/src/djen_backup/djen.py", line 77, in get_caderno_url\n    resp.raise_for_status()\n  File "/home/franklin/workspace/causaganha/.venv/lib/python3.12/site-packages/httpx/_models.py", line 829, in raise_for_status\n    raise HTTPStatusError(message, request=request, response=self)\nhttpx.HTTPStatusError: Client error \'403 Forbidden\' for url \'https://comunicaapi.pje.jus.br/api/v1/caderno/PJeCor/2025-12-30/D\'\nFor more information check: https://developer.mozilla.org/en-US/docs/Web/HTTP/Status/403'}
Traceback (most recent call last):
  File "/home/franklin/workspace/causaganha/src/djen_backup/backfill.py", line 557, in backfill_process_date
    zip_url = await get_caderno_url(client, config.djen_proxy_url, tribunal, d)
              ^^^^^^^^^^^^^^^^^^^^^^^^^^^^^^^^^^^^^^^^^^^^^^^^^^^^^^^^^^^^^^^^^
  File "/home/franklin/workspace/causaganha/src/djen_backup/djen.py", line 77, in get_caderno_url
    resp.raise_for_status()
  File "/home/franklin/workspace/causaganha/.venv/lib/python3.12/site-packages/httpx/_models.py", line 829, in raise_for_status
    raise HTTPStatusError(message, request=request, response=self)
httpx.HTTPStatusError: Client error '403 Forbidden' for url 'https://comunicaapi.pje.jus.br/api/v1/caderno/PJeCor/2025-12-30/D'
For more information check: https://developer.mozilla.org/en-US/docs/Web/HTTP/Status/403
2026-04-08 22:44:57,103 WARNING  djen_backup.backfill  {'tribunal': 'PJeCor', 'date': '2025-12-30', 'event': 'backfill_item_error', 'level': 'warning', 'timestamp': '2026-04-09T02:44:57.102981Z'}
2026-04-08 22:44:57,156 INFO     httpx  HTTP Request: GET https://comunicaapi.pje.jus.br/api/v1/caderno/PJeCor/2025-12-28/D "HTTP/1.1 403 Forbidden"
2026-04-08 22:44:57,158 ERROR    djen_backup.backfill  {'tribunal': 'PJeCor', 'date': '2025-12-28', 'event': 'backfill_download_error', 'level': 'error', 'timestamp': '2026-04-09T02:44:57.157568Z', 'exception': 'Traceback (most recent call last):\n  File "/home/franklin/workspace/causaganha/src/djen_backup/backfill.py", line 557, in backfill_process_date\n    zip_url = await get_caderno_url(client, config.djen_proxy_url, tribunal, d)\n              ^^^^^^^^^^^^^^^^^^^^^^^^^^^^^^^^^^^^^^^^^^^^^^^^^^^^^^^^^^^^^^^^^\n  File "/home/franklin/workspace/causaganha/src/djen_backup/djen.py", line 77, in get_caderno_url\n    resp.raise_for_status()\n  File "/home/franklin/workspace/causaganha/.venv/lib/python3.12/site-packages/httpx/_models.py", line 829, in raise_for_status\n    raise HTTPStatusError(message, request=request, response=self)\nhttpx.HTTPStatusError: Client error \'403 Forbidden\' for url \'https://comunicaapi.pje.jus.br/api/v1/caderno/PJeCor/2025-12-28/D\'\nFor more information check: https://developer.mozilla.org/en-US/docs/Web/HTTP/Status/403'}
Traceback (most recent call last):
  File "/home/franklin/workspace/causaganha/src/djen_backup/backfill.py", line 557, in backfill_process_date
    zip_url = await get_caderno_url(client, config.djen_proxy_url, tribunal, d)
              ^^^^^^^^^^^^^^^^^^^^^^^^^^^^^^^^^^^^^^^^^^^^^^^^^^^^^^^^^^^^^^^^^
  File "/home/franklin/workspace/causaganha/src/djen_backup/djen.py", line 77, in get_caderno_url
    resp.raise_for_status()
  File "/home/franklin/workspace/causaganha/.venv/lib/python3.12/site-packages/httpx/_models.py", line 829, in raise_for_status
    raise HTTPStatusError(message, request=request, response=self)
httpx.HTTPStatusError: Client error '403 Forbidden' for url 'https://comunicaapi.pje.jus.br/api/v1/caderno/PJeCor/2025-12-28/D'
For more information check: https://developer.mozilla.org/en-US/docs/Web/HTTP/Status/403
2026-04-08 22:44:57,230 WARNING  djen_backup.backfill  {'tribunal': 'PJeCor', 'date': '2025-12-28', 'event': 'backfill_item_error', 'level': 'warning', 'timestamp': '2026-04-09T02:44:57.230344Z'}
2026-04-08 22:44:57,232 WARNING  djen_backup.backfill  {'tribunal': 'PJeCor', 'year': 2025, 'reason': '3 consecutive errors', 'event': 'backfill_tribunal_skipped', 'level': 'warning', 'timestamp': '2026-04-09T02:44:57.232323Z'}
2026-04-08 22:44:59,770 INFO     httpx  HTTP Request: GET https://archive.org/metadata/djen-seeu-2025/files "HTTP/1.1 200 OK"
2026-04-08 22:44:59,772 INFO     djen_backup.backfill  {'tribunal': 'SEEU', 'year': 2025, 'gaps': 365, 'event': 'backfill_tribunal_year', 'level': 'info', 'timestamp': '2026-04-09T02:44:59.772435Z'}
2026-04-08 22:44:59,823 INFO     httpx  HTTP Request: GET https://comunicaapi.pje.jus.br/api/v1/caderno/SEEU/2025-12-31/D "HTTP/1.1 403 Forbidden"
2026-04-08 22:44:59,824 ERROR    djen_backup.backfill  {'tribunal': 'SEEU', 'date': '2025-12-31', 'event': 'backfill_download_error', 'level': 'error', 'timestamp': '2026-04-09T02:44:59.824291Z', 'exception': 'Traceback (most recent call last):\n  File "/home/franklin/workspace/causaganha/src/djen_backup/backfill.py", line 557, in backfill_process_date\n    zip_url = await get_caderno_url(client, config.djen_proxy_url, tribunal, d)\n              ^^^^^^^^^^^^^^^^^^^^^^^^^^^^^^^^^^^^^^^^^^^^^^^^^^^^^^^^^^^^^^^^^\n  File "/home/franklin/workspace/causaganha/src/djen_backup/djen.py", line 77, in get_caderno_url\n    resp.raise_for_status()\n  File "/home/franklin/workspace/causaganha/.venv/lib/python3.12/site-packages/httpx/_models.py", line 829, in raise_for_status\n    raise HTTPStatusError(message, request=request, response=self)\nhttpx.HTTPStatusError: Client error \'403 Forbidden\' for url \'https://comunicaapi.pje.jus.br/api/v1/caderno/SEEU/2025-12-31/D\'\nFor more information check: https://developer.mozilla.org/en-US/docs/Web/HTTP/Status/403'}
Traceback (most recent call last):
  File "/home/franklin/workspace/causaganha/src/djen_backup/backfill.py", line 557, in backfill_process_date
    zip_url = await get_caderno_url(client, config.djen_proxy_url, tribunal, d)
              ^^^^^^^^^^^^^^^^^^^^^^^^^^^^^^^^^^^^^^^^^^^^^^^^^^^^^^^^^^^^^^^^^
  File "/home/franklin/workspace/causaganha/src/djen_backup/djen.py", line 77, in get_caderno_url
    resp.raise_for_status()
  File "/home/franklin/workspace/causaganha/.venv/lib/python3.12/site-packages/httpx/_models.py", line 829, in raise_for_status
    raise HTTPStatusError(message, request=request, response=self)
httpx.HTTPStatusError: Client error '403 Forbidden' for url 'https://comunicaapi.pje.jus.br/api/v1/caderno/SEEU/2025-12-31/D'
For more information check: https://developer.mozilla.org/en-US/docs/Web/HTTP/Status/403
2026-04-08 22:44:59,999 WARNING  djen_backup.backfill  {'tribunal': 'SEEU', 'date': '2025-12-31', 'event': 'backfill_item_error', 'level': 'warning', 'timestamp': '2026-04-09T02:44:59.999659Z'}
2026-04-08 22:45:00,048 INFO     httpx  HTTP Request: GET https://comunicaapi.pje.jus.br/api/v1/caderno/SEEU/2025-12-30/D "HTTP/1.1 403 Forbidden"
2026-04-08 22:45:00,050 ERROR    djen_backup.backfill  {'tribunal': 'SEEU', 'date': '2025-12-30', 'event': 'backfill_download_error', 'level': 'error', 'timestamp': '2026-04-09T02:45:00.049842Z', 'exception': 'Traceback (most recent call last):\n  File "/home/franklin/workspace/causaganha/src/djen_backup/backfill.py", line 557, in backfill_process_date\n    zip_url = await get_caderno_url(client, config.djen_proxy_url, tribunal, d)\n              ^^^^^^^^^^^^^^^^^^^^^^^^^^^^^^^^^^^^^^^^^^^^^^^^^^^^^^^^^^^^^^^^^\n  File "/home/franklin/workspace/causaganha/src/djen_backup/djen.py", line 77, in get_caderno_url\n    resp.raise_for_status()\n  File "/home/franklin/workspace/causaganha/.venv/lib/python3.12/site-packages/httpx/_models.py", line 829, in raise_for_status\n    raise HTTPStatusError(message, request=request, response=self)\nhttpx.HTTPStatusError: Client error \'403 Forbidden\' for url \'https://comunicaapi.pje.jus.br/api/v1/caderno/SEEU/2025-12-30/D\'\nFor more information check: https://developer.mozilla.org/en-US/docs/Web/HTTP/Status/403'}
Traceback (most recent call last):
  File "/home/franklin/workspace/causaganha/src/djen_backup/backfill.py", line 557, in backfill_process_date
    zip_url = await get_caderno_url(client, config.djen_proxy_url, tribunal, d)
              ^^^^^^^^^^^^^^^^^^^^^^^^^^^^^^^^^^^^^^^^^^^^^^^^^^^^^^^^^^^^^^^^^
  File "/home/franklin/workspace/causaganha/src/djen_backup/djen.py", line 77, in get_caderno_url
    resp.raise_for_status()
  File "/home/franklin/workspace/causaganha/.venv/lib/python3.12/site-packages/httpx/_models.py", line 829, in raise_for_status
    raise HTTPStatusError(message, request=request, response=self)
httpx.HTTPStatusError: Client error '403 Forbidden' for url 'https://comunicaapi.pje.jus.br/api/v1/caderno/SEEU/2025-12-30/D'
For more information check: https://developer.mozilla.org/en-US/docs/Web/HTTP/Status/403
2026-04-08 22:45:00,123 WARNING  djen_backup.backfill  {'tribunal': 'SEEU', 'date': '2025-12-30', 'event': 'backfill_item_error', 'level': 'warning', 'timestamp': '2026-04-09T02:45:00.123538Z'}
2026-04-08 22:45:00,171 INFO     httpx  HTTP Request: GET https://comunicaapi.pje.jus.br/api/v1/caderno/SEEU/2025-12-29/D "HTTP/1.1 403 Forbidden"
2026-04-08 22:45:00,172 ERROR    djen_backup.backfill  {'tribunal': 'SEEU', 'date': '2025-12-29', 'event': 'backfill_download_error', 'level': 'error', 'timestamp': '2026-04-09T02:45:00.172349Z', 'exception': 'Traceback (most recent call last):\n  File "/home/franklin/workspace/causaganha/src/djen_backup/backfill.py", line 557, in backfill_process_date\n    zip_url = await get_caderno_url(client, config.djen_proxy_url, tribunal, d)\n              ^^^^^^^^^^^^^^^^^^^^^^^^^^^^^^^^^^^^^^^^^^^^^^^^^^^^^^^^^^^^^^^^^\n  File "/home/franklin/workspace/causaganha/src/djen_backup/djen.py", line 77, in get_caderno_url\n    resp.raise_for_status()\n  File "/home/franklin/workspace/causaganha/.venv/lib/python3.12/site-packages/httpx/_models.py", line 829, in raise_for_status\n    raise HTTPStatusError(message, request=request, response=self)\nhttpx.HTTPStatusError: Client error \'403 Forbidden\' for url \'https://comunicaapi.pje.jus.br/api/v1/caderno/SEEU/2025-12-29/D\'\nFor more information check: https://developer.mozilla.org/en-US/docs/Web/HTTP/Status/403'}
Traceback (most recent call last):
  File "/home/franklin/workspace/causaganha/src/djen_backup/backfill.py", line 557, in backfill_process_date
    zip_url = await get_caderno_url(client, config.djen_proxy_url, tribunal, d)
              ^^^^^^^^^^^^^^^^^^^^^^^^^^^^^^^^^^^^^^^^^^^^^^^^^^^^^^^^^^^^^^^^^
  File "/home/franklin/workspace/causaganha/src/djen_backup/djen.py", line 77, in get_caderno_url
    resp.raise_for_status()
  File "/home/franklin/workspace/causaganha/.venv/lib/python3.12/site-packages/httpx/_models.py", line 829, in raise_for_status
    raise HTTPStatusError(message, request=request, response=self)
httpx.HTTPStatusError: Client error '403 Forbidden' for url 'https://comunicaapi.pje.jus.br/api/v1/caderno/SEEU/2025-12-29/D'
For more information check: https://developer.mozilla.org/en-US/docs/Web/HTTP/Status/403
2026-04-08 22:45:00,257 WARNING  djen_backup.backfill  {'tribunal': 'SEEU', 'date': '2025-12-29', 'event': 'backfill_item_error', 'level': 'warning', 'timestamp': '2026-04-09T02:45:00.256991Z'}
2026-04-08 22:45:00,258 WARNING  djen_backup.backfill  {'tribunal': 'SEEU', 'year': 2025, 'reason': '3 consecutive errors', 'event': 'backfill_tribunal_skipped', 'level': 'warning', 'timestamp': '2026-04-09T02:45:00.258193Z'}
2026-04-08 22:45:02,799 INFO     httpx  HTTP Request: GET https://archive.org/metadata/djen-stf-2025/files "HTTP/1.1 200 OK"
2026-04-08 22:45:02,801 INFO     djen_backup.backfill  {'tribunal': 'STF', 'year': 2025, 'gaps': 365, 'event': 'backfill_tribunal_year', 'level': 'info', 'timestamp': '2026-04-09T02:45:02.801945Z'}
2026-04-08 22:45:02,849 INFO     httpx  HTTP Request: GET https://comunicaapi.pje.jus.br/api/v1/caderno/STF/2025-12-31/D "HTTP/1.1 403 Forbidden"
2026-04-08 22:45:02,851 ERROR    djen_backup.backfill  {'tribunal': 'STF', 'date': '2025-12-31', 'event': 'backfill_download_error', 'level': 'error', 'timestamp': '2026-04-09T02:45:02.850705Z', 'exception': 'Traceback (most recent call last):\n  File "/home/franklin/workspace/causaganha/src/djen_backup/backfill.py", line 557, in backfill_process_date\n    zip_url = await get_caderno_url(client, config.djen_proxy_url, tribunal, d)\n              ^^^^^^^^^^^^^^^^^^^^^^^^^^^^^^^^^^^^^^^^^^^^^^^^^^^^^^^^^^^^^^^^^\n  File "/home/franklin/workspace/causaganha/src/djen_backup/djen.py", line 77, in get_caderno_url\n    resp.raise_for_status()\n  File "/home/franklin/workspace/causaganha/.venv/lib/python3.12/site-packages/httpx/_models.py", line 829, in raise_for_status\n    raise HTTPStatusError(message, request=request, response=self)\nhttpx.HTTPStatusError: Client error \'403 Forbidden\' for url \'https://comunicaapi.pje.jus.br/api/v1/caderno/STF/2025-12-31/D\'\nFor more information check: https://developer.mozilla.org/en-US/docs/Web/HTTP/Status/403'}
Traceback (most recent call last):
  File "/home/franklin/workspace/causaganha/src/djen_backup/backfill.py", line 557, in backfill_process_date
    zip_url = await get_caderno_url(client, config.djen_proxy_url, tribunal, d)
              ^^^^^^^^^^^^^^^^^^^^^^^^^^^^^^^^^^^^^^^^^^^^^^^^^^^^^^^^^^^^^^^^^
  File "/home/franklin/workspace/causaganha/src/djen_backup/djen.py", line 77, in get_caderno_url
    resp.raise_for_status()
  File "/home/franklin/workspace/causaganha/.venv/lib/python3.12/site-packages/httpx/_models.py", line 829, in raise_for_status
    raise HTTPStatusError(message, request=request, response=self)
httpx.HTTPStatusError: Client error '403 Forbidden' for url 'https://comunicaapi.pje.jus.br/api/v1/caderno/STF/2025-12-31/D'
For more information check: https://developer.mozilla.org/en-US/docs/Web/HTTP/Status/403
2026-04-08 22:45:02,929 WARNING  djen_backup.backfill  {'tribunal': 'STF', 'date': '2025-12-31', 'event': 'backfill_item_error', 'level': 'warning', 'timestamp': '2026-04-09T02:45:02.929172Z'}
2026-04-08 22:45:03,054 INFO     httpx  HTTP Request: GET https://comunicaapi.pje.jus.br/api/v1/caderno/STF/2025-12-30/D "HTTP/1.1 403 Forbidden"
2026-04-08 22:45:03,056 ERROR    djen_backup.backfill  {'tribunal': 'STF', 'date': '2025-12-30', 'event': 'backfill_download_error', 'level': 'error', 'timestamp': '2026-04-09T02:45:03.055985Z', 'exception': 'Traceback (most recent call last):\n  File "/home/franklin/workspace/causaganha/src/djen_backup/backfill.py", line 557, in backfill_process_date\n    zip_url = await get_caderno_url(client, config.djen_proxy_url, tribunal, d)\n              ^^^^^^^^^^^^^^^^^^^^^^^^^^^^^^^^^^^^^^^^^^^^^^^^^^^^^^^^^^^^^^^^^\n  File "/home/franklin/workspace/causaganha/src/djen_backup/djen.py", line 77, in get_caderno_url\n    resp.raise_for_status()\n  File "/home/franklin/workspace/causaganha/.venv/lib/python3.12/site-packages/httpx/_models.py", line 829, in raise_for_status\n    raise HTTPStatusError(message, request=request, response=self)\nhttpx.HTTPStatusError: Client error \'403 Forbidden\' for url \'https://comunicaapi.pje.jus.br/api/v1/caderno/STF/2025-12-30/D\'\nFor more information check: https://developer.mozilla.org/en-US/docs/Web/HTTP/Status/403'}
Traceback (most recent call last):
  File "/home/franklin/workspace/causaganha/src/djen_backup/backfill.py", line 557, in backfill_process_date
    zip_url = await get_caderno_url(client, config.djen_proxy_url, tribunal, d)
              ^^^^^^^^^^^^^^^^^^^^^^^^^^^^^^^^^^^^^^^^^^^^^^^^^^^^^^^^^^^^^^^^^
  File "/home/franklin/workspace/causaganha/src/djen_backup/djen.py", line 77, in get_caderno_url
    resp.raise_for_status()
  File "/home/franklin/workspace/causaganha/.venv/lib/python3.12/site-packages/httpx/_models.py", line 829, in raise_for_status
    raise HTTPStatusError(message, request=request, response=self)
httpx.HTTPStatusError: Client error '403 Forbidden' for url 'https://comunicaapi.pje.jus.br/api/v1/caderno/STF/2025-12-30/D'
For more information check: https://developer.mozilla.org/en-US/docs/Web/HTTP/Status/403
2026-04-08 22:45:03,137 WARNING  djen_backup.backfill  {'tribunal': 'STF', 'date': '2025-12-30', 'event': 'backfill_item_error', 'level': 'warning', 'timestamp': '2026-04-09T02:45:03.137249Z'}
2026-04-08 22:45:03,186 INFO     httpx  HTTP Request: GET https://comunicaapi.pje.jus.br/api/v1/caderno/STF/2025-12-29/D "HTTP/1.1 403 Forbidden"
2026-04-08 22:45:03,188 ERROR    djen_backup.backfill  {'tribunal': 'STF', 'date': '2025-12-29', 'event': 'backfill_download_error', 'level': 'error', 'timestamp': '2026-04-09T02:45:03.188062Z', 'exception': 'Traceback (most recent call last):\n  File "/home/franklin/workspace/causaganha/src/djen_backup/backfill.py", line 557, in backfill_process_date\n    zip_url = await get_caderno_url(client, config.djen_proxy_url, tribunal, d)\n              ^^^^^^^^^^^^^^^^^^^^^^^^^^^^^^^^^^^^^^^^^^^^^^^^^^^^^^^^^^^^^^^^^\n  File "/home/franklin/workspace/causaganha/src/djen_backup/djen.py", line 77, in get_caderno_url\n    resp.raise_for_status()\n  File "/home/franklin/workspace/causaganha/.venv/lib/python3.12/site-packages/httpx/_models.py", line 829, in raise_for_status\n    raise HTTPStatusError(message, request=request, response=self)\nhttpx.HTTPStatusError: Client error \'403 Forbidden\' for url \'https://comunicaapi.pje.jus.br/api/v1/caderno/STF/2025-12-29/D\'\nFor more information check: https://developer.mozilla.org/en-US/docs/Web/HTTP/Status/403'}
Traceback (most recent call last):
  File "/home/franklin/workspace/causaganha/src/djen_backup/backfill.py", line 557, in backfill_process_date
    zip_url = await get_caderno_url(client, config.djen_proxy_url, tribunal, d)
              ^^^^^^^^^^^^^^^^^^^^^^^^^^^^^^^^^^^^^^^^^^^^^^^^^^^^^^^^^^^^^^^^^
  File "/home/franklin/workspace/causaganha/src/djen_backup/djen.py", line 77, in get_caderno_url
    resp.raise_for_status()
  File "/home/franklin/workspace/causaganha/.venv/lib/python3.12/site-packages/httpx/_models.py", line 829, in raise_for_status
    raise HTTPStatusError(message, request=request, response=self)
httpx.HTTPStatusError: Client error '403 Forbidden' for url 'https://comunicaapi.pje.jus.br/api/v1/caderno/STF/2025-12-29/D'
For more information check: https://developer.mozilla.org/en-US/docs/Web/HTTP/Status/403
2026-04-08 22:45:03,258 WARNING  djen_backup.backfill  {'tribunal': 'STF', 'date': '2025-12-29', 'event': 'backfill_item_error', 'level': 'warning', 'timestamp': '2026-04-09T02:45:03.258616Z'}
2026-04-08 22:45:03,259 WARNING  djen_backup.backfill  {'tribunal': 'STF', 'year': 2025, 'reason': '3 consecutive errors', 'event': 'backfill_tribunal_skipped', 'level': 'warning', 'timestamp': '2026-04-09T02:45:03.259578Z'}
2026-04-08 22:45:03,843 INFO     httpx  HTTP Request: GET https://archive.org/metadata/djen-stj-2025/files "HTTP/1.1 200 OK"
2026-04-08 22:45:03,847 INFO     djen_backup.backfill  {'tribunal': 'STJ', 'year': 2025, 'gaps': 122, 'event': 'backfill_tribunal_year', 'level': 'info', 'timestamp': '2026-04-09T02:45:03.847912Z'}
2026-04-08 22:45:03,897 INFO     httpx  HTTP Request: GET https://comunicaapi.pje.jus.br/api/v1/caderno/STJ/2025-12-28/D "HTTP/1.1 403 Forbidden"
2026-04-08 22:45:03,899 ERROR    djen_backup.backfill  {'tribunal': 'STJ', 'date': '2025-12-28', 'event': 'backfill_download_error', 'level': 'error', 'timestamp': '2026-04-09T02:45:03.899024Z', 'exception': 'Traceback (most recent call last):\n  File "/home/franklin/workspace/causaganha/src/djen_backup/backfill.py", line 557, in backfill_process_date\n    zip_url = await get_caderno_url(client, config.djen_proxy_url, tribunal, d)\n              ^^^^^^^^^^^^^^^^^^^^^^^^^^^^^^^^^^^^^^^^^^^^^^^^^^^^^^^^^^^^^^^^^\n  File "/home/franklin/workspace/causaganha/src/djen_backup/djen.py", line 77, in get_caderno_url\n    resp.raise_for_status()\n  File "/home/franklin/workspace/causaganha/.venv/lib/python3.12/site-packages/httpx/_models.py", line 829, in raise_for_status\n    raise HTTPStatusError(message, request=request, response=self)\nhttpx.HTTPStatusError: Client error \'403 Forbidden\' for url \'https://comunicaapi.pje.jus.br/api/v1/caderno/STJ/2025-12-28/D\'\nFor more information check: https://developer.mozilla.org/en-US/docs/Web/HTTP/Status/403'}
Traceback (most recent call last):
  File "/home/franklin/workspace/causaganha/src/djen_backup/backfill.py", line 557, in backfill_process_date
    zip_url = await get_caderno_url(client, config.djen_proxy_url, tribunal, d)
              ^^^^^^^^^^^^^^^^^^^^^^^^^^^^^^^^^^^^^^^^^^^^^^^^^^^^^^^^^^^^^^^^^
  File "/home/franklin/workspace/causaganha/src/djen_backup/djen.py", line 77, in get_caderno_url
    resp.raise_for_status()
  File "/home/franklin/workspace/causaganha/.venv/lib/python3.12/site-packages/httpx/_models.py", line 829, in raise_for_status
    raise HTTPStatusError(message, request=request, response=self)
httpx.HTTPStatusError: Client error '403 Forbidden' for url 'https://comunicaapi.pje.jus.br/api/v1/caderno/STJ/2025-12-28/D'
For more information check: https://developer.mozilla.org/en-US/docs/Web/HTTP/Status/403
2026-04-08 22:45:03,973 WARNING  djen_backup.backfill  {'tribunal': 'STJ', 'date': '2025-12-28', 'event': 'backfill_item_error', 'level': 'warning', 'timestamp': '2026-04-09T02:45:03.973030Z'}
2026-04-08 22:45:04,021 INFO     httpx  HTTP Request: GET https://comunicaapi.pje.jus.br/api/v1/caderno/STJ/2025-12-27/D "HTTP/1.1 403 Forbidden"
2026-04-08 22:45:04,023 ERROR    djen_backup.backfill  {'tribunal': 'STJ', 'date': '2025-12-27', 'event': 'backfill_download_error', 'level': 'error', 'timestamp': '2026-04-09T02:45:04.022950Z', 'exception': 'Traceback (most recent call last):\n  File "/home/franklin/workspace/causaganha/src/djen_backup/backfill.py", line 557, in backfill_process_date\n    zip_url = await get_caderno_url(client, config.djen_proxy_url, tribunal, d)\n              ^^^^^^^^^^^^^^^^^^^^^^^^^^^^^^^^^^^^^^^^^^^^^^^^^^^^^^^^^^^^^^^^^\n  File "/home/franklin/workspace/causaganha/src/djen_backup/djen.py", line 77, in get_caderno_url\n    resp.raise_for_status()\n  File "/home/franklin/workspace/causaganha/.venv/lib/python3.12/site-packages/httpx/_models.py", line 829, in raise_for_status\n    raise HTTPStatusError(message, request=request, response=self)\nhttpx.HTTPStatusError: Client error \'403 Forbidden\' for url \'https://comunicaapi.pje.jus.br/api/v1/caderno/STJ/2025-12-27/D\'\nFor more information check: https://developer.mozilla.org/en-US/docs/Web/HTTP/Status/403'}
Traceback (most recent call last):
  File "/home/franklin/workspace/causaganha/src/djen_backup/backfill.py", line 557, in backfill_process_date
    zip_url = await get_caderno_url(client, config.djen_proxy_url, tribunal, d)
              ^^^^^^^^^^^^^^^^^^^^^^^^^^^^^^^^^^^^^^^^^^^^^^^^^^^^^^^^^^^^^^^^^
  File "/home/franklin/workspace/causaganha/src/djen_backup/djen.py", line 77, in get_caderno_url
    resp.raise_for_status()
  File "/home/franklin/workspace/causaganha/.venv/lib/python3.12/site-packages/httpx/_models.py", line 829, in raise_for_status
    raise HTTPStatusError(message, request=request, response=self)
httpx.HTTPStatusError: Client error '403 Forbidden' for url 'https://comunicaapi.pje.jus.br/api/v1/caderno/STJ/2025-12-27/D'
For more information check: https://developer.mozilla.org/en-US/docs/Web/HTTP/Status/403
2026-04-08 22:45:04,100 WARNING  djen_backup.backfill  {'tribunal': 'STJ', 'date': '2025-12-27', 'event': 'backfill_item_error', 'level': 'warning', 'timestamp': '2026-04-09T02:45:04.100914Z'}
2026-04-08 22:45:04,148 INFO     httpx  HTTP Request: GET https://comunicaapi.pje.jus.br/api/v1/caderno/STJ/2025-12-25/D "HTTP/1.1 403 Forbidden"
2026-04-08 22:45:04,150 ERROR    djen_backup.backfill  {'tribunal': 'STJ', 'date': '2025-12-25', 'event': 'backfill_download_error', 'level': 'error', 'timestamp': '2026-04-09T02:45:04.150108Z', 'exception': 'Traceback (most recent call last):\n  File "/home/franklin/workspace/causaganha/src/djen_backup/backfill.py", line 557, in backfill_process_date\n    zip_url = await get_caderno_url(client, config.djen_proxy_url, tribunal, d)\n              ^^^^^^^^^^^^^^^^^^^^^^^^^^^^^^^^^^^^^^^^^^^^^^^^^^^^^^^^^^^^^^^^^\n  File "/home/franklin/workspace/causaganha/src/djen_backup/djen.py", line 77, in get_caderno_url\n    resp.raise_for_status()\n  File "/home/franklin/workspace/causaganha/.venv/lib/python3.12/site-packages/httpx/_models.py", line 829, in raise_for_status\n    raise HTTPStatusError(message, request=request, response=self)\nhttpx.HTTPStatusError: Client error \'403 Forbidden\' for url \'https://comunicaapi.pje.jus.br/api/v1/caderno/STJ/2025-12-25/D\'\nFor more information check: https://developer.mozilla.org/en-US/docs/Web/HTTP/Status/403'}
Traceback (most recent call last):
  File "/home/franklin/workspace/causaganha/src/djen_backup/backfill.py", line 557, in backfill_process_date
    zip_url = await get_caderno_url(client, config.djen_proxy_url, tribunal, d)
              ^^^^^^^^^^^^^^^^^^^^^^^^^^^^^^^^^^^^^^^^^^^^^^^^^^^^^^^^^^^^^^^^^
  File "/home/franklin/workspace/causaganha/src/djen_backup/djen.py", line 77, in get_caderno_url
    resp.raise_for_status()
  File "/home/franklin/workspace/causaganha/.venv/lib/python3.12/site-packages/httpx/_models.py", line 829, in raise_for_status
    raise HTTPStatusError(message, request=request, response=self)
httpx.HTTPStatusError: Client error '403 Forbidden' for url 'https://comunicaapi.pje.jus.br/api/v1/caderno/STJ/2025-12-25/D'
For more information check: https://developer.mozilla.org/en-US/docs/Web/HTTP/Status/403
2026-04-08 22:45:04,225 WARNING  djen_backup.backfill  {'tribunal': 'STJ', 'date': '2025-12-25', 'event': 'backfill_item_error', 'level': 'warning', 'timestamp': '2026-04-09T02:45:04.225764Z'}
2026-04-08 22:45:04,226 WARNING  djen_backup.backfill  {'tribunal': 'STJ', 'year': 2025, 'reason': '3 consecutive errors', 'event': 'backfill_tribunal_skipped', 'level': 'warning', 'timestamp': '2026-04-09T02:45:04.226774Z'}
2026-04-08 22:45:04,455 INFO     httpx  HTTP Request: GET https://archive.org/metadata/djen-stm-2025/files "HTTP/1.1 200 OK"
2026-04-08 22:45:04,458 INFO     djen_backup.backfill  {'tribunal': 'STM', 'year': 2025, 'gaps': 198, 'event': 'backfill_tribunal_year', 'level': 'info', 'timestamp': '2026-04-09T02:45:04.458207Z'}
2026-04-08 22:45:04,506 INFO     httpx  HTTP Request: GET https://comunicaapi.pje.jus.br/api/v1/caderno/STM/2025-12-31/D "HTTP/1.1 403 Forbidden"
2026-04-08 22:45:04,508 ERROR    djen_backup.backfill  {'tribunal': 'STM', 'date': '2025-12-31', 'event': 'backfill_download_error', 'level': 'error', 'timestamp': '2026-04-09T02:45:04.508123Z', 'exception': 'Traceback (most recent call last):\n  File "/home/franklin/workspace/causaganha/src/djen_backup/backfill.py", line 557, in backfill_process_date\n    zip_url = await get_caderno_url(client, config.djen_proxy_url, tribunal, d)\n              ^^^^^^^^^^^^^^^^^^^^^^^^^^^^^^^^^^^^^^^^^^^^^^^^^^^^^^^^^^^^^^^^^\n  File "/home/franklin/workspace/causaganha/src/djen_backup/djen.py", line 77, in get_caderno_url\n    resp.raise_for_status()\n  File "/home/franklin/workspace/causaganha/.venv/lib/python3.12/site-packages/httpx/_models.py", line 829, in raise_for_status\n    raise HTTPStatusError(message, request=request, response=self)\nhttpx.HTTPStatusError: Client error \'403 Forbidden\' for url \'https://comunicaapi.pje.jus.br/api/v1/caderno/STM/2025-12-31/D\'\nFor more information check: https://developer.mozilla.org/en-US/docs/Web/HTTP/Status/403'}
Traceback (most recent call last):
  File "/home/franklin/workspace/causaganha/src/djen_backup/backfill.py", line 557, in backfill_process_date
    zip_url = await get_caderno_url(client, config.djen_proxy_url, tribunal, d)
              ^^^^^^^^^^^^^^^^^^^^^^^^^^^^^^^^^^^^^^^^^^^^^^^^^^^^^^^^^^^^^^^^^
  File "/home/franklin/workspace/causaganha/src/djen_backup/djen.py", line 77, in get_caderno_url
    resp.raise_for_status()
  File "/home/franklin/workspace/causaganha/.venv/lib/python3.12/site-packages/httpx/_models.py", line 829, in raise_for_status
    raise HTTPStatusError(message, request=request, response=self)
httpx.HTTPStatusError: Client error '403 Forbidden' for url 'https://comunicaapi.pje.jus.br/api/v1/caderno/STM/2025-12-31/D'
For more information check: https://developer.mozilla.org/en-US/docs/Web/HTTP/Status/403
2026-04-08 22:45:04,587 WARNING  djen_backup.backfill  {'tribunal': 'STM', 'date': '2025-12-31', 'event': 'backfill_item_error', 'level': 'warning', 'timestamp': '2026-04-09T02:45:04.587088Z'}
2026-04-08 22:45:04,634 INFO     httpx  HTTP Request: GET https://comunicaapi.pje.jus.br/api/v1/caderno/STM/2025-12-30/D "HTTP/1.1 403 Forbidden"
2026-04-08 22:45:04,636 ERROR    djen_backup.backfill  {'tribunal': 'STM', 'date': '2025-12-30', 'event': 'backfill_download_error', 'level': 'error', 'timestamp': '2026-04-09T02:45:04.635950Z', 'exception': 'Traceback (most recent call last):\n  File "/home/franklin/workspace/causaganha/src/djen_backup/backfill.py", line 557, in backfill_process_date\n    zip_url = await get_caderno_url(client, config.djen_proxy_url, tribunal, d)\n              ^^^^^^^^^^^^^^^^^^^^^^^^^^^^^^^^^^^^^^^^^^^^^^^^^^^^^^^^^^^^^^^^^\n  File "/home/franklin/workspace/causaganha/src/djen_backup/djen.py", line 77, in get_caderno_url\n    resp.raise_for_status()\n  File "/home/franklin/workspace/causaganha/.venv/lib/python3.12/site-packages/httpx/_models.py", line 829, in raise_for_status\n    raise HTTPStatusError(message, request=request, response=self)\nhttpx.HTTPStatusError: Client error \'403 Forbidden\' for url \'https://comunicaapi.pje.jus.br/api/v1/caderno/STM/2025-12-30/D\'\nFor more information check: https://developer.mozilla.org/en-US/docs/Web/HTTP/Status/403'}
Traceback (most recent call last):
  File "/home/franklin/workspace/causaganha/src/djen_backup/backfill.py", line 557, in backfill_process_date
    zip_url = await get_caderno_url(client, config.djen_proxy_url, tribunal, d)
              ^^^^^^^^^^^^^^^^^^^^^^^^^^^^^^^^^^^^^^^^^^^^^^^^^^^^^^^^^^^^^^^^^
  File "/home/franklin/workspace/causaganha/src/djen_backup/djen.py", line 77, in get_caderno_url
    resp.raise_for_status()
  File "/home/franklin/workspace/causaganha/.venv/lib/python3.12/site-packages/httpx/_models.py", line 829, in raise_for_status
    raise HTTPStatusError(message, request=request, response=self)
httpx.HTTPStatusError: Client error '403 Forbidden' for url 'https://comunicaapi.pje.jus.br/api/v1/caderno/STM/2025-12-30/D'
For more information check: https://developer.mozilla.org/en-US/docs/Web/HTTP/Status/403
2026-04-08 22:45:04,720 WARNING  djen_backup.backfill  {'tribunal': 'STM', 'date': '2025-12-30', 'event': 'backfill_item_error', 'level': 'warning', 'timestamp': '2026-04-09T02:45:04.720332Z'}
2026-04-08 22:45:04,768 INFO     httpx  HTTP Request: GET https://comunicaapi.pje.jus.br/api/v1/caderno/STM/2025-12-29/D "HTTP/1.1 403 Forbidden"
2026-04-08 22:45:04,770 ERROR    djen_backup.backfill  {'tribunal': 'STM', 'date': '2025-12-29', 'event': 'backfill_download_error', 'level': 'error', 'timestamp': '2026-04-09T02:45:04.769927Z', 'exception': 'Traceback (most recent call last):\n  File "/home/franklin/workspace/causaganha/src/djen_backup/backfill.py", line 557, in backfill_process_date\n    zip_url = await get_caderno_url(client, config.djen_proxy_url, tribunal, d)\n              ^^^^^^^^^^^^^^^^^^^^^^^^^^^^^^^^^^^^^^^^^^^^^^^^^^^^^^^^^^^^^^^^^\n  File "/home/franklin/workspace/causaganha/src/djen_backup/djen.py", line 77, in get_caderno_url\n    resp.raise_for_status()\n  File "/home/franklin/workspace/causaganha/.venv/lib/python3.12/site-packages/httpx/_models.py", line 829, in raise_for_status\n    raise HTTPStatusError(message, request=request, response=self)\nhttpx.HTTPStatusError: Client error \'403 Forbidden\' for url \'https://comunicaapi.pje.jus.br/api/v1/caderno/STM/2025-12-29/D\'\nFor more information check: https://developer.mozilla.org/en-US/docs/Web/HTTP/Status/403'}
Traceback (most recent call last):
  File "/home/franklin/workspace/causaganha/src/djen_backup/backfill.py", line 557, in backfill_process_date
    zip_url = await get_caderno_url(client, config.djen_proxy_url, tribunal, d)
              ^^^^^^^^^^^^^^^^^^^^^^^^^^^^^^^^^^^^^^^^^^^^^^^^^^^^^^^^^^^^^^^^^
  File "/home/franklin/workspace/causaganha/src/djen_backup/djen.py", line 77, in get_caderno_url
    resp.raise_for_status()
  File "/home/franklin/workspace/causaganha/.venv/lib/python3.12/site-packages/httpx/_models.py", line 829, in raise_for_status
    raise HTTPStatusError(message, request=request, response=self)
httpx.HTTPStatusError: Client error '403 Forbidden' for url 'https://comunicaapi.pje.jus.br/api/v1/caderno/STM/2025-12-29/D'
For more information check: https://developer.mozilla.org/en-US/docs/Web/HTTP/Status/403
2026-04-08 22:45:04,852 WARNING  djen_backup.backfill  {'tribunal': 'STM', 'date': '2025-12-29', 'event': 'backfill_item_error', 'level': 'warning', 'timestamp': '2026-04-09T02:45:04.852240Z'}
2026-04-08 22:45:04,853 WARNING  djen_backup.backfill  {'tribunal': 'STM', 'year': 2025, 'reason': '3 consecutive errors', 'event': 'backfill_tribunal_skipped', 'level': 'warning', 'timestamp': '2026-04-09T02:45:04.853133Z'}
2026-04-08 22:45:05,286 INFO     httpx  HTTP Request: GET https://archive.org/metadata/djen-tjac-2025/files "HTTP/1.1 200 OK"
2026-04-08 22:45:05,290 INFO     djen_backup.backfill  {'tribunal': 'TJAC', 'year': 2025, 'gaps': 124, 'event': 'backfill_tribunal_year', 'level': 'info', 'timestamp': '2026-04-09T02:45:05.289984Z'}
2026-04-08 22:45:05,338 INFO     httpx  HTTP Request: GET https://comunicaapi.pje.jus.br/api/v1/caderno/TJAC/2025-12-28/D "HTTP/1.1 403 Forbidden"
2026-04-08 22:45:05,341 ERROR    djen_backup.backfill  {'tribunal': 'TJAC', 'date': '2025-12-28', 'event': 'backfill_download_error', 'level': 'error', 'timestamp': '2026-04-09T02:45:05.340935Z', 'exception': 'Traceback (most recent call last):\n  File "/home/franklin/workspace/causaganha/src/djen_backup/backfill.py", line 557, in backfill_process_date\n    zip_url = await get_caderno_url(client, config.djen_proxy_url, tribunal, d)\n              ^^^^^^^^^^^^^^^^^^^^^^^^^^^^^^^^^^^^^^^^^^^^^^^^^^^^^^^^^^^^^^^^^\n  File "/home/franklin/workspace/causaganha/src/djen_backup/djen.py", line 77, in get_caderno_url\n    resp.raise_for_status()\n  File "/home/franklin/workspace/causaganha/.venv/lib/python3.12/site-packages/httpx/_models.py", line 829, in raise_for_status\n    raise HTTPStatusError(message, request=request, response=self)\nhttpx.HTTPStatusError: Client error \'403 Forbidden\' for url \'https://comunicaapi.pje.jus.br/api/v1/caderno/TJAC/2025-12-28/D\'\nFor more information check: https://developer.mozilla.org/en-US/docs/Web/HTTP/Status/403'}
Traceback (most recent call last):
  File "/home/franklin/workspace/causaganha/src/djen_backup/backfill.py", line 557, in backfill_process_date
    zip_url = await get_caderno_url(client, config.djen_proxy_url, tribunal, d)
              ^^^^^^^^^^^^^^^^^^^^^^^^^^^^^^^^^^^^^^^^^^^^^^^^^^^^^^^^^^^^^^^^^
  File "/home/franklin/workspace/causaganha/src/djen_backup/djen.py", line 77, in get_caderno_url
    resp.raise_for_status()
  File "/home/franklin/workspace/causaganha/.venv/lib/python3.12/site-packages/httpx/_models.py", line 829, in raise_for_status
    raise HTTPStatusError(message, request=request, response=self)
httpx.HTTPStatusError: Client error '403 Forbidden' for url 'https://comunicaapi.pje.jus.br/api/v1/caderno/TJAC/2025-12-28/D'
For more information check: https://developer.mozilla.org/en-US/docs/Web/HTTP/Status/403
2026-04-08 22:45:05,453 WARNING  djen_backup.backfill  {'tribunal': 'TJAC', 'date': '2025-12-28', 'event': 'backfill_item_error', 'level': 'warning', 'timestamp': '2026-04-09T02:45:05.453400Z'}
2026-04-08 22:45:05,502 INFO     httpx  HTTP Request: GET https://comunicaapi.pje.jus.br/api/v1/caderno/TJAC/2025-12-27/D "HTTP/1.1 403 Forbidden"
2026-04-08 22:45:05,506 ERROR    djen_backup.backfill  {'tribunal': 'TJAC', 'date': '2025-12-27', 'event': 'backfill_download_error', 'level': 'error', 'timestamp': '2026-04-09T02:45:05.505751Z', 'exception': 'Traceback (most recent call last):\n  File "/home/franklin/workspace/causaganha/src/djen_backup/backfill.py", line 557, in backfill_process_date\n    zip_url = await get_caderno_url(client, config.djen_proxy_url, tribunal, d)\n              ^^^^^^^^^^^^^^^^^^^^^^^^^^^^^^^^^^^^^^^^^^^^^^^^^^^^^^^^^^^^^^^^^\n  File "/home/franklin/workspace/causaganha/src/djen_backup/djen.py", line 77, in get_caderno_url\n    resp.raise_for_status()\n  File "/home/franklin/workspace/causaganha/.venv/lib/python3.12/site-packages/httpx/_models.py", line 829, in raise_for_status\n    raise HTTPStatusError(message, request=request, response=self)\nhttpx.HTTPStatusError: Client error \'403 Forbidden\' for url \'https://comunicaapi.pje.jus.br/api/v1/caderno/TJAC/2025-12-27/D\'\nFor more information check: https://developer.mozilla.org/en-US/docs/Web/HTTP/Status/403'}
Traceback (most recent call last):
  File "/home/franklin/workspace/causaganha/src/djen_backup/backfill.py", line 557, in backfill_process_date
    zip_url = await get_caderno_url(client, config.djen_proxy_url, tribunal, d)
              ^^^^^^^^^^^^^^^^^^^^^^^^^^^^^^^^^^^^^^^^^^^^^^^^^^^^^^^^^^^^^^^^^
  File "/home/franklin/workspace/causaganha/src/djen_backup/djen.py", line 77, in get_caderno_url
    resp.raise_for_status()
  File "/home/franklin/workspace/causaganha/.venv/lib/python3.12/site-packages/httpx/_models.py", line 829, in raise_for_status
    raise HTTPStatusError(message, request=request, response=self)
httpx.HTTPStatusError: Client error '403 Forbidden' for url 'https://comunicaapi.pje.jus.br/api/v1/caderno/TJAC/2025-12-27/D'
For more information check: https://developer.mozilla.org/en-US/docs/Web/HTTP/Status/403
2026-04-08 22:45:05,599 WARNING  djen_backup.backfill  {'tribunal': 'TJAC', 'date': '2025-12-27', 'event': 'backfill_item_error', 'level': 'warning', 'timestamp': '2026-04-09T02:45:05.599142Z'}
2026-04-08 22:45:05,648 INFO     httpx  HTTP Request: GET https://comunicaapi.pje.jus.br/api/v1/caderno/TJAC/2025-12-25/D "HTTP/1.1 403 Forbidden"
2026-04-08 22:45:05,649 ERROR    djen_backup.backfill  {'tribunal': 'TJAC', 'date': '2025-12-25', 'event': 'backfill_download_error', 'level': 'error', 'timestamp': '2026-04-09T02:45:05.649677Z', 'exception': 'Traceback (most recent call last):\n  File "/home/franklin/workspace/causaganha/src/djen_backup/backfill.py", line 557, in backfill_process_date\n    zip_url = await get_caderno_url(client, config.djen_proxy_url, tribunal, d)\n              ^^^^^^^^^^^^^^^^^^^^^^^^^^^^^^^^^^^^^^^^^^^^^^^^^^^^^^^^^^^^^^^^^\n  File "/home/franklin/workspace/causaganha/src/djen_backup/djen.py", line 77, in get_caderno_url\n    resp.raise_for_status()\n  File "/home/franklin/workspace/causaganha/.venv/lib/python3.12/site-packages/httpx/_models.py", line 829, in raise_for_status\n    raise HTTPStatusError(message, request=request, response=self)\nhttpx.HTTPStatusError: Client error \'403 Forbidden\' for url \'https://comunicaapi.pje.jus.br/api/v1/caderno/TJAC/2025-12-25/D\'\nFor more information check: https://developer.mozilla.org/en-US/docs/Web/HTTP/Status/403'}
Traceback (most recent call last):
  File "/home/franklin/workspace/causaganha/src/djen_backup/backfill.py", line 557, in backfill_process_date
    zip_url = await get_caderno_url(client, config.djen_proxy_url, tribunal, d)
              ^^^^^^^^^^^^^^^^^^^^^^^^^^^^^^^^^^^^^^^^^^^^^^^^^^^^^^^^^^^^^^^^^
  File "/home/franklin/workspace/causaganha/src/djen_backup/djen.py", line 77, in get_caderno_url
    resp.raise_for_status()
  File "/home/franklin/workspace/causaganha/.venv/lib/python3.12/site-packages/httpx/_models.py", line 829, in raise_for_status
    raise HTTPStatusError(message, request=request, response=self)
httpx.HTTPStatusError: Client error '403 Forbidden' for url 'https://comunicaapi.pje.jus.br/api/v1/caderno/TJAC/2025-12-25/D'
For more information check: https://developer.mozilla.org/en-US/docs/Web/HTTP/Status/403
2026-04-08 22:45:05,720 WARNING  djen_backup.backfill  {'tribunal': 'TJAC', 'date': '2025-12-25', 'event': 'backfill_item_error', 'level': 'warning', 'timestamp': '2026-04-09T02:45:05.720170Z'}
2026-04-08 22:45:05,721 WARNING  djen_backup.backfill  {'tribunal': 'TJAC', 'year': 2025, 'reason': '3 consecutive errors', 'event': 'backfill_tribunal_skipped', 'level': 'warning', 'timestamp': '2026-04-09T02:45:05.721066Z'}
2026-04-08 22:45:06,317 INFO     httpx  HTTP Request: GET https://archive.org/metadata/djen-tjal-2025/files "HTTP/1.1 200 OK"
2026-04-08 22:45:06,320 INFO     djen_backup.backfill  {'tribunal': 'TJAL', 'year': 2025, 'gaps': 133, 'event': 'backfill_tribunal_year', 'level': 'info', 'timestamp': '2026-04-09T02:45:06.320571Z'}
2026-04-08 22:45:06,368 INFO     httpx  HTTP Request: GET https://comunicaapi.pje.jus.br/api/v1/caderno/TJAL/2025-12-28/D "HTTP/1.1 403 Forbidden"
2026-04-08 22:45:06,369 ERROR    djen_backup.backfill  {'tribunal': 'TJAL', 'date': '2025-12-28', 'event': 'backfill_download_error', 'level': 'error', 'timestamp': '2026-04-09T02:45:06.369697Z', 'exception': 'Traceback (most recent call last):\n  File "/home/franklin/workspace/causaganha/src/djen_backup/backfill.py", line 557, in backfill_process_date\n    zip_url = await get_caderno_url(client, config.djen_proxy_url, tribunal, d)\n              ^^^^^^^^^^^^^^^^^^^^^^^^^^^^^^^^^^^^^^^^^^^^^^^^^^^^^^^^^^^^^^^^^\n  File "/home/franklin/workspace/causaganha/src/djen_backup/djen.py", line 77, in get_caderno_url\n    resp.raise_for_status()\n  File "/home/franklin/workspace/causaganha/.venv/lib/python3.12/site-packages/httpx/_models.py", line 829, in raise_for_status\n    raise HTTPStatusError(message, request=request, response=self)\nhttpx.HTTPStatusError: Client error \'403 Forbidden\' for url \'https://comunicaapi.pje.jus.br/api/v1/caderno/TJAL/2025-12-28/D\'\nFor more information check: https://developer.mozilla.org/en-US/docs/Web/HTTP/Status/403'}
Traceback (most recent call last):
  File "/home/franklin/workspace/causaganha/src/djen_backup/backfill.py", line 557, in backfill_process_date
    zip_url = await get_caderno_url(client, config.djen_proxy_url, tribunal, d)
              ^^^^^^^^^^^^^^^^^^^^^^^^^^^^^^^^^^^^^^^^^^^^^^^^^^^^^^^^^^^^^^^^^
  File "/home/franklin/workspace/causaganha/src/djen_backup/djen.py", line 77, in get_caderno_url
    resp.raise_for_status()
  File "/home/franklin/workspace/causaganha/.venv/lib/python3.12/site-packages/httpx/_models.py", line 829, in raise_for_status
    raise HTTPStatusError(message, request=request, response=self)
httpx.HTTPStatusError: Client error '403 Forbidden' for url 'https://comunicaapi.pje.jus.br/api/v1/caderno/TJAL/2025-12-28/D'
For more information check: https://developer.mozilla.org/en-US/docs/Web/HTTP/Status/403
2026-04-08 22:45:06,441 WARNING  djen_backup.backfill  {'tribunal': 'TJAL', 'date': '2025-12-28', 'event': 'backfill_item_error', 'level': 'warning', 'timestamp': '2026-04-09T02:45:06.441179Z'}
2026-04-08 22:45:06,489 INFO     httpx  HTTP Request: GET https://comunicaapi.pje.jus.br/api/v1/caderno/TJAL/2025-12-27/D "HTTP/1.1 403 Forbidden"
2026-04-08 22:45:06,491 ERROR    djen_backup.backfill  {'tribunal': 'TJAL', 'date': '2025-12-27', 'event': 'backfill_download_error', 'level': 'error', 'timestamp': '2026-04-09T02:45:06.490975Z', 'exception': 'Traceback (most recent call last):\n  File "/home/franklin/workspace/causaganha/src/djen_backup/backfill.py", line 557, in backfill_process_date\n    zip_url = await get_caderno_url(client, config.djen_proxy_url, tribunal, d)\n              ^^^^^^^^^^^^^^^^^^^^^^^^^^^^^^^^^^^^^^^^^^^^^^^^^^^^^^^^^^^^^^^^^\n  File "/home/franklin/workspace/causaganha/src/djen_backup/djen.py", line 77, in get_caderno_url\n    resp.raise_for_status()\n  File "/home/franklin/workspace/causaganha/.venv/lib/python3.12/site-packages/httpx/_models.py", line 829, in raise_for_status\n    raise HTTPStatusError(message, request=request, response=self)\nhttpx.HTTPStatusError: Client error \'403 Forbidden\' for url \'https://comunicaapi.pje.jus.br/api/v1/caderno/TJAL/2025-12-27/D\'\nFor more information check: https://developer.mozilla.org/en-US/docs/Web/HTTP/Status/403'}
Traceback (most recent call last):
  File "/home/franklin/workspace/causaganha/src/djen_backup/backfill.py", line 557, in backfill_process_date
    zip_url = await get_caderno_url(client, config.djen_proxy_url, tribunal, d)
              ^^^^^^^^^^^^^^^^^^^^^^^^^^^^^^^^^^^^^^^^^^^^^^^^^^^^^^^^^^^^^^^^^
  File "/home/franklin/workspace/causaganha/src/djen_backup/djen.py", line 77, in get_caderno_url
    resp.raise_for_status()
  File "/home/franklin/workspace/causaganha/.venv/lib/python3.12/site-packages/httpx/_models.py", line 829, in raise_for_status
    raise HTTPStatusError(message, request=request, response=self)
httpx.HTTPStatusError: Client error '403 Forbidden' for url 'https://comunicaapi.pje.jus.br/api/v1/caderno/TJAL/2025-12-27/D'
For more information check: https://developer.mozilla.org/en-US/docs/Web/HTTP/Status/403
2026-04-08 22:45:06,567 WARNING  djen_backup.backfill  {'tribunal': 'TJAL', 'date': '2025-12-27', 'event': 'backfill_item_error', 'level': 'warning', 'timestamp': '2026-04-09T02:45:06.567308Z'}
2026-04-08 22:45:06,615 INFO     httpx  HTTP Request: GET https://comunicaapi.pje.jus.br/api/v1/caderno/TJAL/2025-12-25/D "HTTP/1.1 403 Forbidden"
2026-04-08 22:45:06,617 ERROR    djen_backup.backfill  {'tribunal': 'TJAL', 'date': '2025-12-25', 'event': 'backfill_download_error', 'level': 'error', 'timestamp': '2026-04-09T02:45:06.616959Z', 'exception': 'Traceback (most recent call last):\n  File "/home/franklin/workspace/causaganha/src/djen_backup/backfill.py", line 557, in backfill_process_date\n    zip_url = await get_caderno_url(client, config.djen_proxy_url, tribunal, d)\n              ^^^^^^^^^^^^^^^^^^^^^^^^^^^^^^^^^^^^^^^^^^^^^^^^^^^^^^^^^^^^^^^^^\n  File "/home/franklin/workspace/causaganha/src/djen_backup/djen.py", line 77, in get_caderno_url\n    resp.raise_for_status()\n  File "/home/franklin/workspace/causaganha/.venv/lib/python3.12/site-packages/httpx/_models.py", line 829, in raise_for_status\n    raise HTTPStatusError(message, request=request, response=self)\nhttpx.HTTPStatusError: Client error \'403 Forbidden\' for url \'https://comunicaapi.pje.jus.br/api/v1/caderno/TJAL/2025-12-25/D\'\nFor more information check: https://developer.mozilla.org/en-US/docs/Web/HTTP/Status/403'}
Traceback (most recent call last):
  File "/home/franklin/workspace/causaganha/src/djen_backup/backfill.py", line 557, in backfill_process_date
    zip_url = await get_caderno_url(client, config.djen_proxy_url, tribunal, d)
              ^^^^^^^^^^^^^^^^^^^^^^^^^^^^^^^^^^^^^^^^^^^^^^^^^^^^^^^^^^^^^^^^^
  File "/home/franklin/workspace/causaganha/src/djen_backup/djen.py", line 77, in get_caderno_url
    resp.raise_for_status()
  File "/home/franklin/workspace/causaganha/.venv/lib/python3.12/site-packages/httpx/_models.py", line 829, in raise_for_status
    raise HTTPStatusError(message, request=request, response=self)
httpx.HTTPStatusError: Client error '403 Forbidden' for url 'https://comunicaapi.pje.jus.br/api/v1/caderno/TJAL/2025-12-25/D'
For more information check: https://developer.mozilla.org/en-US/docs/Web/HTTP/Status/403
2026-04-08 22:45:06,777 WARNING  djen_backup.backfill  {'tribunal': 'TJAL', 'date': '2025-12-25', 'event': 'backfill_item_error', 'level': 'warning', 'timestamp': '2026-04-09T02:45:06.777297Z'}
2026-04-08 22:45:06,778 WARNING  djen_backup.backfill  {'tribunal': 'TJAL', 'year': 2025, 'reason': '3 consecutive errors', 'event': 'backfill_tribunal_skipped', 'level': 'warning', 'timestamp': '2026-04-09T02:45:06.778764Z'}
2026-04-08 22:45:07,239 INFO     httpx  HTTP Request: GET https://archive.org/metadata/djen-tjam-2025/files "HTTP/1.1 200 OK"
2026-04-08 22:45:07,242 INFO     djen_backup.backfill  {'tribunal': 'TJAM', 'year': 2025, 'gaps': 106, 'event': 'backfill_tribunal_year', 'level': 'info', 'timestamp': '2026-04-09T02:45:07.242023Z'}
2026-04-08 22:45:07,291 INFO     httpx  HTTP Request: GET https://comunicaapi.pje.jus.br/api/v1/caderno/TJAM/2025-12-26/D "HTTP/1.1 403 Forbidden"
2026-04-08 22:45:07,293 ERROR    djen_backup.backfill  {'tribunal': 'TJAM', 'date': '2025-12-26', 'event': 'backfill_download_error', 'level': 'error', 'timestamp': '2026-04-09T02:45:07.292847Z', 'exception': 'Traceback (most recent call last):\n  File "/home/franklin/workspace/causaganha/src/djen_backup/backfill.py", line 557, in backfill_process_date\n    zip_url = await get_caderno_url(client, config.djen_proxy_url, tribunal, d)\n              ^^^^^^^^^^^^^^^^^^^^^^^^^^^^^^^^^^^^^^^^^^^^^^^^^^^^^^^^^^^^^^^^^\n  File "/home/franklin/workspace/causaganha/src/djen_backup/djen.py", line 77, in get_caderno_url\n    resp.raise_for_status()\n  File "/home/franklin/workspace/causaganha/.venv/lib/python3.12/site-packages/httpx/_models.py", line 829, in raise_for_status\n    raise HTTPStatusError(message, request=request, response=self)\nhttpx.HTTPStatusError: Client error \'403 Forbidden\' for url \'https://comunicaapi.pje.jus.br/api/v1/caderno/TJAM/2025-12-26/D\'\nFor more information check: https://developer.mozilla.org/en-US/docs/Web/HTTP/Status/403'}
Traceback (most recent call last):
  File "/home/franklin/workspace/causaganha/src/djen_backup/backfill.py", line 557, in backfill_process_date
    zip_url = await get_caderno_url(client, config.djen_proxy_url, tribunal, d)
              ^^^^^^^^^^^^^^^^^^^^^^^^^^^^^^^^^^^^^^^^^^^^^^^^^^^^^^^^^^^^^^^^^
  File "/home/franklin/workspace/causaganha/src/djen_backup/djen.py", line 77, in get_caderno_url
    resp.raise_for_status()
  File "/home/franklin/workspace/causaganha/.venv/lib/python3.12/site-packages/httpx/_models.py", line 829, in raise_for_status
    raise HTTPStatusError(message, request=request, response=self)
httpx.HTTPStatusError: Client error '403 Forbidden' for url 'https://comunicaapi.pje.jus.br/api/v1/caderno/TJAM/2025-12-26/D'
For more information check: https://developer.mozilla.org/en-US/docs/Web/HTTP/Status/403
2026-04-08 22:45:07,367 WARNING  djen_backup.backfill  {'tribunal': 'TJAM', 'date': '2025-12-26', 'event': 'backfill_item_error', 'level': 'warning', 'timestamp': '2026-04-09T02:45:07.366985Z'}
2026-04-08 22:45:07,415 INFO     httpx  HTTP Request: GET https://comunicaapi.pje.jus.br/api/v1/caderno/TJAM/2025-12-14/D "HTTP/1.1 403 Forbidden"
2026-04-08 22:45:07,417 ERROR    djen_backup.backfill  {'tribunal': 'TJAM', 'date': '2025-12-14', 'event': 'backfill_download_error', 'level': 'error', 'timestamp': '2026-04-09T02:45:07.416822Z', 'exception': 'Traceback (most recent call last):\n  File "/home/franklin/workspace/causaganha/src/djen_backup/backfill.py", line 557, in backfill_process_date\n    zip_url = await get_caderno_url(client, config.djen_proxy_url, tribunal, d)\n              ^^^^^^^^^^^^^^^^^^^^^^^^^^^^^^^^^^^^^^^^^^^^^^^^^^^^^^^^^^^^^^^^^\n  File "/home/franklin/workspace/causaganha/src/djen_backup/djen.py", line 77, in get_caderno_url\n    resp.raise_for_status()\n  File "/home/franklin/workspace/causaganha/.venv/lib/python3.12/site-packages/httpx/_models.py", line 829, in raise_for_status\n    raise HTTPStatusError(message, request=request, response=self)\nhttpx.HTTPStatusError: Client error \'403 Forbidden\' for url \'https://comunicaapi.pje.jus.br/api/v1/caderno/TJAM/2025-12-14/D\'\nFor more information check: https://developer.mozilla.org/en-US/docs/Web/HTTP/Status/403'}
Traceback (most recent call last):
  File "/home/franklin/workspace/causaganha/src/djen_backup/backfill.py", line 557, in backfill_process_date
    zip_url = await get_caderno_url(client, config.djen_proxy_url, tribunal, d)
              ^^^^^^^^^^^^^^^^^^^^^^^^^^^^^^^^^^^^^^^^^^^^^^^^^^^^^^^^^^^^^^^^^
  File "/home/franklin/workspace/causaganha/src/djen_backup/djen.py", line 77, in get_caderno_url
    resp.raise_for_status()
  File "/home/franklin/workspace/causaganha/.venv/lib/python3.12/site-packages/httpx/_models.py", line 829, in raise_for_status
    raise HTTPStatusError(message, request=request, response=self)
httpx.HTTPStatusError: Client error '403 Forbidden' for url 'https://comunicaapi.pje.jus.br/api/v1/caderno/TJAM/2025-12-14/D'
For more information check: https://developer.mozilla.org/en-US/docs/Web/HTTP/Status/403
2026-04-08 22:45:07,488 WARNING  djen_backup.backfill  {'tribunal': 'TJAM', 'date': '2025-12-14', 'event': 'backfill_item_error', 'level': 'warning', 'timestamp': '2026-04-09T02:45:07.488940Z'}
2026-04-08 22:45:07,542 INFO     httpx  HTTP Request: GET https://comunicaapi.pje.jus.br/api/v1/caderno/TJAM/2025-12-13/D "HTTP/1.1 403 Forbidden"
2026-04-08 22:45:07,545 ERROR    djen_backup.backfill  {'tribunal': 'TJAM', 'date': '2025-12-13', 'event': 'backfill_download_error', 'level': 'error', 'timestamp': '2026-04-09T02:45:07.544933Z', 'exception': 'Traceback (most recent call last):\n  File "/home/franklin/workspace/causaganha/src/djen_backup/backfill.py", line 557, in backfill_process_date\n    zip_url = await get_caderno_url(client, config.djen_proxy_url, tribunal, d)\n              ^^^^^^^^^^^^^^^^^^^^^^^^^^^^^^^^^^^^^^^^^^^^^^^^^^^^^^^^^^^^^^^^^\n  File "/home/franklin/workspace/causaganha/src/djen_backup/djen.py", line 77, in get_caderno_url\n    resp.raise_for_status()\n  File "/home/franklin/workspace/causaganha/.venv/lib/python3.12/site-packages/httpx/_models.py", line 829, in raise_for_status\n    raise HTTPStatusError(message, request=request, response=self)\nhttpx.HTTPStatusError: Client error \'403 Forbidden\' for url \'https://comunicaapi.pje.jus.br/api/v1/caderno/TJAM/2025-12-13/D\'\nFor more information check: https://developer.mozilla.org/en-US/docs/Web/HTTP/Status/403'}
Traceback (most recent call last):
  File "/home/franklin/workspace/causaganha/src/djen_backup/backfill.py", line 557, in backfill_process_date
    zip_url = await get_caderno_url(client, config.djen_proxy_url, tribunal, d)
              ^^^^^^^^^^^^^^^^^^^^^^^^^^^^^^^^^^^^^^^^^^^^^^^^^^^^^^^^^^^^^^^^^
  File "/home/franklin/workspace/causaganha/src/djen_backup/djen.py", line 77, in get_caderno_url
    resp.raise_for_status()
  File "/home/franklin/workspace/causaganha/.venv/lib/python3.12/site-packages/httpx/_models.py", line 829, in raise_for_status
    raise HTTPStatusError(message, request=request, response=self)
httpx.HTTPStatusError: Client error '403 Forbidden' for url 'https://comunicaapi.pje.jus.br/api/v1/caderno/TJAM/2025-12-13/D'
For more information check: https://developer.mozilla.org/en-US/docs/Web/HTTP/Status/403
2026-04-08 22:45:07,616 WARNING  djen_backup.backfill  {'tribunal': 'TJAM', 'date': '2025-12-13', 'event': 'backfill_item_error', 'level': 'warning', 'timestamp': '2026-04-09T02:45:07.616745Z'}
2026-04-08 22:45:07,617 WARNING  djen_backup.backfill  {'tribunal': 'TJAM', 'year': 2025, 'reason': '3 consecutive errors', 'event': 'backfill_tribunal_skipped', 'level': 'warning', 'timestamp': '2026-04-09T02:45:07.617646Z'}
2026-04-08 22:45:08,086 INFO     httpx  HTTP Request: GET https://archive.org/metadata/djen-tjap-2025/files "HTTP/1.1 200 OK"
2026-04-08 22:45:08,089 INFO     djen_backup.backfill  {'tribunal': 'TJAP', 'year': 2025, 'gaps': 99, 'event': 'backfill_tribunal_year', 'level': 'info', 'timestamp': '2026-04-09T02:45:08.089860Z'}
2026-04-08 22:45:08,139 INFO     httpx  HTTP Request: GET https://comunicaapi.pje.jus.br/api/v1/caderno/TJAP/2025-11-30/D "HTTP/1.1 403 Forbidden"
2026-04-08 22:45:08,142 ERROR    djen_backup.backfill  {'tribunal': 'TJAP', 'date': '2025-11-30', 'event': 'backfill_download_error', 'level': 'error', 'timestamp': '2026-04-09T02:45:08.141950Z', 'exception': 'Traceback (most recent call last):\n  File "/home/franklin/workspace/causaganha/src/djen_backup/backfill.py", line 557, in backfill_process_date\n    zip_url = await get_caderno_url(client, config.djen_proxy_url, tribunal, d)\n              ^^^^^^^^^^^^^^^^^^^^^^^^^^^^^^^^^^^^^^^^^^^^^^^^^^^^^^^^^^^^^^^^^\n  File "/home/franklin/workspace/causaganha/src/djen_backup/djen.py", line 77, in get_caderno_url\n    resp.raise_for_status()\n  File "/home/franklin/workspace/causaganha/.venv/lib/python3.12/site-packages/httpx/_models.py", line 829, in raise_for_status\n    raise HTTPStatusError(message, request=request, response=self)\nhttpx.HTTPStatusError: Client error \'403 Forbidden\' for url \'https://comunicaapi.pje.jus.br/api/v1/caderno/TJAP/2025-11-30/D\'\nFor more information check: https://developer.mozilla.org/en-US/docs/Web/HTTP/Status/403'}
Traceback (most recent call last):
  File "/home/franklin/workspace/causaganha/src/djen_backup/backfill.py", line 557, in backfill_process_date
    zip_url = await get_caderno_url(client, config.djen_proxy_url, tribunal, d)
              ^^^^^^^^^^^^^^^^^^^^^^^^^^^^^^^^^^^^^^^^^^^^^^^^^^^^^^^^^^^^^^^^^
  File "/home/franklin/workspace/causaganha/src/djen_backup/djen.py", line 77, in get_caderno_url
    resp.raise_for_status()
  File "/home/franklin/workspace/causaganha/.venv/lib/python3.12/site-packages/httpx/_models.py", line 829, in raise_for_status
    raise HTTPStatusError(message, request=request, response=self)
httpx.HTTPStatusError: Client error '403 Forbidden' for url 'https://comunicaapi.pje.jus.br/api/v1/caderno/TJAP/2025-11-30/D'
For more information check: https://developer.mozilla.org/en-US/docs/Web/HTTP/Status/403
2026-04-08 22:45:08,220 WARNING  djen_backup.backfill  {'tribunal': 'TJAP', 'date': '2025-11-30', 'event': 'backfill_item_error', 'level': 'warning', 'timestamp': '2026-04-09T02:45:08.220830Z'}
2026-04-08 22:45:08,269 INFO     httpx  HTTP Request: GET https://comunicaapi.pje.jus.br/api/v1/caderno/TJAP/2025-11-29/D "HTTP/1.1 403 Forbidden"
2026-04-08 22:45:08,270 ERROR    djen_backup.backfill  {'tribunal': 'TJAP', 'date': '2025-11-29', 'event': 'backfill_download_error', 'level': 'error', 'timestamp': '2026-04-09T02:45:08.270539Z', 'exception': 'Traceback (most recent call last):\n  File "/home/franklin/workspace/causaganha/src/djen_backup/backfill.py", line 557, in backfill_process_date\n    zip_url = await get_caderno_url(client, config.djen_proxy_url, tribunal, d)\n              ^^^^^^^^^^^^^^^^^^^^^^^^^^^^^^^^^^^^^^^^^^^^^^^^^^^^^^^^^^^^^^^^^\n  File "/home/franklin/workspace/causaganha/src/djen_backup/djen.py", line 77, in get_caderno_url\n    resp.raise_for_status()\n  File "/home/franklin/workspace/causaganha/.venv/lib/python3.12/site-packages/httpx/_models.py", line 829, in raise_for_status\n    raise HTTPStatusError(message, request=request, response=self)\nhttpx.HTTPStatusError: Client error \'403 Forbidden\' for url \'https://comunicaapi.pje.jus.br/api/v1/caderno/TJAP/2025-11-29/D\'\nFor more information check: https://developer.mozilla.org/en-US/docs/Web/HTTP/Status/403'}
Traceback (most recent call last):
  File "/home/franklin/workspace/causaganha/src/djen_backup/backfill.py", line 557, in backfill_process_date
    zip_url = await get_caderno_url(client, config.djen_proxy_url, tribunal, d)
              ^^^^^^^^^^^^^^^^^^^^^^^^^^^^^^^^^^^^^^^^^^^^^^^^^^^^^^^^^^^^^^^^^
  File "/home/franklin/workspace/causaganha/src/djen_backup/djen.py", line 77, in get_caderno_url
    resp.raise_for_status()
  File "/home/franklin/workspace/causaganha/.venv/lib/python3.12/site-packages/httpx/_models.py", line 829, in raise_for_status
    raise HTTPStatusError(message, request=request, response=self)
httpx.HTTPStatusError: Client error '403 Forbidden' for url 'https://comunicaapi.pje.jus.br/api/v1/caderno/TJAP/2025-11-29/D'
For more information check: https://developer.mozilla.org/en-US/docs/Web/HTTP/Status/403
2026-04-08 22:45:08,350 WARNING  djen_backup.backfill  {'tribunal': 'TJAP', 'date': '2025-11-29', 'event': 'backfill_item_error', 'level': 'warning', 'timestamp': '2026-04-09T02:45:08.350515Z'}
2026-04-08 22:45:08,398 INFO     httpx  HTTP Request: GET https://comunicaapi.pje.jus.br/api/v1/caderno/TJAP/2025-11-23/D "HTTP/1.1 403 Forbidden"
2026-04-08 22:45:08,400 ERROR    djen_backup.backfill  {'tribunal': 'TJAP', 'date': '2025-11-23', 'event': 'backfill_download_error', 'level': 'error', 'timestamp': '2026-04-09T02:45:08.400100Z', 'exception': 'Traceback (most recent call last):\n  File "/home/franklin/workspace/causaganha/src/djen_backup/backfill.py", line 557, in backfill_process_date\n    zip_url = await get_caderno_url(client, config.djen_proxy_url, tribunal, d)\n              ^^^^^^^^^^^^^^^^^^^^^^^^^^^^^^^^^^^^^^^^^^^^^^^^^^^^^^^^^^^^^^^^^\n  File "/home/franklin/workspace/causaganha/src/djen_backup/djen.py", line 77, in get_caderno_url\n    resp.raise_for_status()\n  File "/home/franklin/workspace/causaganha/.venv/lib/python3.12/site-packages/httpx/_models.py", line 829, in raise_for_status\n    raise HTTPStatusError(message, request=request, response=self)\nhttpx.HTTPStatusError: Client error \'403 Forbidden\' for url \'https://comunicaapi.pje.jus.br/api/v1/caderno/TJAP/2025-11-23/D\'\nFor more information check: https://developer.mozilla.org/en-US/docs/Web/HTTP/Status/403'}
Traceback (most recent call last):
  File "/home/franklin/workspace/causaganha/src/djen_backup/backfill.py", line 557, in backfill_process_date
    zip_url = await get_caderno_url(client, config.djen_proxy_url, tribunal, d)
              ^^^^^^^^^^^^^^^^^^^^^^^^^^^^^^^^^^^^^^^^^^^^^^^^^^^^^^^^^^^^^^^^^
  File "/home/franklin/workspace/causaganha/src/djen_backup/djen.py", line 77, in get_caderno_url
    resp.raise_for_status()
  File "/home/franklin/workspace/causaganha/.venv/lib/python3.12/site-packages/httpx/_models.py", line 829, in raise_for_status
    raise HTTPStatusError(message, request=request, response=self)
httpx.HTTPStatusError: Client error '403 Forbidden' for url 'https://comunicaapi.pje.jus.br/api/v1/caderno/TJAP/2025-11-23/D'
For more information check: https://developer.mozilla.org/en-US/docs/Web/HTTP/Status/403
2026-04-08 22:45:08,475 WARNING  djen_backup.backfill  {'tribunal': 'TJAP', 'date': '2025-11-23', 'event': 'backfill_item_error', 'level': 'warning', 'timestamp': '2026-04-09T02:45:08.475076Z'}
2026-04-08 22:45:08,476 WARNING  djen_backup.backfill  {'tribunal': 'TJAP', 'year': 2025, 'reason': '3 consecutive errors', 'event': 'backfill_tribunal_skipped', 'level': 'warning', 'timestamp': '2026-04-09T02:45:08.476048Z'}
2026-04-08 22:45:08,951 INFO     httpx  HTTP Request: GET https://archive.org/metadata/djen-tjba-2025/files "HTTP/1.1 200 OK"
2026-04-08 22:45:08,954 INFO     djen_backup.backfill  {'tribunal': 'TJBA', 'year': 2025, 'gaps': 143, 'event': 'backfill_tribunal_year', 'level': 'info', 'timestamp': '2026-04-09T02:45:08.954587Z'}
2026-04-08 22:45:09,002 INFO     httpx  HTTP Request: GET https://comunicaapi.pje.jus.br/api/v1/caderno/TJBA/2025-11-30/D "HTTP/1.1 403 Forbidden"
2026-04-08 22:45:09,005 ERROR    djen_backup.backfill  {'tribunal': 'TJBA', 'date': '2025-11-30', 'event': 'backfill_download_error', 'level': 'error', 'timestamp': '2026-04-09T02:45:09.004727Z', 'exception': 'Traceback (most recent call last):\n  File "/home/franklin/workspace/causaganha/src/djen_backup/backfill.py", line 557, in backfill_process_date\n    zip_url = await get_caderno_url(client, config.djen_proxy_url, tribunal, d)\n              ^^^^^^^^^^^^^^^^^^^^^^^^^^^^^^^^^^^^^^^^^^^^^^^^^^^^^^^^^^^^^^^^^\n  File "/home/franklin/workspace/causaganha/src/djen_backup/djen.py", line 77, in get_caderno_url\n    resp.raise_for_status()\n  File "/home/franklin/workspace/causaganha/.venv/lib/python3.12/site-packages/httpx/_models.py", line 829, in raise_for_status\n    raise HTTPStatusError(message, request=request, response=self)\nhttpx.HTTPStatusError: Client error \'403 Forbidden\' for url \'https://comunicaapi.pje.jus.br/api/v1/caderno/TJBA/2025-11-30/D\'\nFor more information check: https://developer.mozilla.org/en-US/docs/Web/HTTP/Status/403'}
Traceback (most recent call last):
  File "/home/franklin/workspace/causaganha/src/djen_backup/backfill.py", line 557, in backfill_process_date
    zip_url = await get_caderno_url(client, config.djen_proxy_url, tribunal, d)
              ^^^^^^^^^^^^^^^^^^^^^^^^^^^^^^^^^^^^^^^^^^^^^^^^^^^^^^^^^^^^^^^^^
  File "/home/franklin/workspace/causaganha/src/djen_backup/djen.py", line 77, in get_caderno_url
    resp.raise_for_status()
  File "/home/franklin/workspace/causaganha/.venv/lib/python3.12/site-packages/httpx/_models.py", line 829, in raise_for_status
    raise HTTPStatusError(message, request=request, response=self)
httpx.HTTPStatusError: Client error '403 Forbidden' for url 'https://comunicaapi.pje.jus.br/api/v1/caderno/TJBA/2025-11-30/D'
For more information check: https://developer.mozilla.org/en-US/docs/Web/HTTP/Status/403
2026-04-08 22:45:09,079 WARNING  djen_backup.backfill  {'tribunal': 'TJBA', 'date': '2025-11-30', 'event': 'backfill_item_error', 'level': 'warning', 'timestamp': '2026-04-09T02:45:09.079115Z'}
2026-04-08 22:45:09,127 INFO     httpx  HTTP Request: GET https://comunicaapi.pje.jus.br/api/v1/caderno/TJBA/2025-11-29/D "HTTP/1.1 403 Forbidden"
2026-04-08 22:45:09,129 ERROR    djen_backup.backfill  {'tribunal': 'TJBA', 'date': '2025-11-29', 'event': 'backfill_download_error', 'level': 'error', 'timestamp': '2026-04-09T02:45:09.129185Z', 'exception': 'Traceback (most recent call last):\n  File "/home/franklin/workspace/causaganha/src/djen_backup/backfill.py", line 557, in backfill_process_date\n    zip_url = await get_caderno_url(client, config.djen_proxy_url, tribunal, d)\n              ^^^^^^^^^^^^^^^^^^^^^^^^^^^^^^^^^^^^^^^^^^^^^^^^^^^^^^^^^^^^^^^^^\n  File "/home/franklin/workspace/causaganha/src/djen_backup/djen.py", line 77, in get_caderno_url\n    resp.raise_for_status()\n  File "/home/franklin/workspace/causaganha/.venv/lib/python3.12/site-packages/httpx/_models.py", line 829, in raise_for_status\n    raise HTTPStatusError(message, request=request, response=self)\nhttpx.HTTPStatusError: Client error \'403 Forbidden\' for url \'https://comunicaapi.pje.jus.br/api/v1/caderno/TJBA/2025-11-29/D\'\nFor more information check: https://developer.mozilla.org/en-US/docs/Web/HTTP/Status/403'}
Traceback (most recent call last):
  File "/home/franklin/workspace/causaganha/src/djen_backup/backfill.py", line 557, in backfill_process_date
    zip_url = await get_caderno_url(client, config.djen_proxy_url, tribunal, d)
              ^^^^^^^^^^^^^^^^^^^^^^^^^^^^^^^^^^^^^^^^^^^^^^^^^^^^^^^^^^^^^^^^^
  File "/home/franklin/workspace/causaganha/src/djen_backup/djen.py", line 77, in get_caderno_url
    resp.raise_for_status()
  File "/home/franklin/workspace/causaganha/.venv/lib/python3.12/site-packages/httpx/_models.py", line 829, in raise_for_status
    raise HTTPStatusError(message, request=request, response=self)
httpx.HTTPStatusError: Client error '403 Forbidden' for url 'https://comunicaapi.pje.jus.br/api/v1/caderno/TJBA/2025-11-29/D'
For more information check: https://developer.mozilla.org/en-US/docs/Web/HTTP/Status/403
2026-04-08 22:45:09,201 WARNING  djen_backup.backfill  {'tribunal': 'TJBA', 'date': '2025-11-29', 'event': 'backfill_item_error', 'level': 'warning', 'timestamp': '2026-04-09T02:45:09.201848Z'}
2026-04-08 22:45:09,250 INFO     httpx  HTTP Request: GET https://comunicaapi.pje.jus.br/api/v1/caderno/TJBA/2025-11-23/D "HTTP/1.1 403 Forbidden"
2026-04-08 22:45:09,252 ERROR    djen_backup.backfill  {'tribunal': 'TJBA', 'date': '2025-11-23', 'event': 'backfill_download_error', 'level': 'error', 'timestamp': '2026-04-09T02:45:09.252171Z', 'exception': 'Traceback (most recent call last):\n  File "/home/franklin/workspace/causaganha/src/djen_backup/backfill.py", line 557, in backfill_process_date\n    zip_url = await get_caderno_url(client, config.djen_proxy_url, tribunal, d)\n              ^^^^^^^^^^^^^^^^^^^^^^^^^^^^^^^^^^^^^^^^^^^^^^^^^^^^^^^^^^^^^^^^^\n  File "/home/franklin/workspace/causaganha/src/djen_backup/djen.py", line 77, in get_caderno_url\n    resp.raise_for_status()\n  File "/home/franklin/workspace/causaganha/.venv/lib/python3.12/site-packages/httpx/_models.py", line 829, in raise_for_status\n    raise HTTPStatusError(message, request=request, response=self)\nhttpx.HTTPStatusError: Client error \'403 Forbidden\' for url \'https://comunicaapi.pje.jus.br/api/v1/caderno/TJBA/2025-11-23/D\'\nFor more information check: https://developer.mozilla.org/en-US/docs/Web/HTTP/Status/403'}
Traceback (most recent call last):
  File "/home/franklin/workspace/causaganha/src/djen_backup/backfill.py", line 557, in backfill_process_date
    zip_url = await get_caderno_url(client, config.djen_proxy_url, tribunal, d)
              ^^^^^^^^^^^^^^^^^^^^^^^^^^^^^^^^^^^^^^^^^^^^^^^^^^^^^^^^^^^^^^^^^
  File "/home/franklin/workspace/causaganha/src/djen_backup/djen.py", line 77, in get_caderno_url
    resp.raise_for_status()
  File "/home/franklin/workspace/causaganha/.venv/lib/python3.12/site-packages/httpx/_models.py", line 829, in raise_for_status
    raise HTTPStatusError(message, request=request, response=self)
httpx.HTTPStatusError: Client error '403 Forbidden' for url 'https://comunicaapi.pje.jus.br/api/v1/caderno/TJBA/2025-11-23/D'
For more information check: https://developer.mozilla.org/en-US/docs/Web/HTTP/Status/403
2026-04-08 22:45:09,332 WARNING  djen_backup.backfill  {'tribunal': 'TJBA', 'date': '2025-11-23', 'event': 'backfill_item_error', 'level': 'warning', 'timestamp': '2026-04-09T02:45:09.332005Z'}
2026-04-08 22:45:09,333 WARNING  djen_backup.backfill  {'tribunal': 'TJBA', 'year': 2025, 'reason': '3 consecutive errors', 'event': 'backfill_tribunal_skipped', 'level': 'warning', 'timestamp': '2026-04-09T02:45:09.333095Z'}
2026-04-08 22:45:09,670 INFO     httpx  HTTP Request: GET https://archive.org/metadata/djen-tjce-2025/files "HTTP/1.1 200 OK"
2026-04-08 22:45:09,674 INFO     djen_backup.backfill  {'tribunal': 'TJCE', 'year': 2025, 'gaps': 262, 'event': 'backfill_tribunal_year', 'level': 'info', 'timestamp': '2026-04-09T02:45:09.674583Z'}
2026-04-08 22:45:09,723 INFO     httpx  HTTP Request: GET https://comunicaapi.pje.jus.br/api/v1/caderno/TJCE/2025-11-30/D "HTTP/1.1 403 Forbidden"
2026-04-08 22:45:09,725 ERROR    djen_backup.backfill  {'tribunal': 'TJCE', 'date': '2025-11-30', 'event': 'backfill_download_error', 'level': 'error', 'timestamp': '2026-04-09T02:45:09.724908Z', 'exception': 'Traceback (most recent call last):\n  File "/home/franklin/workspace/causaganha/src/djen_backup/backfill.py", line 557, in backfill_process_date\n    zip_url = await get_caderno_url(client, config.djen_proxy_url, tribunal, d)\n              ^^^^^^^^^^^^^^^^^^^^^^^^^^^^^^^^^^^^^^^^^^^^^^^^^^^^^^^^^^^^^^^^^\n  File "/home/franklin/workspace/causaganha/src/djen_backup/djen.py", line 77, in get_caderno_url\n    resp.raise_for_status()\n  File "/home/franklin/workspace/causaganha/.venv/lib/python3.12/site-packages/httpx/_models.py", line 829, in raise_for_status\n    raise HTTPStatusError(message, request=request, response=self)\nhttpx.HTTPStatusError: Client error \'403 Forbidden\' for url \'https://comunicaapi.pje.jus.br/api/v1/caderno/TJCE/2025-11-30/D\'\nFor more information check: https://developer.mozilla.org/en-US/docs/Web/HTTP/Status/403'}
Traceback (most recent call last):
  File "/home/franklin/workspace/causaganha/src/djen_backup/backfill.py", line 557, in backfill_process_date
    zip_url = await get_caderno_url(client, config.djen_proxy_url, tribunal, d)
              ^^^^^^^^^^^^^^^^^^^^^^^^^^^^^^^^^^^^^^^^^^^^^^^^^^^^^^^^^^^^^^^^^
  File "/home/franklin/workspace/causaganha/src/djen_backup/djen.py", line 77, in get_caderno_url
    resp.raise_for_status()
  File "/home/franklin/workspace/causaganha/.venv/lib/python3.12/site-packages/httpx/_models.py", line 829, in raise_for_status
    raise HTTPStatusError(message, request=request, response=self)
httpx.HTTPStatusError: Client error '403 Forbidden' for url 'https://comunicaapi.pje.jus.br/api/v1/caderno/TJCE/2025-11-30/D'
For more information check: https://developer.mozilla.org/en-US/docs/Web/HTTP/Status/403
2026-04-08 22:45:09,796 WARNING  djen_backup.backfill  {'tribunal': 'TJCE', 'date': '2025-11-30', 'event': 'backfill_item_error', 'level': 'warning', 'timestamp': '2026-04-09T02:45:09.796583Z'}
2026-04-08 22:45:09,847 INFO     httpx  HTTP Request: GET https://comunicaapi.pje.jus.br/api/v1/caderno/TJCE/2025-11-29/D "HTTP/1.1 403 Forbidden"
2026-04-08 22:45:09,849 ERROR    djen_backup.backfill  {'tribunal': 'TJCE', 'date': '2025-11-29', 'event': 'backfill_download_error', 'level': 'error', 'timestamp': '2026-04-09T02:45:09.849104Z', 'exception': 'Traceback (most recent call last):\n  File "/home/franklin/workspace/causaganha/src/djen_backup/backfill.py", line 557, in backfill_process_date\n    zip_url = await get_caderno_url(client, config.djen_proxy_url, tribunal, d)\n              ^^^^^^^^^^^^^^^^^^^^^^^^^^^^^^^^^^^^^^^^^^^^^^^^^^^^^^^^^^^^^^^^^\n  File "/home/franklin/workspace/causaganha/src/djen_backup/djen.py", line 77, in get_caderno_url\n    resp.raise_for_status()\n  File "/home/franklin/workspace/causaganha/.venv/lib/python3.12/site-packages/httpx/_models.py", line 829, in raise_for_status\n    raise HTTPStatusError(message, request=request, response=self)\nhttpx.HTTPStatusError: Client error \'403 Forbidden\' for url \'https://comunicaapi.pje.jus.br/api/v1/caderno/TJCE/2025-11-29/D\'\nFor more information check: https://developer.mozilla.org/en-US/docs/Web/HTTP/Status/403'}
Traceback (most recent call last):
  File "/home/franklin/workspace/causaganha/src/djen_backup/backfill.py", line 557, in backfill_process_date
    zip_url = await get_caderno_url(client, config.djen_proxy_url, tribunal, d)
              ^^^^^^^^^^^^^^^^^^^^^^^^^^^^^^^^^^^^^^^^^^^^^^^^^^^^^^^^^^^^^^^^^
  File "/home/franklin/workspace/causaganha/src/djen_backup/djen.py", line 77, in get_caderno_url
    resp.raise_for_status()
  File "/home/franklin/workspace/causaganha/.venv/lib/python3.12/site-packages/httpx/_models.py", line 829, in raise_for_status
    raise HTTPStatusError(message, request=request, response=self)
httpx.HTTPStatusError: Client error '403 Forbidden' for url 'https://comunicaapi.pje.jus.br/api/v1/caderno/TJCE/2025-11-29/D'
For more information check: https://developer.mozilla.org/en-US/docs/Web/HTTP/Status/403
2026-04-08 22:45:09,922 WARNING  djen_backup.backfill  {'tribunal': 'TJCE', 'date': '2025-11-29', 'event': 'backfill_item_error', 'level': 'warning', 'timestamp': '2026-04-09T02:45:09.922361Z'}
2026-04-08 22:45:09,970 INFO     httpx  HTTP Request: GET https://comunicaapi.pje.jus.br/api/v1/caderno/TJCE/2025-11-23/D "HTTP/1.1 403 Forbidden"
2026-04-08 22:45:09,971 ERROR    djen_backup.backfill  {'tribunal': 'TJCE', 'date': '2025-11-23', 'event': 'backfill_download_error', 'level': 'error', 'timestamp': '2026-04-09T02:45:09.971313Z', 'exception': 'Traceback (most recent call last):\n  File "/home/franklin/workspace/causaganha/src/djen_backup/backfill.py", line 557, in backfill_process_date\n    zip_url = await get_caderno_url(client, config.djen_proxy_url, tribunal, d)\n              ^^^^^^^^^^^^^^^^^^^^^^^^^^^^^^^^^^^^^^^^^^^^^^^^^^^^^^^^^^^^^^^^^\n  File "/home/franklin/workspace/causaganha/src/djen_backup/djen.py", line 77, in get_caderno_url\n    resp.raise_for_status()\n  File "/home/franklin/workspace/causaganha/.venv/lib/python3.12/site-packages/httpx/_models.py", line 829, in raise_for_status\n    raise HTTPStatusError(message, request=request, response=self)\nhttpx.HTTPStatusError: Client error \'403 Forbidden\' for url \'https://comunicaapi.pje.jus.br/api/v1/caderno/TJCE/2025-11-23/D\'\nFor more information check: https://developer.mozilla.org/en-US/docs/Web/HTTP/Status/403'}
Traceback (most recent call last):
  File "/home/franklin/workspace/causaganha/src/djen_backup/backfill.py", line 557, in backfill_process_date
    zip_url = await get_caderno_url(client, config.djen_proxy_url, tribunal, d)
              ^^^^^^^^^^^^^^^^^^^^^^^^^^^^^^^^^^^^^^^^^^^^^^^^^^^^^^^^^^^^^^^^^
  File "/home/franklin/workspace/causaganha/src/djen_backup/djen.py", line 77, in get_caderno_url
    resp.raise_for_status()
  File "/home/franklin/workspace/causaganha/.venv/lib/python3.12/site-packages/httpx/_models.py", line 829, in raise_for_status
    raise HTTPStatusError(message, request=request, response=self)
httpx.HTTPStatusError: Client error '403 Forbidden' for url 'https://comunicaapi.pje.jus.br/api/v1/caderno/TJCE/2025-11-23/D'
For more information check: https://developer.mozilla.org/en-US/docs/Web/HTTP/Status/403
2026-04-08 22:45:10,041 WARNING  djen_backup.backfill  {'tribunal': 'TJCE', 'date': '2025-11-23', 'event': 'backfill_item_error', 'level': 'warning', 'timestamp': '2026-04-09T02:45:10.041494Z'}
2026-04-08 22:45:10,042 WARNING  djen_backup.backfill  {'tribunal': 'TJCE', 'year': 2025, 'reason': '3 consecutive errors', 'event': 'backfill_tribunal_skipped', 'level': 'warning', 'timestamp': '2026-04-09T02:45:10.042408Z'}
2026-04-08 22:45:10,410 INFO     httpx  HTTP Request: GET https://archive.org/metadata/djen-tjdft-2025/files "HTTP/1.1 200 OK"
2026-04-08 22:45:10,414 INFO     djen_backup.backfill  {'tribunal': 'TJDFT', 'year': 2025, 'gaps': 262, 'event': 'backfill_tribunal_year', 'level': 'info', 'timestamp': '2026-04-09T02:45:10.414515Z'}
2026-04-08 22:45:10,462 INFO     httpx  HTTP Request: GET https://comunicaapi.pje.jus.br/api/v1/caderno/TJDFT/2025-11-30/D "HTTP/1.1 403 Forbidden"
2026-04-08 22:45:10,464 ERROR    djen_backup.backfill  {'tribunal': 'TJDFT', 'date': '2025-11-30', 'event': 'backfill_download_error', 'level': 'error', 'timestamp': '2026-04-09T02:45:10.464008Z', 'exception': 'Traceback (most recent call last):\n  File "/home/franklin/workspace/causaganha/src/djen_backup/backfill.py", line 557, in backfill_process_date\n    zip_url = await get_caderno_url(client, config.djen_proxy_url, tribunal, d)\n              ^^^^^^^^^^^^^^^^^^^^^^^^^^^^^^^^^^^^^^^^^^^^^^^^^^^^^^^^^^^^^^^^^\n  File "/home/franklin/workspace/causaganha/src/djen_backup/djen.py", line 77, in get_caderno_url\n    resp.raise_for_status()\n  File "/home/franklin/workspace/causaganha/.venv/lib/python3.12/site-packages/httpx/_models.py", line 829, in raise_for_status\n    raise HTTPStatusError(message, request=request, response=self)\nhttpx.HTTPStatusError: Client error \'403 Forbidden\' for url \'https://comunicaapi.pje.jus.br/api/v1/caderno/TJDFT/2025-11-30/D\'\nFor more information check: https://developer.mozilla.org/en-US/docs/Web/HTTP/Status/403'}
Traceback (most recent call last):
  File "/home/franklin/workspace/causaganha/src/djen_backup/backfill.py", line 557, in backfill_process_date
    zip_url = await get_caderno_url(client, config.djen_proxy_url, tribunal, d)
              ^^^^^^^^^^^^^^^^^^^^^^^^^^^^^^^^^^^^^^^^^^^^^^^^^^^^^^^^^^^^^^^^^
  File "/home/franklin/workspace/causaganha/src/djen_backup/djen.py", line 77, in get_caderno_url
    resp.raise_for_status()
  File "/home/franklin/workspace/causaganha/.venv/lib/python3.12/site-packages/httpx/_models.py", line 829, in raise_for_status
    raise HTTPStatusError(message, request=request, response=self)
httpx.HTTPStatusError: Client error '403 Forbidden' for url 'https://comunicaapi.pje.jus.br/api/v1/caderno/TJDFT/2025-11-30/D'
For more information check: https://developer.mozilla.org/en-US/docs/Web/HTTP/Status/403
2026-04-08 22:45:10,538 WARNING  djen_backup.backfill  {'tribunal': 'TJDFT', 'date': '2025-11-30', 'event': 'backfill_item_error', 'level': 'warning', 'timestamp': '2026-04-09T02:45:10.538471Z'}
2026-04-08 22:45:10,588 INFO     httpx  HTTP Request: GET https://comunicaapi.pje.jus.br/api/v1/caderno/TJDFT/2025-11-29/D "HTTP/1.1 403 Forbidden"
2026-04-08 22:45:10,590 ERROR    djen_backup.backfill  {'tribunal': 'TJDFT', 'date': '2025-11-29', 'event': 'backfill_download_error', 'level': 'error', 'timestamp': '2026-04-09T02:45:10.590195Z', 'exception': 'Traceback (most recent call last):\n  File "/home/franklin/workspace/causaganha/src/djen_backup/backfill.py", line 557, in backfill_process_date\n    zip_url = await get_caderno_url(client, config.djen_proxy_url, tribunal, d)\n              ^^^^^^^^^^^^^^^^^^^^^^^^^^^^^^^^^^^^^^^^^^^^^^^^^^^^^^^^^^^^^^^^^\n  File "/home/franklin/workspace/causaganha/src/djen_backup/djen.py", line 77, in get_caderno_url\n    resp.raise_for_status()\n  File "/home/franklin/workspace/causaganha/.venv/lib/python3.12/site-packages/httpx/_models.py", line 829, in raise_for_status\n    raise HTTPStatusError(message, request=request, response=self)\nhttpx.HTTPStatusError: Client error \'403 Forbidden\' for url \'https://comunicaapi.pje.jus.br/api/v1/caderno/TJDFT/2025-11-29/D\'\nFor more information check: https://developer.mozilla.org/en-US/docs/Web/HTTP/Status/403'}
Traceback (most recent call last):
  File "/home/franklin/workspace/causaganha/src/djen_backup/backfill.py", line 557, in backfill_process_date
    zip_url = await get_caderno_url(client, config.djen_proxy_url, tribunal, d)
              ^^^^^^^^^^^^^^^^^^^^^^^^^^^^^^^^^^^^^^^^^^^^^^^^^^^^^^^^^^^^^^^^^
  File "/home/franklin/workspace/causaganha/src/djen_backup/djen.py", line 77, in get_caderno_url
    resp.raise_for_status()
  File "/home/franklin/workspace/causaganha/.venv/lib/python3.12/site-packages/httpx/_models.py", line 829, in raise_for_status
    raise HTTPStatusError(message, request=request, response=self)
httpx.HTTPStatusError: Client error '403 Forbidden' for url 'https://comunicaapi.pje.jus.br/api/v1/caderno/TJDFT/2025-11-29/D'
For more information check: https://developer.mozilla.org/en-US/docs/Web/HTTP/Status/403
2026-04-08 22:45:10,753 WARNING  djen_backup.backfill  {'tribunal': 'TJDFT', 'date': '2025-11-29', 'event': 'backfill_item_error', 'level': 'warning', 'timestamp': '2026-04-09T02:45:10.753132Z'}
2026-04-08 22:45:10,803 INFO     httpx  HTTP Request: GET https://comunicaapi.pje.jus.br/api/v1/caderno/TJDFT/2025-11-23/D "HTTP/1.1 403 Forbidden"
2026-04-08 22:45:10,805 ERROR    djen_backup.backfill  {'tribunal': 'TJDFT', 'date': '2025-11-23', 'event': 'backfill_download_error', 'level': 'error', 'timestamp': '2026-04-09T02:45:10.804743Z', 'exception': 'Traceback (most recent call last):\n  File "/home/franklin/workspace/causaganha/src/djen_backup/backfill.py", line 557, in backfill_process_date\n    zip_url = await get_caderno_url(client, config.djen_proxy_url, tribunal, d)\n              ^^^^^^^^^^^^^^^^^^^^^^^^^^^^^^^^^^^^^^^^^^^^^^^^^^^^^^^^^^^^^^^^^\n  File "/home/franklin/workspace/causaganha/src/djen_backup/djen.py", line 77, in get_caderno_url\n    resp.raise_for_status()\n  File "/home/franklin/workspace/causaganha/.venv/lib/python3.12/site-packages/httpx/_models.py", line 829, in raise_for_status\n    raise HTTPStatusError(message, request=request, response=self)\nhttpx.HTTPStatusError: Client error \'403 Forbidden\' for url \'https://comunicaapi.pje.jus.br/api/v1/caderno/TJDFT/2025-11-23/D\'\nFor more information check: https://developer.mozilla.org/en-US/docs/Web/HTTP/Status/403'}
Traceback (most recent call last):
  File "/home/franklin/workspace/causaganha/src/djen_backup/backfill.py", line 557, in backfill_process_date
    zip_url = await get_caderno_url(client, config.djen_proxy_url, tribunal, d)
              ^^^^^^^^^^^^^^^^^^^^^^^^^^^^^^^^^^^^^^^^^^^^^^^^^^^^^^^^^^^^^^^^^
  File "/home/franklin/workspace/causaganha/src/djen_backup/djen.py", line 77, in get_caderno_url
    resp.raise_for_status()
  File "/home/franklin/workspace/causaganha/.venv/lib/python3.12/site-packages/httpx/_models.py", line 829, in raise_for_status
    raise HTTPStatusError(message, request=request, response=self)
httpx.HTTPStatusError: Client error '403 Forbidden' for url 'https://comunicaapi.pje.jus.br/api/v1/caderno/TJDFT/2025-11-23/D'
For more information check: https://developer.mozilla.org/en-US/docs/Web/HTTP/Status/403
2026-04-08 22:45:10,874 WARNING  djen_backup.backfill  {'tribunal': 'TJDFT', 'date': '2025-11-23', 'event': 'backfill_item_error', 'level': 'warning', 'timestamp': '2026-04-09T02:45:10.874661Z'}
2026-04-08 22:45:10,875 WARNING  djen_backup.backfill  {'tribunal': 'TJDFT', 'year': 2025, 'reason': '3 consecutive errors', 'event': 'backfill_tribunal_skipped', 'level': 'warning', 'timestamp': '2026-04-09T02:45:10.875614Z'}
2026-04-08 22:45:11,152 INFO     httpx  HTTP Request: GET https://archive.org/metadata/djen-tjes-2025/files "HTTP/1.1 200 OK"
2026-04-08 22:45:11,156 INFO     djen_backup.backfill  {'tribunal': 'TJES', 'year': 2025, 'gaps': 244, 'event': 'backfill_tribunal_year', 'level': 'info', 'timestamp': '2026-04-09T02:45:11.156656Z'}
2026-04-08 22:45:11,206 INFO     httpx  HTTP Request: GET https://comunicaapi.pje.jus.br/api/v1/caderno/TJES/2025-11-30/D "HTTP/1.1 403 Forbidden"
2026-04-08 22:45:11,208 ERROR    djen_backup.backfill  {'tribunal': 'TJES', 'date': '2025-11-30', 'event': 'backfill_download_error', 'level': 'error', 'timestamp': '2026-04-09T02:45:11.208470Z', 'exception': 'Traceback (most recent call last):\n  File "/home/franklin/workspace/causaganha/src/djen_backup/backfill.py", line 557, in backfill_process_date\n    zip_url = await get_caderno_url(client, config.djen_proxy_url, tribunal, d)\n              ^^^^^^^^^^^^^^^^^^^^^^^^^^^^^^^^^^^^^^^^^^^^^^^^^^^^^^^^^^^^^^^^^\n  File "/home/franklin/workspace/causaganha/src/djen_backup/djen.py", line 77, in get_caderno_url\n    resp.raise_for_status()\n  File "/home/franklin/workspace/causaganha/.venv/lib/python3.12/site-packages/httpx/_models.py", line 829, in raise_for_status\n    raise HTTPStatusError(message, request=request, response=self)\nhttpx.HTTPStatusError: Client error \'403 Forbidden\' for url \'https://comunicaapi.pje.jus.br/api/v1/caderno/TJES/2025-11-30/D\'\nFor more information check: https://developer.mozilla.org/en-US/docs/Web/HTTP/Status/403'}
Traceback (most recent call last):
  File "/home/franklin/workspace/causaganha/src/djen_backup/backfill.py", line 557, in backfill_process_date
    zip_url = await get_caderno_url(client, config.djen_proxy_url, tribunal, d)
              ^^^^^^^^^^^^^^^^^^^^^^^^^^^^^^^^^^^^^^^^^^^^^^^^^^^^^^^^^^^^^^^^^
  File "/home/franklin/workspace/causaganha/src/djen_backup/djen.py", line 77, in get_caderno_url
    resp.raise_for_status()
  File "/home/franklin/workspace/causaganha/.venv/lib/python3.12/site-packages/httpx/_models.py", line 829, in raise_for_status
    raise HTTPStatusError(message, request=request, response=self)
httpx.HTTPStatusError: Client error '403 Forbidden' for url 'https://comunicaapi.pje.jus.br/api/v1/caderno/TJES/2025-11-30/D'
For more information check: https://developer.mozilla.org/en-US/docs/Web/HTTP/Status/403
2026-04-08 22:45:11,281 WARNING  djen_backup.backfill  {'tribunal': 'TJES', 'date': '2025-11-30', 'event': 'backfill_item_error', 'level': 'warning', 'timestamp': '2026-04-09T02:45:11.281843Z'}
2026-04-08 22:45:11,330 INFO     httpx  HTTP Request: GET https://comunicaapi.pje.jus.br/api/v1/caderno/TJES/2025-11-29/D "HTTP/1.1 403 Forbidden"
2026-04-08 22:45:11,332 ERROR    djen_backup.backfill  {'tribunal': 'TJES', 'date': '2025-11-29', 'event': 'backfill_download_error', 'level': 'error', 'timestamp': '2026-04-09T02:45:11.332054Z', 'exception': 'Traceback (most recent call last):\n  File "/home/franklin/workspace/causaganha/src/djen_backup/backfill.py", line 557, in backfill_process_date\n    zip_url = await get_caderno_url(client, config.djen_proxy_url, tribunal, d)\n              ^^^^^^^^^^^^^^^^^^^^^^^^^^^^^^^^^^^^^^^^^^^^^^^^^^^^^^^^^^^^^^^^^\n  File "/home/franklin/workspace/causaganha/src/djen_backup/djen.py", line 77, in get_caderno_url\n    resp.raise_for_status()\n  File "/home/franklin/workspace/causaganha/.venv/lib/python3.12/site-packages/httpx/_models.py", line 829, in raise_for_status\n    raise HTTPStatusError(message, request=request, response=self)\nhttpx.HTTPStatusError: Client error \'403 Forbidden\' for url \'https://comunicaapi.pje.jus.br/api/v1/caderno/TJES/2025-11-29/D\'\nFor more information check: https://developer.mozilla.org/en-US/docs/Web/HTTP/Status/403'}
Traceback (most recent call last):
  File "/home/franklin/workspace/causaganha/src/djen_backup/backfill.py", line 557, in backfill_process_date
    zip_url = await get_caderno_url(client, config.djen_proxy_url, tribunal, d)
              ^^^^^^^^^^^^^^^^^^^^^^^^^^^^^^^^^^^^^^^^^^^^^^^^^^^^^^^^^^^^^^^^^
  File "/home/franklin/workspace/causaganha/src/djen_backup/djen.py", line 77, in get_caderno_url
    resp.raise_for_status()
  File "/home/franklin/workspace/causaganha/.venv/lib/python3.12/site-packages/httpx/_models.py", line 829, in raise_for_status
    raise HTTPStatusError(message, request=request, response=self)
httpx.HTTPStatusError: Client error '403 Forbidden' for url 'https://comunicaapi.pje.jus.br/api/v1/caderno/TJES/2025-11-29/D'
For more information check: https://developer.mozilla.org/en-US/docs/Web/HTTP/Status/403
2026-04-08 22:45:11,402 WARNING  djen_backup.backfill  {'tribunal': 'TJES', 'date': '2025-11-29', 'event': 'backfill_item_error', 'level': 'warning', 'timestamp': '2026-04-09T02:45:11.402313Z'}
2026-04-08 22:45:11,453 INFO     httpx  HTTP Request: GET https://comunicaapi.pje.jus.br/api/v1/caderno/TJES/2025-11-23/D "HTTP/1.1 403 Forbidden"
2026-04-08 22:45:11,455 ERROR    djen_backup.backfill  {'tribunal': 'TJES', 'date': '2025-11-23', 'event': 'backfill_download_error', 'level': 'error', 'timestamp': '2026-04-09T02:45:11.455248Z', 'exception': 'Traceback (most recent call last):\n  File "/home/franklin/workspace/causaganha/src/djen_backup/backfill.py", line 557, in backfill_process_date\n    zip_url = await get_caderno_url(client, config.djen_proxy_url, tribunal, d)\n              ^^^^^^^^^^^^^^^^^^^^^^^^^^^^^^^^^^^^^^^^^^^^^^^^^^^^^^^^^^^^^^^^^\n  File "/home/franklin/workspace/causaganha/src/djen_backup/djen.py", line 77, in get_caderno_url\n    resp.raise_for_status()\n  File "/home/franklin/workspace/causaganha/.venv/lib/python3.12/site-packages/httpx/_models.py", line 829, in raise_for_status\n    raise HTTPStatusError(message, request=request, response=self)\nhttpx.HTTPStatusError: Client error \'403 Forbidden\' for url \'https://comunicaapi.pje.jus.br/api/v1/caderno/TJES/2025-11-23/D\'\nFor more information check: https://developer.mozilla.org/en-US/docs/Web/HTTP/Status/403'}
Traceback (most recent call last):
  File "/home/franklin/workspace/causaganha/src/djen_backup/backfill.py", line 557, in backfill_process_date
    zip_url = await get_caderno_url(client, config.djen_proxy_url, tribunal, d)
              ^^^^^^^^^^^^^^^^^^^^^^^^^^^^^^^^^^^^^^^^^^^^^^^^^^^^^^^^^^^^^^^^^
  File "/home/franklin/workspace/causaganha/src/djen_backup/djen.py", line 77, in get_caderno_url
    resp.raise_for_status()
  File "/home/franklin/workspace/causaganha/.venv/lib/python3.12/site-packages/httpx/_models.py", line 829, in raise_for_status
    raise HTTPStatusError(message, request=request, response=self)
httpx.HTTPStatusError: Client error '403 Forbidden' for url 'https://comunicaapi.pje.jus.br/api/v1/caderno/TJES/2025-11-23/D'
For more information check: https://developer.mozilla.org/en-US/docs/Web/HTTP/Status/403
2026-04-08 22:45:11,526 WARNING  djen_backup.backfill  {'tribunal': 'TJES', 'date': '2025-11-23', 'event': 'backfill_item_error', 'level': 'warning', 'timestamp': '2026-04-09T02:45:11.526538Z'}
2026-04-08 22:45:11,527 WARNING  djen_backup.backfill  {'tribunal': 'TJES', 'year': 2025, 'reason': '3 consecutive errors', 'event': 'backfill_tribunal_skipped', 'level': 'warning', 'timestamp': '2026-04-09T02:45:11.527609Z'}
2026-04-08 22:45:14,062 INFO     httpx  HTTP Request: GET https://archive.org/metadata/djen-tjgo-2025/files "HTTP/1.1 200 OK"
2026-04-08 22:45:14,065 INFO     djen_backup.backfill  {'tribunal': 'TJGO', 'year': 2025, 'gaps': 365, 'event': 'backfill_tribunal_year', 'level': 'info', 'timestamp': '2026-04-09T02:45:14.065426Z'}
2026-04-08 22:45:14,114 INFO     httpx  HTTP Request: GET https://comunicaapi.pje.jus.br/api/v1/caderno/TJGO/2025-12-31/D "HTTP/1.1 403 Forbidden"
2026-04-08 22:45:14,116 ERROR    djen_backup.backfill  {'tribunal': 'TJGO', 'date': '2025-12-31', 'event': 'backfill_download_error', 'level': 'error', 'timestamp': '2026-04-09T02:45:14.116552Z', 'exception': 'Traceback (most recent call last):\n  File "/home/franklin/workspace/causaganha/src/djen_backup/backfill.py", line 557, in backfill_process_date\n    zip_url = await get_caderno_url(client, config.djen_proxy_url, tribunal, d)\n              ^^^^^^^^^^^^^^^^^^^^^^^^^^^^^^^^^^^^^^^^^^^^^^^^^^^^^^^^^^^^^^^^^\n  File "/home/franklin/workspace/causaganha/src/djen_backup/djen.py", line 77, in get_caderno_url\n    resp.raise_for_status()\n  File "/home/franklin/workspace/causaganha/.venv/lib/python3.12/site-packages/httpx/_models.py", line 829, in raise_for_status\n    raise HTTPStatusError(message, request=request, response=self)\nhttpx.HTTPStatusError: Client error \'403 Forbidden\' for url \'https://comunicaapi.pje.jus.br/api/v1/caderno/TJGO/2025-12-31/D\'\nFor more information check: https://developer.mozilla.org/en-US/docs/Web/HTTP/Status/403'}
Traceback (most recent call last):
  File "/home/franklin/workspace/causaganha/src/djen_backup/backfill.py", line 557, in backfill_process_date
    zip_url = await get_caderno_url(client, config.djen_proxy_url, tribunal, d)
              ^^^^^^^^^^^^^^^^^^^^^^^^^^^^^^^^^^^^^^^^^^^^^^^^^^^^^^^^^^^^^^^^^
  File "/home/franklin/workspace/causaganha/src/djen_backup/djen.py", line 77, in get_caderno_url
    resp.raise_for_status()
  File "/home/franklin/workspace/causaganha/.venv/lib/python3.12/site-packages/httpx/_models.py", line 829, in raise_for_status
    raise HTTPStatusError(message, request=request, response=self)
httpx.HTTPStatusError: Client error '403 Forbidden' for url 'https://comunicaapi.pje.jus.br/api/v1/caderno/TJGO/2025-12-31/D'
For more information check: https://developer.mozilla.org/en-US/docs/Web/HTTP/Status/403
2026-04-08 22:45:14,186 WARNING  djen_backup.backfill  {'tribunal': 'TJGO', 'date': '2025-12-31', 'event': 'backfill_item_error', 'level': 'warning', 'timestamp': '2026-04-09T02:45:14.186293Z'}
2026-04-08 22:45:14,290 INFO     httpx  HTTP Request: GET https://comunicaapi.pje.jus.br/api/v1/caderno/TJGO/2025-12-30/D "HTTP/1.1 403 Forbidden"
2026-04-08 22:45:14,293 ERROR    djen_backup.backfill  {'tribunal': 'TJGO', 'date': '2025-12-30', 'event': 'backfill_download_error', 'level': 'error', 'timestamp': '2026-04-09T02:45:14.292571Z', 'exception': 'Traceback (most recent call last):\n  File "/home/franklin/workspace/causaganha/src/djen_backup/backfill.py", line 557, in backfill_process_date\n    zip_url = await get_caderno_url(client, config.djen_proxy_url, tribunal, d)\n              ^^^^^^^^^^^^^^^^^^^^^^^^^^^^^^^^^^^^^^^^^^^^^^^^^^^^^^^^^^^^^^^^^\n  File "/home/franklin/workspace/causaganha/src/djen_backup/djen.py", line 77, in get_caderno_url\n    resp.raise_for_status()\n  File "/home/franklin/workspace/causaganha/.venv/lib/python3.12/site-packages/httpx/_models.py", line 829, in raise_for_status\n    raise HTTPStatusError(message, request=request, response=self)\nhttpx.HTTPStatusError: Client error \'403 Forbidden\' for url \'https://comunicaapi.pje.jus.br/api/v1/caderno/TJGO/2025-12-30/D\'\nFor more information check: https://developer.mozilla.org/en-US/docs/Web/HTTP/Status/403'}
Traceback (most recent call last):
  File "/home/franklin/workspace/causaganha/src/djen_backup/backfill.py", line 557, in backfill_process_date
    zip_url = await get_caderno_url(client, config.djen_proxy_url, tribunal, d)
              ^^^^^^^^^^^^^^^^^^^^^^^^^^^^^^^^^^^^^^^^^^^^^^^^^^^^^^^^^^^^^^^^^
  File "/home/franklin/workspace/causaganha/src/djen_backup/djen.py", line 77, in get_caderno_url
    resp.raise_for_status()
  File "/home/franklin/workspace/causaganha/.venv/lib/python3.12/site-packages/httpx/_models.py", line 829, in raise_for_status
    raise HTTPStatusError(message, request=request, response=self)
httpx.HTTPStatusError: Client error '403 Forbidden' for url 'https://comunicaapi.pje.jus.br/api/v1/caderno/TJGO/2025-12-30/D'
For more information check: https://developer.mozilla.org/en-US/docs/Web/HTTP/Status/403
2026-04-08 22:45:14,364 WARNING  djen_backup.backfill  {'tribunal': 'TJGO', 'date': '2025-12-30', 'event': 'backfill_item_error', 'level': 'warning', 'timestamp': '2026-04-09T02:45:14.364574Z'}
2026-04-08 22:45:14,421 INFO     httpx  HTTP Request: GET https://comunicaapi.pje.jus.br/api/v1/caderno/TJGO/2025-12-29/D "HTTP/1.1 403 Forbidden"
2026-04-08 22:45:14,423 ERROR    djen_backup.backfill  {'tribunal': 'TJGO', 'date': '2025-12-29', 'event': 'backfill_download_error', 'level': 'error', 'timestamp': '2026-04-09T02:45:14.422843Z', 'exception': 'Traceback (most recent call last):\n  File "/home/franklin/workspace/causaganha/src/djen_backup/backfill.py", line 557, in backfill_process_date\n    zip_url = await get_caderno_url(client, config.djen_proxy_url, tribunal, d)\n              ^^^^^^^^^^^^^^^^^^^^^^^^^^^^^^^^^^^^^^^^^^^^^^^^^^^^^^^^^^^^^^^^^\n  File "/home/franklin/workspace/causaganha/src/djen_backup/djen.py", line 77, in get_caderno_url\n    resp.raise_for_status()\n  File "/home/franklin/workspace/causaganha/.venv/lib/python3.12/site-packages/httpx/_models.py", line 829, in raise_for_status\n    raise HTTPStatusError(message, request=request, response=self)\nhttpx.HTTPStatusError: Client error \'403 Forbidden\' for url \'https://comunicaapi.pje.jus.br/api/v1/caderno/TJGO/2025-12-29/D\'\nFor more information check: https://developer.mozilla.org/en-US/docs/Web/HTTP/Status/403'}
Traceback (most recent call last):
  File "/home/franklin/workspace/causaganha/src/djen_backup/backfill.py", line 557, in backfill_process_date
    zip_url = await get_caderno_url(client, config.djen_proxy_url, tribunal, d)
              ^^^^^^^^^^^^^^^^^^^^^^^^^^^^^^^^^^^^^^^^^^^^^^^^^^^^^^^^^^^^^^^^^
  File "/home/franklin/workspace/causaganha/src/djen_backup/djen.py", line 77, in get_caderno_url
    resp.raise_for_status()
  File "/home/franklin/workspace/causaganha/.venv/lib/python3.12/site-packages/httpx/_models.py", line 829, in raise_for_status
    raise HTTPStatusError(message, request=request, response=self)
httpx.HTTPStatusError: Client error '403 Forbidden' for url 'https://comunicaapi.pje.jus.br/api/v1/caderno/TJGO/2025-12-29/D'
For more information check: https://developer.mozilla.org/en-US/docs/Web/HTTP/Status/403
2026-04-08 22:45:14,496 WARNING  djen_backup.backfill  {'tribunal': 'TJGO', 'date': '2025-12-29', 'event': 'backfill_item_error', 'level': 'warning', 'timestamp': '2026-04-09T02:45:14.496277Z'}
2026-04-08 22:45:14,497 WARNING  djen_backup.backfill  {'tribunal': 'TJGO', 'year': 2025, 'reason': '3 consecutive errors', 'event': 'backfill_tribunal_skipped', 'level': 'warning', 'timestamp': '2026-04-09T02:45:14.497182Z'}
2026-04-08 22:45:14,883 INFO     httpx  HTTP Request: GET https://archive.org/metadata/djen-tjma-2025/files "HTTP/1.1 200 OK"
2026-04-08 22:45:14,887 INFO     djen_backup.backfill  {'tribunal': 'TJMA', 'year': 2025, 'gaps': 244, 'event': 'backfill_tribunal_year', 'level': 'info', 'timestamp': '2026-04-09T02:45:14.887821Z'}
2026-04-08 22:45:14,945 INFO     httpx  HTTP Request: GET https://comunicaapi.pje.jus.br/api/v1/caderno/TJMA/2025-11-30/D "HTTP/1.1 403 Forbidden"
2026-04-08 22:45:14,947 ERROR    djen_backup.backfill  {'tribunal': 'TJMA', 'date': '2025-11-30', 'event': 'backfill_download_error', 'level': 'error', 'timestamp': '2026-04-09T02:45:14.946912Z', 'exception': 'Traceback (most recent call last):\n  File "/home/franklin/workspace/causaganha/src/djen_backup/backfill.py", line 557, in backfill_process_date\n    zip_url = await get_caderno_url(client, config.djen_proxy_url, tribunal, d)\n              ^^^^^^^^^^^^^^^^^^^^^^^^^^^^^^^^^^^^^^^^^^^^^^^^^^^^^^^^^^^^^^^^^\n  File "/home/franklin/workspace/causaganha/src/djen_backup/djen.py", line 77, in get_caderno_url\n    resp.raise_for_status()\n  File "/home/franklin/workspace/causaganha/.venv/lib/python3.12/site-packages/httpx/_models.py", line 829, in raise_for_status\n    raise HTTPStatusError(message, request=request, response=self)\nhttpx.HTTPStatusError: Client error \'403 Forbidden\' for url \'https://comunicaapi.pje.jus.br/api/v1/caderno/TJMA/2025-11-30/D\'\nFor more information check: https://developer.mozilla.org/en-US/docs/Web/HTTP/Status/403'}
Traceback (most recent call last):
  File "/home/franklin/workspace/causaganha/src/djen_backup/backfill.py", line 557, in backfill_process_date
    zip_url = await get_caderno_url(client, config.djen_proxy_url, tribunal, d)
              ^^^^^^^^^^^^^^^^^^^^^^^^^^^^^^^^^^^^^^^^^^^^^^^^^^^^^^^^^^^^^^^^^
  File "/home/franklin/workspace/causaganha/src/djen_backup/djen.py", line 77, in get_caderno_url
    resp.raise_for_status()
  File "/home/franklin/workspace/causaganha/.venv/lib/python3.12/site-packages/httpx/_models.py", line 829, in raise_for_status
    raise HTTPStatusError(message, request=request, response=self)
httpx.HTTPStatusError: Client error '403 Forbidden' for url 'https://comunicaapi.pje.jus.br/api/v1/caderno/TJMA/2025-11-30/D'
For more information check: https://developer.mozilla.org/en-US/docs/Web/HTTP/Status/403
2026-04-08 22:45:15,019 WARNING  djen_backup.backfill  {'tribunal': 'TJMA', 'date': '2025-11-30', 'event': 'backfill_item_error', 'level': 'warning', 'timestamp': '2026-04-09T02:45:15.019598Z'}
2026-04-08 22:45:15,080 INFO     httpx  HTTP Request: GET https://comunicaapi.pje.jus.br/api/v1/caderno/TJMA/2025-11-29/D "HTTP/1.1 403 Forbidden"
2026-04-08 22:45:15,083 ERROR    djen_backup.backfill  {'tribunal': 'TJMA', 'date': '2025-11-29', 'event': 'backfill_download_error', 'level': 'error', 'timestamp': '2026-04-09T02:45:15.083257Z', 'exception': 'Traceback (most recent call last):\n  File "/home/franklin/workspace/causaganha/src/djen_backup/backfill.py", line 557, in backfill_process_date\n    zip_url = await get_caderno_url(client, config.djen_proxy_url, tribunal, d)\n              ^^^^^^^^^^^^^^^^^^^^^^^^^^^^^^^^^^^^^^^^^^^^^^^^^^^^^^^^^^^^^^^^^\n  File "/home/franklin/workspace/causaganha/src/djen_backup/djen.py", line 77, in get_caderno_url\n    resp.raise_for_status()\n  File "/home/franklin/workspace/causaganha/.venv/lib/python3.12/site-packages/httpx/_models.py", line 829, in raise_for_status\n    raise HTTPStatusError(message, request=request, response=self)\nhttpx.HTTPStatusError: Client error \'403 Forbidden\' for url \'https://comunicaapi.pje.jus.br/api/v1/caderno/TJMA/2025-11-29/D\'\nFor more information check: https://developer.mozilla.org/en-US/docs/Web/HTTP/Status/403'}
Traceback (most recent call last):
  File "/home/franklin/workspace/causaganha/src/djen_backup/backfill.py", line 557, in backfill_process_date
    zip_url = await get_caderno_url(client, config.djen_proxy_url, tribunal, d)
              ^^^^^^^^^^^^^^^^^^^^^^^^^^^^^^^^^^^^^^^^^^^^^^^^^^^^^^^^^^^^^^^^^
  File "/home/franklin/workspace/causaganha/src/djen_backup/djen.py", line 77, in get_caderno_url
    resp.raise_for_status()
  File "/home/franklin/workspace/causaganha/.venv/lib/python3.12/site-packages/httpx/_models.py", line 829, in raise_for_status
    raise HTTPStatusError(message, request=request, response=self)
httpx.HTTPStatusError: Client error '403 Forbidden' for url 'https://comunicaapi.pje.jus.br/api/v1/caderno/TJMA/2025-11-29/D'
For more information check: https://developer.mozilla.org/en-US/docs/Web/HTTP/Status/403
2026-04-08 22:45:15,153 WARNING  djen_backup.backfill  {'tribunal': 'TJMA', 'date': '2025-11-29', 'event': 'backfill_item_error', 'level': 'warning', 'timestamp': '2026-04-09T02:45:15.153525Z'}
2026-04-08 22:45:15,208 INFO     httpx  HTTP Request: GET https://comunicaapi.pje.jus.br/api/v1/caderno/TJMA/2025-11-23/D "HTTP/1.1 403 Forbidden"
2026-04-08 22:45:15,210 ERROR    djen_backup.backfill  {'tribunal': 'TJMA', 'date': '2025-11-23', 'event': 'backfill_download_error', 'level': 'error', 'timestamp': '2026-04-09T02:45:15.210458Z', 'exception': 'Traceback (most recent call last):\n  File "/home/franklin/workspace/causaganha/src/djen_backup/backfill.py", line 557, in backfill_process_date\n    zip_url = await get_caderno_url(client, config.djen_proxy_url, tribunal, d)\n              ^^^^^^^^^^^^^^^^^^^^^^^^^^^^^^^^^^^^^^^^^^^^^^^^^^^^^^^^^^^^^^^^^\n  File "/home/franklin/workspace/causaganha/src/djen_backup/djen.py", line 77, in get_caderno_url\n    resp.raise_for_status()\n  File "/home/franklin/workspace/causaganha/.venv/lib/python3.12/site-packages/httpx/_models.py", line 829, in raise_for_status\n    raise HTTPStatusError(message, request=request, response=self)\nhttpx.HTTPStatusError: Client error \'403 Forbidden\' for url \'https://comunicaapi.pje.jus.br/api/v1/caderno/TJMA/2025-11-23/D\'\nFor more information check: https://developer.mozilla.org/en-US/docs/Web/HTTP/Status/403'}
Traceback (most recent call last):
  File "/home/franklin/workspace/causaganha/src/djen_backup/backfill.py", line 557, in backfill_process_date
    zip_url = await get_caderno_url(client, config.djen_proxy_url, tribunal, d)
              ^^^^^^^^^^^^^^^^^^^^^^^^^^^^^^^^^^^^^^^^^^^^^^^^^^^^^^^^^^^^^^^^^
  File "/home/franklin/workspace/causaganha/src/djen_backup/djen.py", line 77, in get_caderno_url
    resp.raise_for_status()
  File "/home/franklin/workspace/causaganha/.venv/lib/python3.12/site-packages/httpx/_models.py", line 829, in raise_for_status
    raise HTTPStatusError(message, request=request, response=self)
httpx.HTTPStatusError: Client error '403 Forbidden' for url 'https://comunicaapi.pje.jus.br/api/v1/caderno/TJMA/2025-11-23/D'
For more information check: https://developer.mozilla.org/en-US/docs/Web/HTTP/Status/403
2026-04-08 22:45:15,279 WARNING  djen_backup.backfill  {'tribunal': 'TJMA', 'date': '2025-11-23', 'event': 'backfill_item_error', 'level': 'warning', 'timestamp': '2026-04-09T02:45:15.279827Z'}
2026-04-08 22:45:15,281 WARNING  djen_backup.backfill  {'tribunal': 'TJMA', 'year': 2025, 'reason': '3 consecutive errors', 'event': 'backfill_tribunal_skipped', 'level': 'warning', 'timestamp': '2026-04-09T02:45:15.281215Z'}
2026-04-08 22:45:15,531 INFO     httpx  HTTP Request: GET https://archive.org/metadata/djen-tjmg-2025/files "HTTP/1.1 200 OK"
2026-04-08 22:45:15,533 INFO     djen_backup.backfill  {'tribunal': 'TJMG', 'year': 2025, 'gaps': 263, 'event': 'backfill_tribunal_year', 'level': 'info', 'timestamp': '2026-04-09T02:45:15.533430Z'}
2026-04-08 22:45:15,581 INFO     httpx  HTTP Request: GET https://comunicaapi.pje.jus.br/api/v1/caderno/TJMG/2025-11-30/D "HTTP/1.1 403 Forbidden"
2026-04-08 22:45:15,582 ERROR    djen_backup.backfill  {'tribunal': 'TJMG', 'date': '2025-11-30', 'event': 'backfill_download_error', 'level': 'error', 'timestamp': '2026-04-09T02:45:15.582479Z', 'exception': 'Traceback (most recent call last):\n  File "/home/franklin/workspace/causaganha/src/djen_backup/backfill.py", line 557, in backfill_process_date\n    zip_url = await get_caderno_url(client, config.djen_proxy_url, tribunal, d)\n              ^^^^^^^^^^^^^^^^^^^^^^^^^^^^^^^^^^^^^^^^^^^^^^^^^^^^^^^^^^^^^^^^^\n  File "/home/franklin/workspace/causaganha/src/djen_backup/djen.py", line 77, in get_caderno_url\n    resp.raise_for_status()\n  File "/home/franklin/workspace/causaganha/.venv/lib/python3.12/site-packages/httpx/_models.py", line 829, in raise_for_status\n    raise HTTPStatusError(message, request=request, response=self)\nhttpx.HTTPStatusError: Client error \'403 Forbidden\' for url \'https://comunicaapi.pje.jus.br/api/v1/caderno/TJMG/2025-11-30/D\'\nFor more information check: https://developer.mozilla.org/en-US/docs/Web/HTTP/Status/403'}
Traceback (most recent call last):
  File "/home/franklin/workspace/causaganha/src/djen_backup/backfill.py", line 557, in backfill_process_date
    zip_url = await get_caderno_url(client, config.djen_proxy_url, tribunal, d)
              ^^^^^^^^^^^^^^^^^^^^^^^^^^^^^^^^^^^^^^^^^^^^^^^^^^^^^^^^^^^^^^^^^
  File "/home/franklin/workspace/causaganha/src/djen_backup/djen.py", line 77, in get_caderno_url
    resp.raise_for_status()
  File "/home/franklin/workspace/causaganha/.venv/lib/python3.12/site-packages/httpx/_models.py", line 829, in raise_for_status
    raise HTTPStatusError(message, request=request, response=self)
httpx.HTTPStatusError: Client error '403 Forbidden' for url 'https://comunicaapi.pje.jus.br/api/v1/caderno/TJMG/2025-11-30/D'
For more information check: https://developer.mozilla.org/en-US/docs/Web/HTTP/Status/403
2026-04-08 22:45:15,671 WARNING  djen_backup.backfill  {'tribunal': 'TJMG', 'date': '2025-11-30', 'event': 'backfill_item_error', 'level': 'warning', 'timestamp': '2026-04-09T02:45:15.671636Z'}
2026-04-08 22:45:15,720 INFO     httpx  HTTP Request: GET https://comunicaapi.pje.jus.br/api/v1/caderno/TJMG/2025-11-29/D "HTTP/1.1 403 Forbidden"
2026-04-08 22:45:15,722 ERROR    djen_backup.backfill  {'tribunal': 'TJMG', 'date': '2025-11-29', 'event': 'backfill_download_error', 'level': 'error', 'timestamp': '2026-04-09T02:45:15.722257Z', 'exception': 'Traceback (most recent call last):\n  File "/home/franklin/workspace/causaganha/src/djen_backup/backfill.py", line 557, in backfill_process_date\n    zip_url = await get_caderno_url(client, config.djen_proxy_url, tribunal, d)\n              ^^^^^^^^^^^^^^^^^^^^^^^^^^^^^^^^^^^^^^^^^^^^^^^^^^^^^^^^^^^^^^^^^\n  File "/home/franklin/workspace/causaganha/src/djen_backup/djen.py", line 77, in get_caderno_url\n    resp.raise_for_status()\n  File "/home/franklin/workspace/causaganha/.venv/lib/python3.12/site-packages/httpx/_models.py", line 829, in raise_for_status\n    raise HTTPStatusError(message, request=request, response=self)\nhttpx.HTTPStatusError: Client error \'403 Forbidden\' for url \'https://comunicaapi.pje.jus.br/api/v1/caderno/TJMG/2025-11-29/D\'\nFor more information check: https://developer.mozilla.org/en-US/docs/Web/HTTP/Status/403'}
Traceback (most recent call last):
  File "/home/franklin/workspace/causaganha/src/djen_backup/backfill.py", line 557, in backfill_process_date
    zip_url = await get_caderno_url(client, config.djen_proxy_url, tribunal, d)
              ^^^^^^^^^^^^^^^^^^^^^^^^^^^^^^^^^^^^^^^^^^^^^^^^^^^^^^^^^^^^^^^^^
  File "/home/franklin/workspace/causaganha/src/djen_backup/djen.py", line 77, in get_caderno_url
    resp.raise_for_status()
  File "/home/franklin/workspace/causaganha/.venv/lib/python3.12/site-packages/httpx/_models.py", line 829, in raise_for_status
    raise HTTPStatusError(message, request=request, response=self)
httpx.HTTPStatusError: Client error '403 Forbidden' for url 'https://comunicaapi.pje.jus.br/api/v1/caderno/TJMG/2025-11-29/D'
For more information check: https://developer.mozilla.org/en-US/docs/Web/HTTP/Status/403
2026-04-08 22:45:15,811 WARNING  djen_backup.backfill  {'tribunal': 'TJMG', 'date': '2025-11-29', 'event': 'backfill_item_error', 'level': 'warning', 'timestamp': '2026-04-09T02:45:15.811395Z'}
2026-04-08 22:45:15,861 INFO     httpx  HTTP Request: GET https://comunicaapi.pje.jus.br/api/v1/caderno/TJMG/2025-11-23/D "HTTP/1.1 403 Forbidden"
2026-04-08 22:45:15,863 ERROR    djen_backup.backfill  {'tribunal': 'TJMG', 'date': '2025-11-23', 'event': 'backfill_download_error', 'level': 'error', 'timestamp': '2026-04-09T02:45:15.863135Z', 'exception': 'Traceback (most recent call last):\n  File "/home/franklin/workspace/causaganha/src/djen_backup/backfill.py", line 557, in backfill_process_date\n    zip_url = await get_caderno_url(client, config.djen_proxy_url, tribunal, d)\n              ^^^^^^^^^^^^^^^^^^^^^^^^^^^^^^^^^^^^^^^^^^^^^^^^^^^^^^^^^^^^^^^^^\n  File "/home/franklin/workspace/causaganha/src/djen_backup/djen.py", line 77, in get_caderno_url\n    resp.raise_for_status()\n  File "/home/franklin/workspace/causaganha/.venv/lib/python3.12/site-packages/httpx/_models.py", line 829, in raise_for_status\n    raise HTTPStatusError(message, request=request, response=self)\nhttpx.HTTPStatusError: Client error \'403 Forbidden\' for url \'https://comunicaapi.pje.jus.br/api/v1/caderno/TJMG/2025-11-23/D\'\nFor more information check: https://developer.mozilla.org/en-US/docs/Web/HTTP/Status/403'}
Traceback (most recent call last):
  File "/home/franklin/workspace/causaganha/src/djen_backup/backfill.py", line 557, in backfill_process_date
    zip_url = await get_caderno_url(client, config.djen_proxy_url, tribunal, d)
              ^^^^^^^^^^^^^^^^^^^^^^^^^^^^^^^^^^^^^^^^^^^^^^^^^^^^^^^^^^^^^^^^^
  File "/home/franklin/workspace/causaganha/src/djen_backup/djen.py", line 77, in get_caderno_url
    resp.raise_for_status()
  File "/home/franklin/workspace/causaganha/.venv/lib/python3.12/site-packages/httpx/_models.py", line 829, in raise_for_status
    raise HTTPStatusError(message, request=request, response=self)
httpx.HTTPStatusError: Client error '403 Forbidden' for url 'https://comunicaapi.pje.jus.br/api/v1/caderno/TJMG/2025-11-23/D'
For more information check: https://developer.mozilla.org/en-US/docs/Web/HTTP/Status/403
2026-04-08 22:45:15,945 WARNING  djen_backup.backfill  {'tribunal': 'TJMG', 'date': '2025-11-23', 'event': 'backfill_item_error', 'level': 'warning', 'timestamp': '2026-04-09T02:45:15.945179Z'}
2026-04-08 22:45:15,946 WARNING  djen_backup.backfill  {'tribunal': 'TJMG', 'year': 2025, 'reason': '3 consecutive errors', 'event': 'backfill_tribunal_skipped', 'level': 'warning', 'timestamp': '2026-04-09T02:45:15.946540Z'}
2026-04-08 22:45:18,494 INFO     httpx  HTTP Request: GET https://archive.org/metadata/djen-tjmmg-2025/files "HTTP/1.1 200 OK"
2026-04-08 22:45:18,496 INFO     djen_backup.backfill  {'tribunal': 'TJMMG', 'year': 2025, 'gaps': 365, 'event': 'backfill_tribunal_year', 'level': 'info', 'timestamp': '2026-04-09T02:45:18.496188Z'}
2026-04-08 22:45:18,548 INFO     httpx  HTTP Request: GET https://comunicaapi.pje.jus.br/api/v1/caderno/TJMMG/2025-12-31/D "HTTP/1.1 403 Forbidden"
2026-04-08 22:45:18,550 ERROR    djen_backup.backfill  {'tribunal': 'TJMMG', 'date': '2025-12-31', 'event': 'backfill_download_error', 'level': 'error', 'timestamp': '2026-04-09T02:45:18.549845Z', 'exception': 'Traceback (most recent call last):\n  File "/home/franklin/workspace/causaganha/src/djen_backup/backfill.py", line 557, in backfill_process_date\n    zip_url = await get_caderno_url(client, config.djen_proxy_url, tribunal, d)\n              ^^^^^^^^^^^^^^^^^^^^^^^^^^^^^^^^^^^^^^^^^^^^^^^^^^^^^^^^^^^^^^^^^\n  File "/home/franklin/workspace/causaganha/src/djen_backup/djen.py", line 77, in get_caderno_url\n    resp.raise_for_status()\n  File "/home/franklin/workspace/causaganha/.venv/lib/python3.12/site-packages/httpx/_models.py", line 829, in raise_for_status\n    raise HTTPStatusError(message, request=request, response=self)\nhttpx.HTTPStatusError: Client error \'403 Forbidden\' for url \'https://comunicaapi.pje.jus.br/api/v1/caderno/TJMMG/2025-12-31/D\'\nFor more information check: https://developer.mozilla.org/en-US/docs/Web/HTTP/Status/403'}
Traceback (most recent call last):
  File "/home/franklin/workspace/causaganha/src/djen_backup/backfill.py", line 557, in backfill_process_date
    zip_url = await get_caderno_url(client, config.djen_proxy_url, tribunal, d)
              ^^^^^^^^^^^^^^^^^^^^^^^^^^^^^^^^^^^^^^^^^^^^^^^^^^^^^^^^^^^^^^^^^
  File "/home/franklin/workspace/causaganha/src/djen_backup/djen.py", line 77, in get_caderno_url
    resp.raise_for_status()
  File "/home/franklin/workspace/causaganha/.venv/lib/python3.12/site-packages/httpx/_models.py", line 829, in raise_for_status
    raise HTTPStatusError(message, request=request, response=self)
httpx.HTTPStatusError: Client error '403 Forbidden' for url 'https://comunicaapi.pje.jus.br/api/v1/caderno/TJMMG/2025-12-31/D'
For more information check: https://developer.mozilla.org/en-US/docs/Web/HTTP/Status/403
2026-04-08 22:45:18,628 WARNING  djen_backup.backfill  {'tribunal': 'TJMMG', 'date': '2025-12-31', 'event': 'backfill_item_error', 'level': 'warning', 'timestamp': '2026-04-09T02:45:18.628675Z'}
2026-04-08 22:45:18,679 INFO     httpx  HTTP Request: GET https://comunicaapi.pje.jus.br/api/v1/caderno/TJMMG/2025-12-30/D "HTTP/1.1 403 Forbidden"
2026-04-08 22:45:18,681 ERROR    djen_backup.backfill  {'tribunal': 'TJMMG', 'date': '2025-12-30', 'event': 'backfill_download_error', 'level': 'error', 'timestamp': '2026-04-09T02:45:18.681178Z', 'exception': 'Traceback (most recent call last):\n  File "/home/franklin/workspace/causaganha/src/djen_backup/backfill.py", line 557, in backfill_process_date\n    zip_url = await get_caderno_url(client, config.djen_proxy_url, tribunal, d)\n              ^^^^^^^^^^^^^^^^^^^^^^^^^^^^^^^^^^^^^^^^^^^^^^^^^^^^^^^^^^^^^^^^^\n  File "/home/franklin/workspace/causaganha/src/djen_backup/djen.py", line 77, in get_caderno_url\n    resp.raise_for_status()\n  File "/home/franklin/workspace/causaganha/.venv/lib/python3.12/site-packages/httpx/_models.py", line 829, in raise_for_status\n    raise HTTPStatusError(message, request=request, response=self)\nhttpx.HTTPStatusError: Client error \'403 Forbidden\' for url \'https://comunicaapi.pje.jus.br/api/v1/caderno/TJMMG/2025-12-30/D\'\nFor more information check: https://developer.mozilla.org/en-US/docs/Web/HTTP/Status/403'}
Traceback (most recent call last):
  File "/home/franklin/workspace/causaganha/src/djen_backup/backfill.py", line 557, in backfill_process_date
    zip_url = await get_caderno_url(client, config.djen_proxy_url, tribunal, d)
              ^^^^^^^^^^^^^^^^^^^^^^^^^^^^^^^^^^^^^^^^^^^^^^^^^^^^^^^^^^^^^^^^^
  File "/home/franklin/workspace/causaganha/src/djen_backup/djen.py", line 77, in get_caderno_url
    resp.raise_for_status()
  File "/home/franklin/workspace/causaganha/.venv/lib/python3.12/site-packages/httpx/_models.py", line 829, in raise_for_status
    raise HTTPStatusError(message, request=request, response=self)
httpx.HTTPStatusError: Client error '403 Forbidden' for url 'https://comunicaapi.pje.jus.br/api/v1/caderno/TJMMG/2025-12-30/D'
For more information check: https://developer.mozilla.org/en-US/docs/Web/HTTP/Status/403
2026-04-08 22:45:18,755 WARNING  djen_backup.backfill  {'tribunal': 'TJMMG', 'date': '2025-12-30', 'event': 'backfill_item_error', 'level': 'warning', 'timestamp': '2026-04-09T02:45:18.755519Z'}
2026-04-08 22:45:18,804 INFO     httpx  HTTP Request: GET https://comunicaapi.pje.jus.br/api/v1/caderno/TJMMG/2025-12-29/D "HTTP/1.1 403 Forbidden"
2026-04-08 22:45:18,805 ERROR    djen_backup.backfill  {'tribunal': 'TJMMG', 'date': '2025-12-29', 'event': 'backfill_download_error', 'level': 'error', 'timestamp': '2026-04-09T02:45:18.805147Z', 'exception': 'Traceback (most recent call last):\n  File "/home/franklin/workspace/causaganha/src/djen_backup/backfill.py", line 557, in backfill_process_date\n    zip_url = await get_caderno_url(client, config.djen_proxy_url, tribunal, d)\n              ^^^^^^^^^^^^^^^^^^^^^^^^^^^^^^^^^^^^^^^^^^^^^^^^^^^^^^^^^^^^^^^^^\n  File "/home/franklin/workspace/causaganha/src/djen_backup/djen.py", line 77, in get_caderno_url\n    resp.raise_for_status()\n  File "/home/franklin/workspace/causaganha/.venv/lib/python3.12/site-packages/httpx/_models.py", line 829, in raise_for_status\n    raise HTTPStatusError(message, request=request, response=self)\nhttpx.HTTPStatusError: Client error \'403 Forbidden\' for url \'https://comunicaapi.pje.jus.br/api/v1/caderno/TJMMG/2025-12-29/D\'\nFor more information check: https://developer.mozilla.org/en-US/docs/Web/HTTP/Status/403'}
Traceback (most recent call last):
  File "/home/franklin/workspace/causaganha/src/djen_backup/backfill.py", line 557, in backfill_process_date
    zip_url = await get_caderno_url(client, config.djen_proxy_url, tribunal, d)
              ^^^^^^^^^^^^^^^^^^^^^^^^^^^^^^^^^^^^^^^^^^^^^^^^^^^^^^^^^^^^^^^^^
  File "/home/franklin/workspace/causaganha/src/djen_backup/djen.py", line 77, in get_caderno_url
    resp.raise_for_status()
  File "/home/franklin/workspace/causaganha/.venv/lib/python3.12/site-packages/httpx/_models.py", line 829, in raise_for_status
    raise HTTPStatusError(message, request=request, response=self)
httpx.HTTPStatusError: Client error '403 Forbidden' for url 'https://comunicaapi.pje.jus.br/api/v1/caderno/TJMMG/2025-12-29/D'
For more information check: https://developer.mozilla.org/en-US/docs/Web/HTTP/Status/403
2026-04-08 22:45:18,876 WARNING  djen_backup.backfill  {'tribunal': 'TJMMG', 'date': '2025-12-29', 'event': 'backfill_item_error', 'level': 'warning', 'timestamp': '2026-04-09T02:45:18.876581Z'}
2026-04-08 22:45:18,877 WARNING  djen_backup.backfill  {'tribunal': 'TJMMG', 'year': 2025, 'reason': '3 consecutive errors', 'event': 'backfill_tribunal_skipped', 'level': 'warning', 'timestamp': '2026-04-09T02:45:18.877486Z'}
2026-04-08 22:45:21,766 INFO     httpx  HTTP Request: GET https://archive.org/metadata/djen-tjmrs-2025/files "HTTP/1.1 200 OK"
2026-04-08 22:45:21,768 INFO     djen_backup.backfill  {'tribunal': 'TJMRS', 'year': 2025, 'gaps': 365, 'event': 'backfill_tribunal_year', 'level': 'info', 'timestamp': '2026-04-09T02:45:21.768511Z'}
2026-04-08 22:45:21,817 INFO     httpx  HTTP Request: GET https://comunicaapi.pje.jus.br/api/v1/caderno/TJMRS/2025-12-31/D "HTTP/1.1 403 Forbidden"
2026-04-08 22:45:21,819 ERROR    djen_backup.backfill  {'tribunal': 'TJMRS', 'date': '2025-12-31', 'event': 'backfill_download_error', 'level': 'error', 'timestamp': '2026-04-09T02:45:21.818747Z', 'exception': 'Traceback (most recent call last):\n  File "/home/franklin/workspace/causaganha/src/djen_backup/backfill.py", line 557, in backfill_process_date\n    zip_url = await get_caderno_url(client, config.djen_proxy_url, tribunal, d)\n              ^^^^^^^^^^^^^^^^^^^^^^^^^^^^^^^^^^^^^^^^^^^^^^^^^^^^^^^^^^^^^^^^^\n  File "/home/franklin/workspace/causaganha/src/djen_backup/djen.py", line 77, in get_caderno_url\n    resp.raise_for_status()\n  File "/home/franklin/workspace/causaganha/.venv/lib/python3.12/site-packages/httpx/_models.py", line 829, in raise_for_status\n    raise HTTPStatusError(message, request=request, response=self)\nhttpx.HTTPStatusError: Client error \'403 Forbidden\' for url \'https://comunicaapi.pje.jus.br/api/v1/caderno/TJMRS/2025-12-31/D\'\nFor more information check: https://developer.mozilla.org/en-US/docs/Web/HTTP/Status/403'}
Traceback (most recent call last):
  File "/home/franklin/workspace/causaganha/src/djen_backup/backfill.py", line 557, in backfill_process_date
    zip_url = await get_caderno_url(client, config.djen_proxy_url, tribunal, d)
              ^^^^^^^^^^^^^^^^^^^^^^^^^^^^^^^^^^^^^^^^^^^^^^^^^^^^^^^^^^^^^^^^^
  File "/home/franklin/workspace/causaganha/src/djen_backup/djen.py", line 77, in get_caderno_url
    resp.raise_for_status()
  File "/home/franklin/workspace/causaganha/.venv/lib/python3.12/site-packages/httpx/_models.py", line 829, in raise_for_status
    raise HTTPStatusError(message, request=request, response=self)
httpx.HTTPStatusError: Client error '403 Forbidden' for url 'https://comunicaapi.pje.jus.br/api/v1/caderno/TJMRS/2025-12-31/D'
For more information check: https://developer.mozilla.org/en-US/docs/Web/HTTP/Status/403
2026-04-08 22:45:21,982 WARNING  djen_backup.backfill  {'tribunal': 'TJMRS', 'date': '2025-12-31', 'event': 'backfill_item_error', 'level': 'warning', 'timestamp': '2026-04-09T02:45:21.982730Z'}
2026-04-08 22:45:22,031 INFO     httpx  HTTP Request: GET https://comunicaapi.pje.jus.br/api/v1/caderno/TJMRS/2025-12-30/D "HTTP/1.1 403 Forbidden"
2026-04-08 22:45:22,033 ERROR    djen_backup.backfill  {'tribunal': 'TJMRS', 'date': '2025-12-30', 'event': 'backfill_download_error', 'level': 'error', 'timestamp': '2026-04-09T02:45:22.032949Z', 'exception': 'Traceback (most recent call last):\n  File "/home/franklin/workspace/causaganha/src/djen_backup/backfill.py", line 557, in backfill_process_date\n    zip_url = await get_caderno_url(client, config.djen_proxy_url, tribunal, d)\n              ^^^^^^^^^^^^^^^^^^^^^^^^^^^^^^^^^^^^^^^^^^^^^^^^^^^^^^^^^^^^^^^^^\n  File "/home/franklin/workspace/causaganha/src/djen_backup/djen.py", line 77, in get_caderno_url\n    resp.raise_for_status()\n  File "/home/franklin/workspace/causaganha/.venv/lib/python3.12/site-packages/httpx/_models.py", line 829, in raise_for_status\n    raise HTTPStatusError(message, request=request, response=self)\nhttpx.HTTPStatusError: Client error \'403 Forbidden\' for url \'https://comunicaapi.pje.jus.br/api/v1/caderno/TJMRS/2025-12-30/D\'\nFor more information check: https://developer.mozilla.org/en-US/docs/Web/HTTP/Status/403'}
Traceback (most recent call last):
  File "/home/franklin/workspace/causaganha/src/djen_backup/backfill.py", line 557, in backfill_process_date
    zip_url = await get_caderno_url(client, config.djen_proxy_url, tribunal, d)
              ^^^^^^^^^^^^^^^^^^^^^^^^^^^^^^^^^^^^^^^^^^^^^^^^^^^^^^^^^^^^^^^^^
  File "/home/franklin/workspace/causaganha/src/djen_backup/djen.py", line 77, in get_caderno_url
    resp.raise_for_status()
  File "/home/franklin/workspace/causaganha/.venv/lib/python3.12/site-packages/httpx/_models.py", line 829, in raise_for_status
    raise HTTPStatusError(message, request=request, response=self)
httpx.HTTPStatusError: Client error '403 Forbidden' for url 'https://comunicaapi.pje.jus.br/api/v1/caderno/TJMRS/2025-12-30/D'
For more information check: https://developer.mozilla.org/en-US/docs/Web/HTTP/Status/403
2026-04-08 22:45:22,109 WARNING  djen_backup.backfill  {'tribunal': 'TJMRS', 'date': '2025-12-30', 'event': 'backfill_item_error', 'level': 'warning', 'timestamp': '2026-04-09T02:45:22.109078Z'}
2026-04-08 22:45:22,159 INFO     httpx  HTTP Request: GET https://comunicaapi.pje.jus.br/api/v1/caderno/TJMRS/2025-12-29/D "HTTP/1.1 403 Forbidden"
2026-04-08 22:45:22,161 ERROR    djen_backup.backfill  {'tribunal': 'TJMRS', 'date': '2025-12-29', 'event': 'backfill_download_error', 'level': 'error', 'timestamp': '2026-04-09T02:45:22.161037Z', 'exception': 'Traceback (most recent call last):\n  File "/home/franklin/workspace/causaganha/src/djen_backup/backfill.py", line 557, in backfill_process_date\n    zip_url = await get_caderno_url(client, config.djen_proxy_url, tribunal, d)\n              ^^^^^^^^^^^^^^^^^^^^^^^^^^^^^^^^^^^^^^^^^^^^^^^^^^^^^^^^^^^^^^^^^\n  File "/home/franklin/workspace/causaganha/src/djen_backup/djen.py", line 77, in get_caderno_url\n    resp.raise_for_status()\n  File "/home/franklin/workspace/causaganha/.venv/lib/python3.12/site-packages/httpx/_models.py", line 829, in raise_for_status\n    raise HTTPStatusError(message, request=request, response=self)\nhttpx.HTTPStatusError: Client error \'403 Forbidden\' for url \'https://comunicaapi.pje.jus.br/api/v1/caderno/TJMRS/2025-12-29/D\'\nFor more information check: https://developer.mozilla.org/en-US/docs/Web/HTTP/Status/403'}
Traceback (most recent call last):
  File "/home/franklin/workspace/causaganha/src/djen_backup/backfill.py", line 557, in backfill_process_date
    zip_url = await get_caderno_url(client, config.djen_proxy_url, tribunal, d)
              ^^^^^^^^^^^^^^^^^^^^^^^^^^^^^^^^^^^^^^^^^^^^^^^^^^^^^^^^^^^^^^^^^
  File "/home/franklin/workspace/causaganha/src/djen_backup/djen.py", line 77, in get_caderno_url
    resp.raise_for_status()
  File "/home/franklin/workspace/causaganha/.venv/lib/python3.12/site-packages/httpx/_models.py", line 829, in raise_for_status
    raise HTTPStatusError(message, request=request, response=self)
httpx.HTTPStatusError: Client error '403 Forbidden' for url 'https://comunicaapi.pje.jus.br/api/v1/caderno/TJMRS/2025-12-29/D'
For more information check: https://developer.mozilla.org/en-US/docs/Web/HTTP/Status/403
2026-04-08 22:45:22,234 WARNING  djen_backup.backfill  {'tribunal': 'TJMRS', 'date': '2025-12-29', 'event': 'backfill_item_error', 'level': 'warning', 'timestamp': '2026-04-09T02:45:22.234108Z'}
2026-04-08 22:45:22,235 WARNING  djen_backup.backfill  {'tribunal': 'TJMRS', 'year': 2025, 'reason': '3 consecutive errors', 'event': 'backfill_tribunal_skipped', 'level': 'warning', 'timestamp': '2026-04-09T02:45:22.235211Z'}
2026-04-08 22:45:24,783 INFO     httpx  HTTP Request: GET https://archive.org/metadata/djen-tjms-2025/files "HTTP/1.1 200 OK"
2026-04-08 22:45:24,785 INFO     djen_backup.backfill  {'tribunal': 'TJMS', 'year': 2025, 'gaps': 365, 'event': 'backfill_tribunal_year', 'level': 'info', 'timestamp': '2026-04-09T02:45:24.785777Z'}
2026-04-08 22:45:24,837 INFO     httpx  HTTP Request: GET https://comunicaapi.pje.jus.br/api/v1/caderno/TJMS/2025-12-31/D "HTTP/1.1 403 Forbidden"
2026-04-08 22:45:24,840 ERROR    djen_backup.backfill  {'tribunal': 'TJMS', 'date': '2025-12-31', 'event': 'backfill_download_error', 'level': 'error', 'timestamp': '2026-04-09T02:45:24.839699Z', 'exception': 'Traceback (most recent call last):\n  File "/home/franklin/workspace/causaganha/src/djen_backup/backfill.py", line 557, in backfill_process_date\n    zip_url = await get_caderno_url(client, config.djen_proxy_url, tribunal, d)\n              ^^^^^^^^^^^^^^^^^^^^^^^^^^^^^^^^^^^^^^^^^^^^^^^^^^^^^^^^^^^^^^^^^\n  File "/home/franklin/workspace/causaganha/src/djen_backup/djen.py", line 77, in get_caderno_url\n    resp.raise_for_status()\n  File "/home/franklin/workspace/causaganha/.venv/lib/python3.12/site-packages/httpx/_models.py", line 829, in raise_for_status\n    raise HTTPStatusError(message, request=request, response=self)\nhttpx.HTTPStatusError: Client error \'403 Forbidden\' for url \'https://comunicaapi.pje.jus.br/api/v1/caderno/TJMS/2025-12-31/D\'\nFor more information check: https://developer.mozilla.org/en-US/docs/Web/HTTP/Status/403'}
Traceback (most recent call last):
  File "/home/franklin/workspace/causaganha/src/djen_backup/backfill.py", line 557, in backfill_process_date
    zip_url = await get_caderno_url(client, config.djen_proxy_url, tribunal, d)
              ^^^^^^^^^^^^^^^^^^^^^^^^^^^^^^^^^^^^^^^^^^^^^^^^^^^^^^^^^^^^^^^^^
  File "/home/franklin/workspace/causaganha/src/djen_backup/djen.py", line 77, in get_caderno_url
    resp.raise_for_status()
  File "/home/franklin/workspace/causaganha/.venv/lib/python3.12/site-packages/httpx/_models.py", line 829, in raise_for_status
    raise HTTPStatusError(message, request=request, response=self)
httpx.HTTPStatusError: Client error '403 Forbidden' for url 'https://comunicaapi.pje.jus.br/api/v1/caderno/TJMS/2025-12-31/D'
For more information check: https://developer.mozilla.org/en-US/docs/Web/HTTP/Status/403
2026-04-08 22:45:24,915 WARNING  djen_backup.backfill  {'tribunal': 'TJMS', 'date': '2025-12-31', 'event': 'backfill_item_error', 'level': 'warning', 'timestamp': '2026-04-09T02:45:24.915662Z'}
2026-04-08 22:45:24,967 INFO     httpx  HTTP Request: GET https://comunicaapi.pje.jus.br/api/v1/caderno/TJMS/2025-12-30/D "HTTP/1.1 403 Forbidden"
2026-04-08 22:45:24,970 ERROR    djen_backup.backfill  {'tribunal': 'TJMS', 'date': '2025-12-30', 'event': 'backfill_download_error', 'level': 'error', 'timestamp': '2026-04-09T02:45:24.969628Z', 'exception': 'Traceback (most recent call last):\n  File "/home/franklin/workspace/causaganha/src/djen_backup/backfill.py", line 557, in backfill_process_date\n    zip_url = await get_caderno_url(client, config.djen_proxy_url, tribunal, d)\n              ^^^^^^^^^^^^^^^^^^^^^^^^^^^^^^^^^^^^^^^^^^^^^^^^^^^^^^^^^^^^^^^^^\n  File "/home/franklin/workspace/causaganha/src/djen_backup/djen.py", line 77, in get_caderno_url\n    resp.raise_for_status()\n  File "/home/franklin/workspace/causaganha/.venv/lib/python3.12/site-packages/httpx/_models.py", line 829, in raise_for_status\n    raise HTTPStatusError(message, request=request, response=self)\nhttpx.HTTPStatusError: Client error \'403 Forbidden\' for url \'https://comunicaapi.pje.jus.br/api/v1/caderno/TJMS/2025-12-30/D\'\nFor more information check: https://developer.mozilla.org/en-US/docs/Web/HTTP/Status/403'}
Traceback (most recent call last):
  File "/home/franklin/workspace/causaganha/src/djen_backup/backfill.py", line 557, in backfill_process_date
    zip_url = await get_caderno_url(client, config.djen_proxy_url, tribunal, d)
              ^^^^^^^^^^^^^^^^^^^^^^^^^^^^^^^^^^^^^^^^^^^^^^^^^^^^^^^^^^^^^^^^^
  File "/home/franklin/workspace/causaganha/src/djen_backup/djen.py", line 77, in get_caderno_url
    resp.raise_for_status()
  File "/home/franklin/workspace/causaganha/.venv/lib/python3.12/site-packages/httpx/_models.py", line 829, in raise_for_status
    raise HTTPStatusError(message, request=request, response=self)
httpx.HTTPStatusError: Client error '403 Forbidden' for url 'https://comunicaapi.pje.jus.br/api/v1/caderno/TJMS/2025-12-30/D'
For more information check: https://developer.mozilla.org/en-US/docs/Web/HTTP/Status/403
2026-04-08 22:45:25,041 WARNING  djen_backup.backfill  {'tribunal': 'TJMS', 'date': '2025-12-30', 'event': 'backfill_item_error', 'level': 'warning', 'timestamp': '2026-04-09T02:45:25.041264Z'}
2026-04-08 22:45:25,091 INFO     httpx  HTTP Request: GET https://comunicaapi.pje.jus.br/api/v1/caderno/TJMS/2025-12-29/D "HTTP/1.1 403 Forbidden"
2026-04-08 22:45:25,092 ERROR    djen_backup.backfill  {'tribunal': 'TJMS', 'date': '2025-12-29', 'event': 'backfill_download_error', 'level': 'error', 'timestamp': '2026-04-09T02:45:25.092471Z', 'exception': 'Traceback (most recent call last):\n  File "/home/franklin/workspace/causaganha/src/djen_backup/backfill.py", line 557, in backfill_process_date\n    zip_url = await get_caderno_url(client, config.djen_proxy_url, tribunal, d)\n              ^^^^^^^^^^^^^^^^^^^^^^^^^^^^^^^^^^^^^^^^^^^^^^^^^^^^^^^^^^^^^^^^^\n  File "/home/franklin/workspace/causaganha/src/djen_backup/djen.py", line 77, in get_caderno_url\n    resp.raise_for_status()\n  File "/home/franklin/workspace/causaganha/.venv/lib/python3.12/site-packages/httpx/_models.py", line 829, in raise_for_status\n    raise HTTPStatusError(message, request=request, response=self)\nhttpx.HTTPStatusError: Client error \'403 Forbidden\' for url \'https://comunicaapi.pje.jus.br/api/v1/caderno/TJMS/2025-12-29/D\'\nFor more information check: https://developer.mozilla.org/en-US/docs/Web/HTTP/Status/403'}
Traceback (most recent call last):
  File "/home/franklin/workspace/causaganha/src/djen_backup/backfill.py", line 557, in backfill_process_date
    zip_url = await get_caderno_url(client, config.djen_proxy_url, tribunal, d)
              ^^^^^^^^^^^^^^^^^^^^^^^^^^^^^^^^^^^^^^^^^^^^^^^^^^^^^^^^^^^^^^^^^
  File "/home/franklin/workspace/causaganha/src/djen_backup/djen.py", line 77, in get_caderno_url
    resp.raise_for_status()
  File "/home/franklin/workspace/causaganha/.venv/lib/python3.12/site-packages/httpx/_models.py", line 829, in raise_for_status
    raise HTTPStatusError(message, request=request, response=self)
httpx.HTTPStatusError: Client error '403 Forbidden' for url 'https://comunicaapi.pje.jus.br/api/v1/caderno/TJMS/2025-12-29/D'
For more information check: https://developer.mozilla.org/en-US/docs/Web/HTTP/Status/403
2026-04-08 22:45:25,162 WARNING  djen_backup.backfill  {'tribunal': 'TJMS', 'date': '2025-12-29', 'event': 'backfill_item_error', 'level': 'warning', 'timestamp': '2026-04-09T02:45:25.162565Z'}
2026-04-08 22:45:25,163 WARNING  djen_backup.backfill  {'tribunal': 'TJMS', 'year': 2025, 'reason': '3 consecutive errors', 'event': 'backfill_tribunal_skipped', 'level': 'warning', 'timestamp': '2026-04-09T02:45:25.163567Z'}
2026-04-08 22:45:27,810 INFO     httpx  HTTP Request: GET https://archive.org/metadata/djen-tjmsp-2025/files "HTTP/1.1 200 OK"
2026-04-08 22:45:27,812 INFO     djen_backup.backfill  {'tribunal': 'TJMSP', 'year': 2025, 'gaps': 365, 'event': 'backfill_tribunal_year', 'level': 'info', 'timestamp': '2026-04-09T02:45:27.812020Z'}
2026-04-08 22:45:27,860 INFO     httpx  HTTP Request: GET https://comunicaapi.pje.jus.br/api/v1/caderno/TJMSP/2025-12-31/D "HTTP/1.1 403 Forbidden"
2026-04-08 22:45:27,862 ERROR    djen_backup.backfill  {'tribunal': 'TJMSP', 'date': '2025-12-31', 'event': 'backfill_download_error', 'level': 'error', 'timestamp': '2026-04-09T02:45:27.862055Z', 'exception': 'Traceback (most recent call last):\n  File "/home/franklin/workspace/causaganha/src/djen_backup/backfill.py", line 557, in backfill_process_date\n    zip_url = await get_caderno_url(client, config.djen_proxy_url, tribunal, d)\n              ^^^^^^^^^^^^^^^^^^^^^^^^^^^^^^^^^^^^^^^^^^^^^^^^^^^^^^^^^^^^^^^^^\n  File "/home/franklin/workspace/causaganha/src/djen_backup/djen.py", line 77, in get_caderno_url\n    resp.raise_for_status()\n  File "/home/franklin/workspace/causaganha/.venv/lib/python3.12/site-packages/httpx/_models.py", line 829, in raise_for_status\n    raise HTTPStatusError(message, request=request, response=self)\nhttpx.HTTPStatusError: Client error \'403 Forbidden\' for url \'https://comunicaapi.pje.jus.br/api/v1/caderno/TJMSP/2025-12-31/D\'\nFor more information check: https://developer.mozilla.org/en-US/docs/Web/HTTP/Status/403'}
Traceback (most recent call last):
  File "/home/franklin/workspace/causaganha/src/djen_backup/backfill.py", line 557, in backfill_process_date
    zip_url = await get_caderno_url(client, config.djen_proxy_url, tribunal, d)
              ^^^^^^^^^^^^^^^^^^^^^^^^^^^^^^^^^^^^^^^^^^^^^^^^^^^^^^^^^^^^^^^^^
  File "/home/franklin/workspace/causaganha/src/djen_backup/djen.py", line 77, in get_caderno_url
    resp.raise_for_status()
  File "/home/franklin/workspace/causaganha/.venv/lib/python3.12/site-packages/httpx/_models.py", line 829, in raise_for_status
    raise HTTPStatusError(message, request=request, response=self)
httpx.HTTPStatusError: Client error '403 Forbidden' for url 'https://comunicaapi.pje.jus.br/api/v1/caderno/TJMSP/2025-12-31/D'
For more information check: https://developer.mozilla.org/en-US/docs/Web/HTTP/Status/403
2026-04-08 22:45:27,952 WARNING  djen_backup.backfill  {'tribunal': 'TJMSP', 'date': '2025-12-31', 'event': 'backfill_item_error', 'level': 'warning', 'timestamp': '2026-04-09T02:45:27.952286Z'}
2026-04-08 22:45:28,000 INFO     httpx  HTTP Request: GET https://comunicaapi.pje.jus.br/api/v1/caderno/TJMSP/2025-12-30/D "HTTP/1.1 403 Forbidden"
2026-04-08 22:45:28,002 ERROR    djen_backup.backfill  {'tribunal': 'TJMSP', 'date': '2025-12-30', 'event': 'backfill_download_error', 'level': 'error', 'timestamp': '2026-04-09T02:45:28.001834Z', 'exception': 'Traceback (most recent call last):\n  File "/home/franklin/workspace/causaganha/src/djen_backup/backfill.py", line 557, in backfill_process_date\n    zip_url = await get_caderno_url(client, config.djen_proxy_url, tribunal, d)\n              ^^^^^^^^^^^^^^^^^^^^^^^^^^^^^^^^^^^^^^^^^^^^^^^^^^^^^^^^^^^^^^^^^\n  File "/home/franklin/workspace/causaganha/src/djen_backup/djen.py", line 77, in get_caderno_url\n    resp.raise_for_status()\n  File "/home/franklin/workspace/causaganha/.venv/lib/python3.12/site-packages/httpx/_models.py", line 829, in raise_for_status\n    raise HTTPStatusError(message, request=request, response=self)\nhttpx.HTTPStatusError: Client error \'403 Forbidden\' for url \'https://comunicaapi.pje.jus.br/api/v1/caderno/TJMSP/2025-12-30/D\'\nFor more information check: https://developer.mozilla.org/en-US/docs/Web/HTTP/Status/403'}
Traceback (most recent call last):
  File "/home/franklin/workspace/causaganha/src/djen_backup/backfill.py", line 557, in backfill_process_date
    zip_url = await get_caderno_url(client, config.djen_proxy_url, tribunal, d)
              ^^^^^^^^^^^^^^^^^^^^^^^^^^^^^^^^^^^^^^^^^^^^^^^^^^^^^^^^^^^^^^^^^
  File "/home/franklin/workspace/causaganha/src/djen_backup/djen.py", line 77, in get_caderno_url
    resp.raise_for_status()
  File "/home/franklin/workspace/causaganha/.venv/lib/python3.12/site-packages/httpx/_models.py", line 829, in raise_for_status
    raise HTTPStatusError(message, request=request, response=self)
httpx.HTTPStatusError: Client error '403 Forbidden' for url 'https://comunicaapi.pje.jus.br/api/v1/caderno/TJMSP/2025-12-30/D'
For more information check: https://developer.mozilla.org/en-US/docs/Web/HTTP/Status/403
2026-04-08 22:45:28,090 WARNING  djen_backup.backfill  {'tribunal': 'TJMSP', 'date': '2025-12-30', 'event': 'backfill_item_error', 'level': 'warning', 'timestamp': '2026-04-09T02:45:28.089983Z'}
2026-04-08 22:45:28,138 INFO     httpx  HTTP Request: GET https://comunicaapi.pje.jus.br/api/v1/caderno/TJMSP/2025-12-29/D "HTTP/1.1 403 Forbidden"
2026-04-08 22:45:28,140 ERROR    djen_backup.backfill  {'tribunal': 'TJMSP', 'date': '2025-12-29', 'event': 'backfill_download_error', 'level': 'error', 'timestamp': '2026-04-09T02:45:28.140205Z', 'exception': 'Traceback (most recent call last):\n  File "/home/franklin/workspace/causaganha/src/djen_backup/backfill.py", line 557, in backfill_process_date\n    zip_url = await get_caderno_url(client, config.djen_proxy_url, tribunal, d)\n              ^^^^^^^^^^^^^^^^^^^^^^^^^^^^^^^^^^^^^^^^^^^^^^^^^^^^^^^^^^^^^^^^^\n  File "/home/franklin/workspace/causaganha/src/djen_backup/djen.py", line 77, in get_caderno_url\n    resp.raise_for_status()\n  File "/home/franklin/workspace/causaganha/.venv/lib/python3.12/site-packages/httpx/_models.py", line 829, in raise_for_status\n    raise HTTPStatusError(message, request=request, response=self)\nhttpx.HTTPStatusError: Client error \'403 Forbidden\' for url \'https://comunicaapi.pje.jus.br/api/v1/caderno/TJMSP/2025-12-29/D\'\nFor more information check: https://developer.mozilla.org/en-US/docs/Web/HTTP/Status/403'}
Traceback (most recent call last):
  File "/home/franklin/workspace/causaganha/src/djen_backup/backfill.py", line 557, in backfill_process_date
    zip_url = await get_caderno_url(client, config.djen_proxy_url, tribunal, d)
              ^^^^^^^^^^^^^^^^^^^^^^^^^^^^^^^^^^^^^^^^^^^^^^^^^^^^^^^^^^^^^^^^^
  File "/home/franklin/workspace/causaganha/src/djen_backup/djen.py", line 77, in get_caderno_url
    resp.raise_for_status()
  File "/home/franklin/workspace/causaganha/.venv/lib/python3.12/site-packages/httpx/_models.py", line 829, in raise_for_status
    raise HTTPStatusError(message, request=request, response=self)
httpx.HTTPStatusError: Client error '403 Forbidden' for url 'https://comunicaapi.pje.jus.br/api/v1/caderno/TJMSP/2025-12-29/D'
For more information check: https://developer.mozilla.org/en-US/docs/Web/HTTP/Status/403
2026-04-08 22:45:28,225 WARNING  djen_backup.backfill  {'tribunal': 'TJMSP', 'date': '2025-12-29', 'event': 'backfill_item_error', 'level': 'warning', 'timestamp': '2026-04-09T02:45:28.225142Z'}
2026-04-08 22:45:28,226 WARNING  djen_backup.backfill  {'tribunal': 'TJMSP', 'year': 2025, 'reason': '3 consecutive errors', 'event': 'backfill_tribunal_skipped', 'level': 'warning', 'timestamp': '2026-04-09T02:45:28.226154Z'}
2026-04-08 22:45:28,632 INFO     httpx  HTTP Request: GET https://archive.org/metadata/djen-tjmt-2025/files "HTTP/1.1 200 OK"
2026-04-08 22:45:28,635 INFO     djen_backup.backfill  {'tribunal': 'TJMT', 'year': 2025, 'gaps': 263, 'event': 'backfill_tribunal_year', 'level': 'info', 'timestamp': '2026-04-09T02:45:28.635056Z'}
2026-04-08 22:45:28,684 INFO     httpx  HTTP Request: GET https://comunicaapi.pje.jus.br/api/v1/caderno/TJMT/2025-11-30/D "HTTP/1.1 403 Forbidden"
2026-04-08 22:45:28,685 ERROR    djen_backup.backfill  {'tribunal': 'TJMT', 'date': '2025-11-30', 'event': 'backfill_download_error', 'level': 'error', 'timestamp': '2026-04-09T02:45:28.685722Z', 'exception': 'Traceback (most recent call last):\n  File "/home/franklin/workspace/causaganha/src/djen_backup/backfill.py", line 557, in backfill_process_date\n    zip_url = await get_caderno_url(client, config.djen_proxy_url, tribunal, d)\n              ^^^^^^^^^^^^^^^^^^^^^^^^^^^^^^^^^^^^^^^^^^^^^^^^^^^^^^^^^^^^^^^^^\n  File "/home/franklin/workspace/causaganha/src/djen_backup/djen.py", line 77, in get_caderno_url\n    resp.raise_for_status()\n  File "/home/franklin/workspace/causaganha/.venv/lib/python3.12/site-packages/httpx/_models.py", line 829, in raise_for_status\n    raise HTTPStatusError(message, request=request, response=self)\nhttpx.HTTPStatusError: Client error \'403 Forbidden\' for url \'https://comunicaapi.pje.jus.br/api/v1/caderno/TJMT/2025-11-30/D\'\nFor more information check: https://developer.mozilla.org/en-US/docs/Web/HTTP/Status/403'}
Traceback (most recent call last):
  File "/home/franklin/workspace/causaganha/src/djen_backup/backfill.py", line 557, in backfill_process_date
    zip_url = await get_caderno_url(client, config.djen_proxy_url, tribunal, d)
              ^^^^^^^^^^^^^^^^^^^^^^^^^^^^^^^^^^^^^^^^^^^^^^^^^^^^^^^^^^^^^^^^^
  File "/home/franklin/workspace/causaganha/src/djen_backup/djen.py", line 77, in get_caderno_url
    resp.raise_for_status()
  File "/home/franklin/workspace/causaganha/.venv/lib/python3.12/site-packages/httpx/_models.py", line 829, in raise_for_status
    raise HTTPStatusError(message, request=request, response=self)
httpx.HTTPStatusError: Client error '403 Forbidden' for url 'https://comunicaapi.pje.jus.br/api/v1/caderno/TJMT/2025-11-30/D'
For more information check: https://developer.mozilla.org/en-US/docs/Web/HTTP/Status/403
2026-04-08 22:45:28,756 WARNING  djen_backup.backfill  {'tribunal': 'TJMT', 'date': '2025-11-30', 'event': 'backfill_item_error', 'level': 'warning', 'timestamp': '2026-04-09T02:45:28.756166Z'}
2026-04-08 22:45:28,804 INFO     httpx  HTTP Request: GET https://comunicaapi.pje.jus.br/api/v1/caderno/TJMT/2025-11-29/D "HTTP/1.1 403 Forbidden"
2026-04-08 22:45:28,806 ERROR    djen_backup.backfill  {'tribunal': 'TJMT', 'date': '2025-11-29', 'event': 'backfill_download_error', 'level': 'error', 'timestamp': '2026-04-09T02:45:28.806294Z', 'exception': 'Traceback (most recent call last):\n  File "/home/franklin/workspace/causaganha/src/djen_backup/backfill.py", line 557, in backfill_process_date\n    zip_url = await get_caderno_url(client, config.djen_proxy_url, tribunal, d)\n              ^^^^^^^^^^^^^^^^^^^^^^^^^^^^^^^^^^^^^^^^^^^^^^^^^^^^^^^^^^^^^^^^^\n  File "/home/franklin/workspace/causaganha/src/djen_backup/djen.py", line 77, in get_caderno_url\n    resp.raise_for_status()\n  File "/home/franklin/workspace/causaganha/.venv/lib/python3.12/site-packages/httpx/_models.py", line 829, in raise_for_status\n    raise HTTPStatusError(message, request=request, response=self)\nhttpx.HTTPStatusError: Client error \'403 Forbidden\' for url \'https://comunicaapi.pje.jus.br/api/v1/caderno/TJMT/2025-11-29/D\'\nFor more information check: https://developer.mozilla.org/en-US/docs/Web/HTTP/Status/403'}
Traceback (most recent call last):
  File "/home/franklin/workspace/causaganha/src/djen_backup/backfill.py", line 557, in backfill_process_date
    zip_url = await get_caderno_url(client, config.djen_proxy_url, tribunal, d)
              ^^^^^^^^^^^^^^^^^^^^^^^^^^^^^^^^^^^^^^^^^^^^^^^^^^^^^^^^^^^^^^^^^
  File "/home/franklin/workspace/causaganha/src/djen_backup/djen.py", line 77, in get_caderno_url
    resp.raise_for_status()
  File "/home/franklin/workspace/causaganha/.venv/lib/python3.12/site-packages/httpx/_models.py", line 829, in raise_for_status
    raise HTTPStatusError(message, request=request, response=self)
httpx.HTTPStatusError: Client error '403 Forbidden' for url 'https://comunicaapi.pje.jus.br/api/v1/caderno/TJMT/2025-11-29/D'
For more information check: https://developer.mozilla.org/en-US/docs/Web/HTTP/Status/403
2026-04-08 22:45:28,877 WARNING  djen_backup.backfill  {'tribunal': 'TJMT', 'date': '2025-11-29', 'event': 'backfill_item_error', 'level': 'warning', 'timestamp': '2026-04-09T02:45:28.877595Z'}
2026-04-08 22:45:28,926 INFO     httpx  HTTP Request: GET https://comunicaapi.pje.jus.br/api/v1/caderno/TJMT/2025-11-23/D "HTTP/1.1 403 Forbidden"
2026-04-08 22:45:28,928 ERROR    djen_backup.backfill  {'tribunal': 'TJMT', 'date': '2025-11-23', 'event': 'backfill_download_error', 'level': 'error', 'timestamp': '2026-04-09T02:45:28.927750Z', 'exception': 'Traceback (most recent call last):\n  File "/home/franklin/workspace/causaganha/src/djen_backup/backfill.py", line 557, in backfill_process_date\n    zip_url = await get_caderno_url(client, config.djen_proxy_url, tribunal, d)\n              ^^^^^^^^^^^^^^^^^^^^^^^^^^^^^^^^^^^^^^^^^^^^^^^^^^^^^^^^^^^^^^^^^\n  File "/home/franklin/workspace/causaganha/src/djen_backup/djen.py", line 77, in get_caderno_url\n    resp.raise_for_status()\n  File "/home/franklin/workspace/causaganha/.venv/lib/python3.12/site-packages/httpx/_models.py", line 829, in raise_for_status\n    raise HTTPStatusError(message, request=request, response=self)\nhttpx.HTTPStatusError: Client error \'403 Forbidden\' for url \'https://comunicaapi.pje.jus.br/api/v1/caderno/TJMT/2025-11-23/D\'\nFor more information check: https://developer.mozilla.org/en-US/docs/Web/HTTP/Status/403'}
Traceback (most recent call last):
  File "/home/franklin/workspace/causaganha/src/djen_backup/backfill.py", line 557, in backfill_process_date
    zip_url = await get_caderno_url(client, config.djen_proxy_url, tribunal, d)
              ^^^^^^^^^^^^^^^^^^^^^^^^^^^^^^^^^^^^^^^^^^^^^^^^^^^^^^^^^^^^^^^^^
  File "/home/franklin/workspace/causaganha/src/djen_backup/djen.py", line 77, in get_caderno_url
    resp.raise_for_status()
  File "/home/franklin/workspace/causaganha/.venv/lib/python3.12/site-packages/httpx/_models.py", line 829, in raise_for_status
    raise HTTPStatusError(message, request=request, response=self)
httpx.HTTPStatusError: Client error '403 Forbidden' for url 'https://comunicaapi.pje.jus.br/api/v1/caderno/TJMT/2025-11-23/D'
For more information check: https://developer.mozilla.org/en-US/docs/Web/HTTP/Status/403
2026-04-08 22:45:28,998 WARNING  djen_backup.backfill  {'tribunal': 'TJMT', 'date': '2025-11-23', 'event': 'backfill_item_error', 'level': 'warning', 'timestamp': '2026-04-09T02:45:28.998661Z'}
2026-04-08 22:45:28,999 WARNING  djen_backup.backfill  {'tribunal': 'TJMT', 'year': 2025, 'reason': '3 consecutive errors', 'event': 'backfill_tribunal_skipped', 'level': 'warning', 'timestamp': '2026-04-09T02:45:28.999704Z'}
2026-04-08 22:45:29,585 INFO     httpx  HTTP Request: GET https://archive.org/metadata/djen-tjpa-2025/files "HTTP/1.1 200 OK"
2026-04-08 22:45:29,588 INFO     djen_backup.backfill  {'tribunal': 'TJPA', 'year': 2025, 'gaps': 263, 'event': 'backfill_tribunal_year', 'level': 'info', 'timestamp': '2026-04-09T02:45:29.588741Z'}
2026-04-08 22:45:29,637 INFO     httpx  HTTP Request: GET https://comunicaapi.pje.jus.br/api/v1/caderno/TJPA/2025-11-30/D "HTTP/1.1 403 Forbidden"
2026-04-08 22:45:29,638 ERROR    djen_backup.backfill  {'tribunal': 'TJPA', 'date': '2025-11-30', 'event': 'backfill_download_error', 'level': 'error', 'timestamp': '2026-04-09T02:45:29.638490Z', 'exception': 'Traceback (most recent call last):\n  File "/home/franklin/workspace/causaganha/src/djen_backup/backfill.py", line 557, in backfill_process_date\n    zip_url = await get_caderno_url(client, config.djen_proxy_url, tribunal, d)\n              ^^^^^^^^^^^^^^^^^^^^^^^^^^^^^^^^^^^^^^^^^^^^^^^^^^^^^^^^^^^^^^^^^\n  File "/home/franklin/workspace/causaganha/src/djen_backup/djen.py", line 77, in get_caderno_url\n    resp.raise_for_status()\n  File "/home/franklin/workspace/causaganha/.venv/lib/python3.12/site-packages/httpx/_models.py", line 829, in raise_for_status\n    raise HTTPStatusError(message, request=request, response=self)\nhttpx.HTTPStatusError: Client error \'403 Forbidden\' for url \'https://comunicaapi.pje.jus.br/api/v1/caderno/TJPA/2025-11-30/D\'\nFor more information check: https://developer.mozilla.org/en-US/docs/Web/HTTP/Status/403'}
Traceback (most recent call last):
  File "/home/franklin/workspace/causaganha/src/djen_backup/backfill.py", line 557, in backfill_process_date
    zip_url = await get_caderno_url(client, config.djen_proxy_url, tribunal, d)
              ^^^^^^^^^^^^^^^^^^^^^^^^^^^^^^^^^^^^^^^^^^^^^^^^^^^^^^^^^^^^^^^^^
  File "/home/franklin/workspace/causaganha/src/djen_backup/djen.py", line 77, in get_caderno_url
    resp.raise_for_status()
  File "/home/franklin/workspace/causaganha/.venv/lib/python3.12/site-packages/httpx/_models.py", line 829, in raise_for_status
    raise HTTPStatusError(message, request=request, response=self)
httpx.HTTPStatusError: Client error '403 Forbidden' for url 'https://comunicaapi.pje.jus.br/api/v1/caderno/TJPA/2025-11-30/D'
For more information check: https://developer.mozilla.org/en-US/docs/Web/HTTP/Status/403
2026-04-08 22:45:29,711 WARNING  djen_backup.backfill  {'tribunal': 'TJPA', 'date': '2025-11-30', 'event': 'backfill_item_error', 'level': 'warning', 'timestamp': '2026-04-09T02:45:29.711013Z'}
2026-04-08 22:45:29,760 INFO     httpx  HTTP Request: GET https://comunicaapi.pje.jus.br/api/v1/caderno/TJPA/2025-11-29/D "HTTP/1.1 403 Forbidden"
2026-04-08 22:45:29,762 ERROR    djen_backup.backfill  {'tribunal': 'TJPA', 'date': '2025-11-29', 'event': 'backfill_download_error', 'level': 'error', 'timestamp': '2026-04-09T02:45:29.762031Z', 'exception': 'Traceback (most recent call last):\n  File "/home/franklin/workspace/causaganha/src/djen_backup/backfill.py", line 557, in backfill_process_date\n    zip_url = await get_caderno_url(client, config.djen_proxy_url, tribunal, d)\n              ^^^^^^^^^^^^^^^^^^^^^^^^^^^^^^^^^^^^^^^^^^^^^^^^^^^^^^^^^^^^^^^^^\n  File "/home/franklin/workspace/causaganha/src/djen_backup/djen.py", line 77, in get_caderno_url\n    resp.raise_for_status()\n  File "/home/franklin/workspace/causaganha/.venv/lib/python3.12/site-packages/httpx/_models.py", line 829, in raise_for_status\n    raise HTTPStatusError(message, request=request, response=self)\nhttpx.HTTPStatusError: Client error \'403 Forbidden\' for url \'https://comunicaapi.pje.jus.br/api/v1/caderno/TJPA/2025-11-29/D\'\nFor more information check: https://developer.mozilla.org/en-US/docs/Web/HTTP/Status/403'}
Traceback (most recent call last):
  File "/home/franklin/workspace/causaganha/src/djen_backup/backfill.py", line 557, in backfill_process_date
    zip_url = await get_caderno_url(client, config.djen_proxy_url, tribunal, d)
              ^^^^^^^^^^^^^^^^^^^^^^^^^^^^^^^^^^^^^^^^^^^^^^^^^^^^^^^^^^^^^^^^^
  File "/home/franklin/workspace/causaganha/src/djen_backup/djen.py", line 77, in get_caderno_url
    resp.raise_for_status()
  File "/home/franklin/workspace/causaganha/.venv/lib/python3.12/site-packages/httpx/_models.py", line 829, in raise_for_status
    raise HTTPStatusError(message, request=request, response=self)
httpx.HTTPStatusError: Client error '403 Forbidden' for url 'https://comunicaapi.pje.jus.br/api/v1/caderno/TJPA/2025-11-29/D'
For more information check: https://developer.mozilla.org/en-US/docs/Web/HTTP/Status/403
2026-04-08 22:45:29,924 WARNING  djen_backup.backfill  {'tribunal': 'TJPA', 'date': '2025-11-29', 'event': 'backfill_item_error', 'level': 'warning', 'timestamp': '2026-04-09T02:45:29.924694Z'}
2026-04-08 22:45:29,974 INFO     httpx  HTTP Request: GET https://comunicaapi.pje.jus.br/api/v1/caderno/TJPA/2025-11-23/D "HTTP/1.1 403 Forbidden"
2026-04-08 22:45:29,976 ERROR    djen_backup.backfill  {'tribunal': 'TJPA', 'date': '2025-11-23', 'event': 'backfill_download_error', 'level': 'error', 'timestamp': '2026-04-09T02:45:29.976033Z', 'exception': 'Traceback (most recent call last):\n  File "/home/franklin/workspace/causaganha/src/djen_backup/backfill.py", line 557, in backfill_process_date\n    zip_url = await get_caderno_url(client, config.djen_proxy_url, tribunal, d)\n              ^^^^^^^^^^^^^^^^^^^^^^^^^^^^^^^^^^^^^^^^^^^^^^^^^^^^^^^^^^^^^^^^^\n  File "/home/franklin/workspace/causaganha/src/djen_backup/djen.py", line 77, in get_caderno_url\n    resp.raise_for_status()\n  File "/home/franklin/workspace/causaganha/.venv/lib/python3.12/site-packages/httpx/_models.py", line 829, in raise_for_status\n    raise HTTPStatusError(message, request=request, response=self)\nhttpx.HTTPStatusError: Client error \'403 Forbidden\' for url \'https://comunicaapi.pje.jus.br/api/v1/caderno/TJPA/2025-11-23/D\'\nFor more information check: https://developer.mozilla.org/en-US/docs/Web/HTTP/Status/403'}
Traceback (most recent call last):
  File "/home/franklin/workspace/causaganha/src/djen_backup/backfill.py", line 557, in backfill_process_date
    zip_url = await get_caderno_url(client, config.djen_proxy_url, tribunal, d)
              ^^^^^^^^^^^^^^^^^^^^^^^^^^^^^^^^^^^^^^^^^^^^^^^^^^^^^^^^^^^^^^^^^
  File "/home/franklin/workspace/causaganha/src/djen_backup/djen.py", line 77, in get_caderno_url
    resp.raise_for_status()
  File "/home/franklin/workspace/causaganha/.venv/lib/python3.12/site-packages/httpx/_models.py", line 829, in raise_for_status
    raise HTTPStatusError(message, request=request, response=self)
httpx.HTTPStatusError: Client error '403 Forbidden' for url 'https://comunicaapi.pje.jus.br/api/v1/caderno/TJPA/2025-11-23/D'
For more information check: https://developer.mozilla.org/en-US/docs/Web/HTTP/Status/403
2026-04-08 22:45:30,050 WARNING  djen_backup.backfill  {'tribunal': 'TJPA', 'date': '2025-11-23', 'event': 'backfill_item_error', 'level': 'warning', 'timestamp': '2026-04-09T02:45:30.050709Z'}
2026-04-08 22:45:30,051 WARNING  djen_backup.backfill  {'tribunal': 'TJPA', 'year': 2025, 'reason': '3 consecutive errors', 'event': 'backfill_tribunal_skipped', 'level': 'warning', 'timestamp': '2026-04-09T02:45:30.051700Z'}
2026-04-08 22:45:30,295 INFO     httpx  HTTP Request: GET https://archive.org/metadata/djen-tjpb-2025/files "HTTP/1.1 200 OK"
2026-04-08 22:45:30,297 INFO     djen_backup.backfill  {'tribunal': 'TJPB', 'year': 2025, 'gaps': 263, 'event': 'backfill_tribunal_year', 'level': 'info', 'timestamp': '2026-04-09T02:45:30.297600Z'}
2026-04-08 22:45:30,345 INFO     httpx  HTTP Request: GET https://comunicaapi.pje.jus.br/api/v1/caderno/TJPB/2025-11-30/D "HTTP/1.1 403 Forbidden"
2026-04-08 22:45:30,348 ERROR    djen_backup.backfill  {'tribunal': 'TJPB', 'date': '2025-11-30', 'event': 'backfill_download_error', 'level': 'error', 'timestamp': '2026-04-09T02:45:30.347625Z', 'exception': 'Traceback (most recent call last):\n  File "/home/franklin/workspace/causaganha/src/djen_backup/backfill.py", line 557, in backfill_process_date\n    zip_url = await get_caderno_url(client, config.djen_proxy_url, tribunal, d)\n              ^^^^^^^^^^^^^^^^^^^^^^^^^^^^^^^^^^^^^^^^^^^^^^^^^^^^^^^^^^^^^^^^^\n  File "/home/franklin/workspace/causaganha/src/djen_backup/djen.py", line 77, in get_caderno_url\n    resp.raise_for_status()\n  File "/home/franklin/workspace/causaganha/.venv/lib/python3.12/site-packages/httpx/_models.py", line 829, in raise_for_status\n    raise HTTPStatusError(message, request=request, response=self)\nhttpx.HTTPStatusError: Client error \'403 Forbidden\' for url \'https://comunicaapi.pje.jus.br/api/v1/caderno/TJPB/2025-11-30/D\'\nFor more information check: https://developer.mozilla.org/en-US/docs/Web/HTTP/Status/403'}
Traceback (most recent call last):
  File "/home/franklin/workspace/causaganha/src/djen_backup/backfill.py", line 557, in backfill_process_date
    zip_url = await get_caderno_url(client, config.djen_proxy_url, tribunal, d)
              ^^^^^^^^^^^^^^^^^^^^^^^^^^^^^^^^^^^^^^^^^^^^^^^^^^^^^^^^^^^^^^^^^
  File "/home/franklin/workspace/causaganha/src/djen_backup/djen.py", line 77, in get_caderno_url
    resp.raise_for_status()
  File "/home/franklin/workspace/causaganha/.venv/lib/python3.12/site-packages/httpx/_models.py", line 829, in raise_for_status
    raise HTTPStatusError(message, request=request, response=self)
httpx.HTTPStatusError: Client error '403 Forbidden' for url 'https://comunicaapi.pje.jus.br/api/v1/caderno/TJPB/2025-11-30/D'
For more information check: https://developer.mozilla.org/en-US/docs/Web/HTTP/Status/403
2026-04-08 22:45:30,432 WARNING  djen_backup.backfill  {'tribunal': 'TJPB', 'date': '2025-11-30', 'event': 'backfill_item_error', 'level': 'warning', 'timestamp': '2026-04-09T02:45:30.432606Z'}
2026-04-08 22:45:30,481 INFO     httpx  HTTP Request: GET https://comunicaapi.pje.jus.br/api/v1/caderno/TJPB/2025-11-29/D "HTTP/1.1 403 Forbidden"
2026-04-08 22:45:30,482 ERROR    djen_backup.backfill  {'tribunal': 'TJPB', 'date': '2025-11-29', 'event': 'backfill_download_error', 'level': 'error', 'timestamp': '2026-04-09T02:45:30.482394Z', 'exception': 'Traceback (most recent call last):\n  File "/home/franklin/workspace/causaganha/src/djen_backup/backfill.py", line 557, in backfill_process_date\n    zip_url = await get_caderno_url(client, config.djen_proxy_url, tribunal, d)\n              ^^^^^^^^^^^^^^^^^^^^^^^^^^^^^^^^^^^^^^^^^^^^^^^^^^^^^^^^^^^^^^^^^\n  File "/home/franklin/workspace/causaganha/src/djen_backup/djen.py", line 77, in get_caderno_url\n    resp.raise_for_status()\n  File "/home/franklin/workspace/causaganha/.venv/lib/python3.12/site-packages/httpx/_models.py", line 829, in raise_for_status\n    raise HTTPStatusError(message, request=request, response=self)\nhttpx.HTTPStatusError: Client error \'403 Forbidden\' for url \'https://comunicaapi.pje.jus.br/api/v1/caderno/TJPB/2025-11-29/D\'\nFor more information check: https://developer.mozilla.org/en-US/docs/Web/HTTP/Status/403'}
Traceback (most recent call last):
  File "/home/franklin/workspace/causaganha/src/djen_backup/backfill.py", line 557, in backfill_process_date
    zip_url = await get_caderno_url(client, config.djen_proxy_url, tribunal, d)
              ^^^^^^^^^^^^^^^^^^^^^^^^^^^^^^^^^^^^^^^^^^^^^^^^^^^^^^^^^^^^^^^^^
  File "/home/franklin/workspace/causaganha/src/djen_backup/djen.py", line 77, in get_caderno_url
    resp.raise_for_status()
  File "/home/franklin/workspace/causaganha/.venv/lib/python3.12/site-packages/httpx/_models.py", line 829, in raise_for_status
    raise HTTPStatusError(message, request=request, response=self)
httpx.HTTPStatusError: Client error '403 Forbidden' for url 'https://comunicaapi.pje.jus.br/api/v1/caderno/TJPB/2025-11-29/D'
For more information check: https://developer.mozilla.org/en-US/docs/Web/HTTP/Status/403
2026-04-08 22:45:30,552 WARNING  djen_backup.backfill  {'tribunal': 'TJPB', 'date': '2025-11-29', 'event': 'backfill_item_error', 'level': 'warning', 'timestamp': '2026-04-09T02:45:30.552593Z'}
2026-04-08 22:45:30,601 INFO     httpx  HTTP Request: GET https://comunicaapi.pje.jus.br/api/v1/caderno/TJPB/2025-11-23/D "HTTP/1.1 403 Forbidden"
2026-04-08 22:45:30,605 ERROR    djen_backup.backfill  {'tribunal': 'TJPB', 'date': '2025-11-23', 'event': 'backfill_download_error', 'level': 'error', 'timestamp': '2026-04-09T02:45:30.604930Z', 'exception': 'Traceback (most recent call last):\n  File "/home/franklin/workspace/causaganha/src/djen_backup/backfill.py", line 557, in backfill_process_date\n    zip_url = await get_caderno_url(client, config.djen_proxy_url, tribunal, d)\n              ^^^^^^^^^^^^^^^^^^^^^^^^^^^^^^^^^^^^^^^^^^^^^^^^^^^^^^^^^^^^^^^^^\n  File "/home/franklin/workspace/causaganha/src/djen_backup/djen.py", line 77, in get_caderno_url\n    resp.raise_for_status()\n  File "/home/franklin/workspace/causaganha/.venv/lib/python3.12/site-packages/httpx/_models.py", line 829, in raise_for_status\n    raise HTTPStatusError(message, request=request, response=self)\nhttpx.HTTPStatusError: Client error \'403 Forbidden\' for url \'https://comunicaapi.pje.jus.br/api/v1/caderno/TJPB/2025-11-23/D\'\nFor more information check: https://developer.mozilla.org/en-US/docs/Web/HTTP/Status/403'}
Traceback (most recent call last):
  File "/home/franklin/workspace/causaganha/src/djen_backup/backfill.py", line 557, in backfill_process_date
    zip_url = await get_caderno_url(client, config.djen_proxy_url, tribunal, d)
              ^^^^^^^^^^^^^^^^^^^^^^^^^^^^^^^^^^^^^^^^^^^^^^^^^^^^^^^^^^^^^^^^^
  File "/home/franklin/workspace/causaganha/src/djen_backup/djen.py", line 77, in get_caderno_url
    resp.raise_for_status()
  File "/home/franklin/workspace/causaganha/.venv/lib/python3.12/site-packages/httpx/_models.py", line 829, in raise_for_status
    raise HTTPStatusError(message, request=request, response=self)
httpx.HTTPStatusError: Client error '403 Forbidden' for url 'https://comunicaapi.pje.jus.br/api/v1/caderno/TJPB/2025-11-23/D'
For more information check: https://developer.mozilla.org/en-US/docs/Web/HTTP/Status/403
2026-04-08 22:45:30,682 WARNING  djen_backup.backfill  {'tribunal': 'TJPB', 'date': '2025-11-23', 'event': 'backfill_item_error', 'level': 'warning', 'timestamp': '2026-04-09T02:45:30.682707Z'}
2026-04-08 22:45:30,683 WARNING  djen_backup.backfill  {'tribunal': 'TJPB', 'year': 2025, 'reason': '3 consecutive errors', 'event': 'backfill_tribunal_skipped', 'level': 'warning', 'timestamp': '2026-04-09T02:45:30.683949Z'}
2026-04-08 22:45:31,056 INFO     httpx  HTTP Request: GET https://archive.org/metadata/djen-tjpe-2025/files "HTTP/1.1 200 OK"
2026-04-08 22:45:31,060 INFO     djen_backup.backfill  {'tribunal': 'TJPE', 'year': 2025, 'gaps': 362, 'event': 'backfill_tribunal_year', 'level': 'info', 'timestamp': '2026-04-09T02:45:31.060493Z'}
2026-04-08 22:45:31,112 INFO     httpx  HTTP Request: GET https://comunicaapi.pje.jus.br/api/v1/caderno/TJPE/2025-12-28/D "HTTP/1.1 403 Forbidden"
2026-04-08 22:45:31,115 ERROR    djen_backup.backfill  {'tribunal': 'TJPE', 'date': '2025-12-28', 'event': 'backfill_download_error', 'level': 'error', 'timestamp': '2026-04-09T02:45:31.114689Z', 'exception': 'Traceback (most recent call last):\n  File "/home/franklin/workspace/causaganha/src/djen_backup/backfill.py", line 557, in backfill_process_date\n    zip_url = await get_caderno_url(client, config.djen_proxy_url, tribunal, d)\n              ^^^^^^^^^^^^^^^^^^^^^^^^^^^^^^^^^^^^^^^^^^^^^^^^^^^^^^^^^^^^^^^^^\n  File "/home/franklin/workspace/causaganha/src/djen_backup/djen.py", line 77, in get_caderno_url\n    resp.raise_for_status()\n  File "/home/franklin/workspace/causaganha/.venv/lib/python3.12/site-packages/httpx/_models.py", line 829, in raise_for_status\n    raise HTTPStatusError(message, request=request, response=self)\nhttpx.HTTPStatusError: Client error \'403 Forbidden\' for url \'https://comunicaapi.pje.jus.br/api/v1/caderno/TJPE/2025-12-28/D\'\nFor more information check: https://developer.mozilla.org/en-US/docs/Web/HTTP/Status/403'}
Traceback (most recent call last):
  File "/home/franklin/workspace/causaganha/src/djen_backup/backfill.py", line 557, in backfill_process_date
    zip_url = await get_caderno_url(client, config.djen_proxy_url, tribunal, d)
              ^^^^^^^^^^^^^^^^^^^^^^^^^^^^^^^^^^^^^^^^^^^^^^^^^^^^^^^^^^^^^^^^^
  File "/home/franklin/workspace/causaganha/src/djen_backup/djen.py", line 77, in get_caderno_url
    resp.raise_for_status()
  File "/home/franklin/workspace/causaganha/.venv/lib/python3.12/site-packages/httpx/_models.py", line 829, in raise_for_status
    raise HTTPStatusError(message, request=request, response=self)
httpx.HTTPStatusError: Client error '403 Forbidden' for url 'https://comunicaapi.pje.jus.br/api/v1/caderno/TJPE/2025-12-28/D'
For more information check: https://developer.mozilla.org/en-US/docs/Web/HTTP/Status/403
2026-04-08 22:45:31,186 WARNING  djen_backup.backfill  {'tribunal': 'TJPE', 'date': '2025-12-28', 'event': 'backfill_item_error', 'level': 'warning', 'timestamp': '2026-04-09T02:45:31.186740Z'}
2026-04-08 22:45:31,240 INFO     httpx  HTTP Request: GET https://comunicaapi.pje.jus.br/api/v1/caderno/TJPE/2025-12-27/D "HTTP/1.1 403 Forbidden"
2026-04-08 22:45:31,242 ERROR    djen_backup.backfill  {'tribunal': 'TJPE', 'date': '2025-12-27', 'event': 'backfill_download_error', 'level': 'error', 'timestamp': '2026-04-09T02:45:31.242147Z', 'exception': 'Traceback (most recent call last):\n  File "/home/franklin/workspace/causaganha/src/djen_backup/backfill.py", line 557, in backfill_process_date\n    zip_url = await get_caderno_url(client, config.djen_proxy_url, tribunal, d)\n              ^^^^^^^^^^^^^^^^^^^^^^^^^^^^^^^^^^^^^^^^^^^^^^^^^^^^^^^^^^^^^^^^^\n  File "/home/franklin/workspace/causaganha/src/djen_backup/djen.py", line 77, in get_caderno_url\n    resp.raise_for_status()\n  File "/home/franklin/workspace/causaganha/.venv/lib/python3.12/site-packages/httpx/_models.py", line 829, in raise_for_status\n    raise HTTPStatusError(message, request=request, response=self)\nhttpx.HTTPStatusError: Client error \'403 Forbidden\' for url \'https://comunicaapi.pje.jus.br/api/v1/caderno/TJPE/2025-12-27/D\'\nFor more information check: https://developer.mozilla.org/en-US/docs/Web/HTTP/Status/403'}
Traceback (most recent call last):
  File "/home/franklin/workspace/causaganha/src/djen_backup/backfill.py", line 557, in backfill_process_date
    zip_url = await get_caderno_url(client, config.djen_proxy_url, tribunal, d)
              ^^^^^^^^^^^^^^^^^^^^^^^^^^^^^^^^^^^^^^^^^^^^^^^^^^^^^^^^^^^^^^^^^
  File "/home/franklin/workspace/causaganha/src/djen_backup/djen.py", line 77, in get_caderno_url
    resp.raise_for_status()
  File "/home/franklin/workspace/causaganha/.venv/lib/python3.12/site-packages/httpx/_models.py", line 829, in raise_for_status
    raise HTTPStatusError(message, request=request, response=self)
httpx.HTTPStatusError: Client error '403 Forbidden' for url 'https://comunicaapi.pje.jus.br/api/v1/caderno/TJPE/2025-12-27/D'
For more information check: https://developer.mozilla.org/en-US/docs/Web/HTTP/Status/403
2026-04-08 22:45:31,312 WARNING  djen_backup.backfill  {'tribunal': 'TJPE', 'date': '2025-12-27', 'event': 'backfill_item_error', 'level': 'warning', 'timestamp': '2026-04-09T02:45:31.312021Z'}
2026-04-08 22:45:31,365 INFO     httpx  HTTP Request: GET https://comunicaapi.pje.jus.br/api/v1/caderno/TJPE/2025-12-26/D "HTTP/1.1 403 Forbidden"
2026-04-08 22:45:31,367 ERROR    djen_backup.backfill  {'tribunal': 'TJPE', 'date': '2025-12-26', 'event': 'backfill_download_error', 'level': 'error', 'timestamp': '2026-04-09T02:45:31.367040Z', 'exception': 'Traceback (most recent call last):\n  File "/home/franklin/workspace/causaganha/src/djen_backup/backfill.py", line 557, in backfill_process_date\n    zip_url = await get_caderno_url(client, config.djen_proxy_url, tribunal, d)\n              ^^^^^^^^^^^^^^^^^^^^^^^^^^^^^^^^^^^^^^^^^^^^^^^^^^^^^^^^^^^^^^^^^\n  File "/home/franklin/workspace/causaganha/src/djen_backup/djen.py", line 77, in get_caderno_url\n    resp.raise_for_status()\n  File "/home/franklin/workspace/causaganha/.venv/lib/python3.12/site-packages/httpx/_models.py", line 829, in raise_for_status\n    raise HTTPStatusError(message, request=request, response=self)\nhttpx.HTTPStatusError: Client error \'403 Forbidden\' for url \'https://comunicaapi.pje.jus.br/api/v1/caderno/TJPE/2025-12-26/D\'\nFor more information check: https://developer.mozilla.org/en-US/docs/Web/HTTP/Status/403'}
Traceback (most recent call last):
  File "/home/franklin/workspace/causaganha/src/djen_backup/backfill.py", line 557, in backfill_process_date
    zip_url = await get_caderno_url(client, config.djen_proxy_url, tribunal, d)
              ^^^^^^^^^^^^^^^^^^^^^^^^^^^^^^^^^^^^^^^^^^^^^^^^^^^^^^^^^^^^^^^^^
  File "/home/franklin/workspace/causaganha/src/djen_backup/djen.py", line 77, in get_caderno_url
    resp.raise_for_status()
  File "/home/franklin/workspace/causaganha/.venv/lib/python3.12/site-packages/httpx/_models.py", line 829, in raise_for_status
    raise HTTPStatusError(message, request=request, response=self)
httpx.HTTPStatusError: Client error '403 Forbidden' for url 'https://comunicaapi.pje.jus.br/api/v1/caderno/TJPE/2025-12-26/D'
For more information check: https://developer.mozilla.org/en-US/docs/Web/HTTP/Status/403
2026-04-08 22:45:31,434 WARNING  djen_backup.backfill  {'tribunal': 'TJPE', 'date': '2025-12-26', 'event': 'backfill_item_error', 'level': 'warning', 'timestamp': '2026-04-09T02:45:31.434942Z'}
2026-04-08 22:45:31,436 WARNING  djen_backup.backfill  {'tribunal': 'TJPE', 'year': 2025, 'reason': '3 consecutive errors', 'event': 'backfill_tribunal_skipped', 'level': 'warning', 'timestamp': '2026-04-09T02:45:31.436440Z'}
2026-04-08 22:45:31,689 INFO     httpx  HTTP Request: GET https://archive.org/metadata/djen-tjpi-2025/files "HTTP/1.1 200 OK"
2026-04-08 22:45:31,692 INFO     djen_backup.backfill  {'tribunal': 'TJPI', 'year': 2025, 'gaps': 263, 'event': 'backfill_tribunal_year', 'level': 'info', 'timestamp': '2026-04-09T02:45:31.692025Z'}
2026-04-08 22:45:31,746 INFO     httpx  HTTP Request: GET https://comunicaapi.pje.jus.br/api/v1/caderno/TJPI/2025-11-30/D "HTTP/1.1 403 Forbidden"
2026-04-08 22:45:31,748 ERROR    djen_backup.backfill  {'tribunal': 'TJPI', 'date': '2025-11-30', 'event': 'backfill_download_error', 'level': 'error', 'timestamp': '2026-04-09T02:45:31.747968Z', 'exception': 'Traceback (most recent call last):\n  File "/home/franklin/workspace/causaganha/src/djen_backup/backfill.py", line 557, in backfill_process_date\n    zip_url = await get_caderno_url(client, config.djen_proxy_url, tribunal, d)\n              ^^^^^^^^^^^^^^^^^^^^^^^^^^^^^^^^^^^^^^^^^^^^^^^^^^^^^^^^^^^^^^^^^\n  File "/home/franklin/workspace/causaganha/src/djen_backup/djen.py", line 77, in get_caderno_url\n    resp.raise_for_status()\n  File "/home/franklin/workspace/causaganha/.venv/lib/python3.12/site-packages/httpx/_models.py", line 829, in raise_for_status\n    raise HTTPStatusError(message, request=request, response=self)\nhttpx.HTTPStatusError: Client error \'403 Forbidden\' for url \'https://comunicaapi.pje.jus.br/api/v1/caderno/TJPI/2025-11-30/D\'\nFor more information check: https://developer.mozilla.org/en-US/docs/Web/HTTP/Status/403'}
Traceback (most recent call last):
  File "/home/franklin/workspace/causaganha/src/djen_backup/backfill.py", line 557, in backfill_process_date
    zip_url = await get_caderno_url(client, config.djen_proxy_url, tribunal, d)
              ^^^^^^^^^^^^^^^^^^^^^^^^^^^^^^^^^^^^^^^^^^^^^^^^^^^^^^^^^^^^^^^^^
  File "/home/franklin/workspace/causaganha/src/djen_backup/djen.py", line 77, in get_caderno_url
    resp.raise_for_status()
  File "/home/franklin/workspace/causaganha/.venv/lib/python3.12/site-packages/httpx/_models.py", line 829, in raise_for_status
    raise HTTPStatusError(message, request=request, response=self)
httpx.HTTPStatusError: Client error '403 Forbidden' for url 'https://comunicaapi.pje.jus.br/api/v1/caderno/TJPI/2025-11-30/D'
For more information check: https://developer.mozilla.org/en-US/docs/Web/HTTP/Status/403
2026-04-08 22:45:31,819 WARNING  djen_backup.backfill  {'tribunal': 'TJPI', 'date': '2025-11-30', 'event': 'backfill_item_error', 'level': 'warning', 'timestamp': '2026-04-09T02:45:31.819871Z'}
2026-04-08 22:45:31,868 INFO     httpx  HTTP Request: GET https://comunicaapi.pje.jus.br/api/v1/caderno/TJPI/2025-11-29/D "HTTP/1.1 403 Forbidden"
2026-04-08 22:45:31,870 ERROR    djen_backup.backfill  {'tribunal': 'TJPI', 'date': '2025-11-29', 'event': 'backfill_download_error', 'level': 'error', 'timestamp': '2026-04-09T02:45:31.870555Z', 'exception': 'Traceback (most recent call last):\n  File "/home/franklin/workspace/causaganha/src/djen_backup/backfill.py", line 557, in backfill_process_date\n    zip_url = await get_caderno_url(client, config.djen_proxy_url, tribunal, d)\n              ^^^^^^^^^^^^^^^^^^^^^^^^^^^^^^^^^^^^^^^^^^^^^^^^^^^^^^^^^^^^^^^^^\n  File "/home/franklin/workspace/causaganha/src/djen_backup/djen.py", line 77, in get_caderno_url\n    resp.raise_for_status()\n  File "/home/franklin/workspace/causaganha/.venv/lib/python3.12/site-packages/httpx/_models.py", line 829, in raise_for_status\n    raise HTTPStatusError(message, request=request, response=self)\nhttpx.HTTPStatusError: Client error \'403 Forbidden\' for url \'https://comunicaapi.pje.jus.br/api/v1/caderno/TJPI/2025-11-29/D\'\nFor more information check: https://developer.mozilla.org/en-US/docs/Web/HTTP/Status/403'}
Traceback (most recent call last):
  File "/home/franklin/workspace/causaganha/src/djen_backup/backfill.py", line 557, in backfill_process_date
    zip_url = await get_caderno_url(client, config.djen_proxy_url, tribunal, d)
              ^^^^^^^^^^^^^^^^^^^^^^^^^^^^^^^^^^^^^^^^^^^^^^^^^^^^^^^^^^^^^^^^^
  File "/home/franklin/workspace/causaganha/src/djen_backup/djen.py", line 77, in get_caderno_url
    resp.raise_for_status()
  File "/home/franklin/workspace/causaganha/.venv/lib/python3.12/site-packages/httpx/_models.py", line 829, in raise_for_status
    raise HTTPStatusError(message, request=request, response=self)
httpx.HTTPStatusError: Client error '403 Forbidden' for url 'https://comunicaapi.pje.jus.br/api/v1/caderno/TJPI/2025-11-29/D'
For more information check: https://developer.mozilla.org/en-US/docs/Web/HTTP/Status/403
2026-04-08 22:45:31,943 WARNING  djen_backup.backfill  {'tribunal': 'TJPI', 'date': '2025-11-29', 'event': 'backfill_item_error', 'level': 'warning', 'timestamp': '2026-04-09T02:45:31.943239Z'}
2026-04-08 22:45:31,993 INFO     httpx  HTTP Request: GET https://comunicaapi.pje.jus.br/api/v1/caderno/TJPI/2025-11-23/D "HTTP/1.1 403 Forbidden"
2026-04-08 22:45:31,995 ERROR    djen_backup.backfill  {'tribunal': 'TJPI', 'date': '2025-11-23', 'event': 'backfill_download_error', 'level': 'error', 'timestamp': '2026-04-09T02:45:31.995146Z', 'exception': 'Traceback (most recent call last):\n  File "/home/franklin/workspace/causaganha/src/djen_backup/backfill.py", line 557, in backfill_process_date\n    zip_url = await get_caderno_url(client, config.djen_proxy_url, tribunal, d)\n              ^^^^^^^^^^^^^^^^^^^^^^^^^^^^^^^^^^^^^^^^^^^^^^^^^^^^^^^^^^^^^^^^^\n  File "/home/franklin/workspace/causaganha/src/djen_backup/djen.py", line 77, in get_caderno_url\n    resp.raise_for_status()\n  File "/home/franklin/workspace/causaganha/.venv/lib/python3.12/site-packages/httpx/_models.py", line 829, in raise_for_status\n    raise HTTPStatusError(message, request=request, response=self)\nhttpx.HTTPStatusError: Client error \'403 Forbidden\' for url \'https://comunicaapi.pje.jus.br/api/v1/caderno/TJPI/2025-11-23/D\'\nFor more information check: https://developer.mozilla.org/en-US/docs/Web/HTTP/Status/403'}
Traceback (most recent call last):
  File "/home/franklin/workspace/causaganha/src/djen_backup/backfill.py", line 557, in backfill_process_date
    zip_url = await get_caderno_url(client, config.djen_proxy_url, tribunal, d)
              ^^^^^^^^^^^^^^^^^^^^^^^^^^^^^^^^^^^^^^^^^^^^^^^^^^^^^^^^^^^^^^^^^
  File "/home/franklin/workspace/causaganha/src/djen_backup/djen.py", line 77, in get_caderno_url
    resp.raise_for_status()
  File "/home/franklin/workspace/causaganha/.venv/lib/python3.12/site-packages/httpx/_models.py", line 829, in raise_for_status
    raise HTTPStatusError(message, request=request, response=self)
httpx.HTTPStatusError: Client error '403 Forbidden' for url 'https://comunicaapi.pje.jus.br/api/v1/caderno/TJPI/2025-11-23/D'
For more information check: https://developer.mozilla.org/en-US/docs/Web/HTTP/Status/403
2026-04-08 22:45:32,066 WARNING  djen_backup.backfill  {'tribunal': 'TJPI', 'date': '2025-11-23', 'event': 'backfill_item_error', 'level': 'warning', 'timestamp': '2026-04-09T02:45:32.066823Z'}
2026-04-08 22:45:32,067 WARNING  djen_backup.backfill  {'tribunal': 'TJPI', 'year': 2025, 'reason': '3 consecutive errors', 'event': 'backfill_tribunal_skipped', 'level': 'warning', 'timestamp': '2026-04-09T02:45:32.067727Z'}
2026-04-08 22:45:32,313 INFO     httpx  HTTP Request: GET https://archive.org/metadata/djen-tjpr-2025/files "HTTP/1.1 200 OK"
2026-04-08 22:45:32,316 INFO     djen_backup.backfill  {'tribunal': 'TJPR', 'year': 2025, 'gaps': 264, 'event': 'backfill_tribunal_year', 'level': 'info', 'timestamp': '2026-04-09T02:45:32.316470Z'}
2026-04-08 22:45:32,365 INFO     httpx  HTTP Request: GET https://comunicaapi.pje.jus.br/api/v1/caderno/TJPR/2025-11-30/D "HTTP/1.1 403 Forbidden"
2026-04-08 22:45:32,367 ERROR    djen_backup.backfill  {'tribunal': 'TJPR', 'date': '2025-11-30', 'event': 'backfill_download_error', 'level': 'error', 'timestamp': '2026-04-09T02:45:32.367030Z', 'exception': 'Traceback (most recent call last):\n  File "/home/franklin/workspace/causaganha/src/djen_backup/backfill.py", line 557, in backfill_process_date\n    zip_url = await get_caderno_url(client, config.djen_proxy_url, tribunal, d)\n              ^^^^^^^^^^^^^^^^^^^^^^^^^^^^^^^^^^^^^^^^^^^^^^^^^^^^^^^^^^^^^^^^^\n  File "/home/franklin/workspace/causaganha/src/djen_backup/djen.py", line 77, in get_caderno_url\n    resp.raise_for_status()\n  File "/home/franklin/workspace/causaganha/.venv/lib/python3.12/site-packages/httpx/_models.py", line 829, in raise_for_status\n    raise HTTPStatusError(message, request=request, response=self)\nhttpx.HTTPStatusError: Client error \'403 Forbidden\' for url \'https://comunicaapi.pje.jus.br/api/v1/caderno/TJPR/2025-11-30/D\'\nFor more information check: https://developer.mozilla.org/en-US/docs/Web/HTTP/Status/403'}
Traceback (most recent call last):
  File "/home/franklin/workspace/causaganha/src/djen_backup/backfill.py", line 557, in backfill_process_date
    zip_url = await get_caderno_url(client, config.djen_proxy_url, tribunal, d)
              ^^^^^^^^^^^^^^^^^^^^^^^^^^^^^^^^^^^^^^^^^^^^^^^^^^^^^^^^^^^^^^^^^
  File "/home/franklin/workspace/causaganha/src/djen_backup/djen.py", line 77, in get_caderno_url
    resp.raise_for_status()
  File "/home/franklin/workspace/causaganha/.venv/lib/python3.12/site-packages/httpx/_models.py", line 829, in raise_for_status
    raise HTTPStatusError(message, request=request, response=self)
httpx.HTTPStatusError: Client error '403 Forbidden' for url 'https://comunicaapi.pje.jus.br/api/v1/caderno/TJPR/2025-11-30/D'
For more information check: https://developer.mozilla.org/en-US/docs/Web/HTTP/Status/403
2026-04-08 22:45:32,443 WARNING  djen_backup.backfill  {'tribunal': 'TJPR', 'date': '2025-11-30', 'event': 'backfill_item_error', 'level': 'warning', 'timestamp': '2026-04-09T02:45:32.443306Z'}
2026-04-08 22:45:32,492 INFO     httpx  HTTP Request: GET https://comunicaapi.pje.jus.br/api/v1/caderno/TJPR/2025-11-29/D "HTTP/1.1 403 Forbidden"
2026-04-08 22:45:32,494 ERROR    djen_backup.backfill  {'tribunal': 'TJPR', 'date': '2025-11-29', 'event': 'backfill_download_error', 'level': 'error', 'timestamp': '2026-04-09T02:45:32.494108Z', 'exception': 'Traceback (most recent call last):\n  File "/home/franklin/workspace/causaganha/src/djen_backup/backfill.py", line 557, in backfill_process_date\n    zip_url = await get_caderno_url(client, config.djen_proxy_url, tribunal, d)\n              ^^^^^^^^^^^^^^^^^^^^^^^^^^^^^^^^^^^^^^^^^^^^^^^^^^^^^^^^^^^^^^^^^\n  File "/home/franklin/workspace/causaganha/src/djen_backup/djen.py", line 77, in get_caderno_url\n    resp.raise_for_status()\n  File "/home/franklin/workspace/causaganha/.venv/lib/python3.12/site-packages/httpx/_models.py", line 829, in raise_for_status\n    raise HTTPStatusError(message, request=request, response=self)\nhttpx.HTTPStatusError: Client error \'403 Forbidden\' for url \'https://comunicaapi.pje.jus.br/api/v1/caderno/TJPR/2025-11-29/D\'\nFor more information check: https://developer.mozilla.org/en-US/docs/Web/HTTP/Status/403'}
Traceback (most recent call last):
  File "/home/franklin/workspace/causaganha/src/djen_backup/backfill.py", line 557, in backfill_process_date
    zip_url = await get_caderno_url(client, config.djen_proxy_url, tribunal, d)
              ^^^^^^^^^^^^^^^^^^^^^^^^^^^^^^^^^^^^^^^^^^^^^^^^^^^^^^^^^^^^^^^^^
  File "/home/franklin/workspace/causaganha/src/djen_backup/djen.py", line 77, in get_caderno_url
    resp.raise_for_status()
  File "/home/franklin/workspace/causaganha/.venv/lib/python3.12/site-packages/httpx/_models.py", line 829, in raise_for_status
    raise HTTPStatusError(message, request=request, response=self)
httpx.HTTPStatusError: Client error '403 Forbidden' for url 'https://comunicaapi.pje.jus.br/api/v1/caderno/TJPR/2025-11-29/D'
For more information check: https://developer.mozilla.org/en-US/docs/Web/HTTP/Status/403
2026-04-08 22:45:32,566 WARNING  djen_backup.backfill  {'tribunal': 'TJPR', 'date': '2025-11-29', 'event': 'backfill_item_error', 'level': 'warning', 'timestamp': '2026-04-09T02:45:32.566167Z'}
2026-04-08 22:45:32,619 INFO     httpx  HTTP Request: GET https://comunicaapi.pje.jus.br/api/v1/caderno/TJPR/2025-11-23/D "HTTP/1.1 403 Forbidden"
2026-04-08 22:45:32,621 ERROR    djen_backup.backfill  {'tribunal': 'TJPR', 'date': '2025-11-23', 'event': 'backfill_download_error', 'level': 'error', 'timestamp': '2026-04-09T02:45:32.620829Z', 'exception': 'Traceback (most recent call last):\n  File "/home/franklin/workspace/causaganha/src/djen_backup/backfill.py", line 557, in backfill_process_date\n    zip_url = await get_caderno_url(client, config.djen_proxy_url, tribunal, d)\n              ^^^^^^^^^^^^^^^^^^^^^^^^^^^^^^^^^^^^^^^^^^^^^^^^^^^^^^^^^^^^^^^^^\n  File "/home/franklin/workspace/causaganha/src/djen_backup/djen.py", line 77, in get_caderno_url\n    resp.raise_for_status()\n  File "/home/franklin/workspace/causaganha/.venv/lib/python3.12/site-packages/httpx/_models.py", line 829, in raise_for_status\n    raise HTTPStatusError(message, request=request, response=self)\nhttpx.HTTPStatusError: Client error \'403 Forbidden\' for url \'https://comunicaapi.pje.jus.br/api/v1/caderno/TJPR/2025-11-23/D\'\nFor more information check: https://developer.mozilla.org/en-US/docs/Web/HTTP/Status/403'}
Traceback (most recent call last):
  File "/home/franklin/workspace/causaganha/src/djen_backup/backfill.py", line 557, in backfill_process_date
    zip_url = await get_caderno_url(client, config.djen_proxy_url, tribunal, d)
              ^^^^^^^^^^^^^^^^^^^^^^^^^^^^^^^^^^^^^^^^^^^^^^^^^^^^^^^^^^^^^^^^^
  File "/home/franklin/workspace/causaganha/src/djen_backup/djen.py", line 77, in get_caderno_url
    resp.raise_for_status()
  File "/home/franklin/workspace/causaganha/.venv/lib/python3.12/site-packages/httpx/_models.py", line 829, in raise_for_status
    raise HTTPStatusError(message, request=request, response=self)
httpx.HTTPStatusError: Client error '403 Forbidden' for url 'https://comunicaapi.pje.jus.br/api/v1/caderno/TJPR/2025-11-23/D'
For more information check: https://developer.mozilla.org/en-US/docs/Web/HTTP/Status/403
2026-04-08 22:45:32,691 WARNING  djen_backup.backfill  {'tribunal': 'TJPR', 'date': '2025-11-23', 'event': 'backfill_item_error', 'level': 'warning', 'timestamp': '2026-04-09T02:45:32.691504Z'}
2026-04-08 22:45:32,692 WARNING  djen_backup.backfill  {'tribunal': 'TJPR', 'year': 2025, 'reason': '3 consecutive errors', 'event': 'backfill_tribunal_skipped', 'level': 'warning', 'timestamp': '2026-04-09T02:45:32.692455Z'}
2026-04-08 22:45:33,065 INFO     httpx  HTTP Request: GET https://archive.org/metadata/djen-tjrj-2025/files "HTTP/1.1 200 OK"
2026-04-08 22:45:33,067 INFO     djen_backup.backfill  {'tribunal': 'TJRJ', 'year': 2025, 'gaps': 363, 'event': 'backfill_tribunal_year', 'level': 'info', 'timestamp': '2026-04-09T02:45:33.067945Z'}
2026-04-08 22:45:33,117 INFO     httpx  HTTP Request: GET https://comunicaapi.pje.jus.br/api/v1/caderno/TJRJ/2025-12-30/D "HTTP/1.1 403 Forbidden"
2026-04-08 22:45:33,121 ERROR    djen_backup.backfill  {'tribunal': 'TJRJ', 'date': '2025-12-30', 'event': 'backfill_download_error', 'level': 'error', 'timestamp': '2026-04-09T02:45:33.120676Z', 'exception': 'Traceback (most recent call last):\n  File "/home/franklin/workspace/causaganha/src/djen_backup/backfill.py", line 557, in backfill_process_date\n    zip_url = await get_caderno_url(client, config.djen_proxy_url, tribunal, d)\n              ^^^^^^^^^^^^^^^^^^^^^^^^^^^^^^^^^^^^^^^^^^^^^^^^^^^^^^^^^^^^^^^^^\n  File "/home/franklin/workspace/causaganha/src/djen_backup/djen.py", line 77, in get_caderno_url\n    resp.raise_for_status()\n  File "/home/franklin/workspace/causaganha/.venv/lib/python3.12/site-packages/httpx/_models.py", line 829, in raise_for_status\n    raise HTTPStatusError(message, request=request, response=self)\nhttpx.HTTPStatusError: Client error \'403 Forbidden\' for url \'https://comunicaapi.pje.jus.br/api/v1/caderno/TJRJ/2025-12-30/D\'\nFor more information check: https://developer.mozilla.org/en-US/docs/Web/HTTP/Status/403'}
Traceback (most recent call last):
  File "/home/franklin/workspace/causaganha/src/djen_backup/backfill.py", line 557, in backfill_process_date
    zip_url = await get_caderno_url(client, config.djen_proxy_url, tribunal, d)
              ^^^^^^^^^^^^^^^^^^^^^^^^^^^^^^^^^^^^^^^^^^^^^^^^^^^^^^^^^^^^^^^^^
  File "/home/franklin/workspace/causaganha/src/djen_backup/djen.py", line 77, in get_caderno_url
    resp.raise_for_status()
  File "/home/franklin/workspace/causaganha/.venv/lib/python3.12/site-packages/httpx/_models.py", line 829, in raise_for_status
    raise HTTPStatusError(message, request=request, response=self)
httpx.HTTPStatusError: Client error '403 Forbidden' for url 'https://comunicaapi.pje.jus.br/api/v1/caderno/TJRJ/2025-12-30/D'
For more information check: https://developer.mozilla.org/en-US/docs/Web/HTTP/Status/403
2026-04-08 22:45:33,194 WARNING  djen_backup.backfill  {'tribunal': 'TJRJ', 'date': '2025-12-30', 'event': 'backfill_item_error', 'level': 'warning', 'timestamp': '2026-04-09T02:45:33.194760Z'}
2026-04-08 22:45:33,244 INFO     httpx  HTTP Request: GET https://comunicaapi.pje.jus.br/api/v1/caderno/TJRJ/2025-12-28/D "HTTP/1.1 403 Forbidden"
2026-04-08 22:45:33,246 ERROR    djen_backup.backfill  {'tribunal': 'TJRJ', 'date': '2025-12-28', 'event': 'backfill_download_error', 'level': 'error', 'timestamp': '2026-04-09T02:45:33.246035Z', 'exception': 'Traceback (most recent call last):\n  File "/home/franklin/workspace/causaganha/src/djen_backup/backfill.py", line 557, in backfill_process_date\n    zip_url = await get_caderno_url(client, config.djen_proxy_url, tribunal, d)\n              ^^^^^^^^^^^^^^^^^^^^^^^^^^^^^^^^^^^^^^^^^^^^^^^^^^^^^^^^^^^^^^^^^\n  File "/home/franklin/workspace/causaganha/src/djen_backup/djen.py", line 77, in get_caderno_url\n    resp.raise_for_status()\n  File "/home/franklin/workspace/causaganha/.venv/lib/python3.12/site-packages/httpx/_models.py", line 829, in raise_for_status\n    raise HTTPStatusError(message, request=request, response=self)\nhttpx.HTTPStatusError: Client error \'403 Forbidden\' for url \'https://comunicaapi.pje.jus.br/api/v1/caderno/TJRJ/2025-12-28/D\'\nFor more information check: https://developer.mozilla.org/en-US/docs/Web/HTTP/Status/403'}
Traceback (most recent call last):
  File "/home/franklin/workspace/causaganha/src/djen_backup/backfill.py", line 557, in backfill_process_date
    zip_url = await get_caderno_url(client, config.djen_proxy_url, tribunal, d)
              ^^^^^^^^^^^^^^^^^^^^^^^^^^^^^^^^^^^^^^^^^^^^^^^^^^^^^^^^^^^^^^^^^
  File "/home/franklin/workspace/causaganha/src/djen_backup/djen.py", line 77, in get_caderno_url
    resp.raise_for_status()
  File "/home/franklin/workspace/causaganha/.venv/lib/python3.12/site-packages/httpx/_models.py", line 829, in raise_for_status
    raise HTTPStatusError(message, request=request, response=self)
httpx.HTTPStatusError: Client error '403 Forbidden' for url 'https://comunicaapi.pje.jus.br/api/v1/caderno/TJRJ/2025-12-28/D'
For more information check: https://developer.mozilla.org/en-US/docs/Web/HTTP/Status/403
2026-04-08 22:45:33,314 WARNING  djen_backup.backfill  {'tribunal': 'TJRJ', 'date': '2025-12-28', 'event': 'backfill_item_error', 'level': 'warning', 'timestamp': '2026-04-09T02:45:33.314657Z'}
2026-04-08 22:45:33,362 INFO     httpx  HTTP Request: GET https://comunicaapi.pje.jus.br/api/v1/caderno/TJRJ/2025-12-27/D "HTTP/1.1 403 Forbidden"
2026-04-08 22:45:33,364 ERROR    djen_backup.backfill  {'tribunal': 'TJRJ', 'date': '2025-12-27', 'event': 'backfill_download_error', 'level': 'error', 'timestamp': '2026-04-09T02:45:33.364185Z', 'exception': 'Traceback (most recent call last):\n  File "/home/franklin/workspace/causaganha/src/djen_backup/backfill.py", line 557, in backfill_process_date\n    zip_url = await get_caderno_url(client, config.djen_proxy_url, tribunal, d)\n              ^^^^^^^^^^^^^^^^^^^^^^^^^^^^^^^^^^^^^^^^^^^^^^^^^^^^^^^^^^^^^^^^^\n  File "/home/franklin/workspace/causaganha/src/djen_backup/djen.py", line 77, in get_caderno_url\n    resp.raise_for_status()\n  File "/home/franklin/workspace/causaganha/.venv/lib/python3.12/site-packages/httpx/_models.py", line 829, in raise_for_status\n    raise HTTPStatusError(message, request=request, response=self)\nhttpx.HTTPStatusError: Client error \'403 Forbidden\' for url \'https://comunicaapi.pje.jus.br/api/v1/caderno/TJRJ/2025-12-27/D\'\nFor more information check: https://developer.mozilla.org/en-US/docs/Web/HTTP/Status/403'}
Traceback (most recent call last):
  File "/home/franklin/workspace/causaganha/src/djen_backup/backfill.py", line 557, in backfill_process_date
    zip_url = await get_caderno_url(client, config.djen_proxy_url, tribunal, d)
              ^^^^^^^^^^^^^^^^^^^^^^^^^^^^^^^^^^^^^^^^^^^^^^^^^^^^^^^^^^^^^^^^^
  File "/home/franklin/workspace/causaganha/src/djen_backup/djen.py", line 77, in get_caderno_url
    resp.raise_for_status()
  File "/home/franklin/workspace/causaganha/.venv/lib/python3.12/site-packages/httpx/_models.py", line 829, in raise_for_status
    raise HTTPStatusError(message, request=request, response=self)
httpx.HTTPStatusError: Client error '403 Forbidden' for url 'https://comunicaapi.pje.jus.br/api/v1/caderno/TJRJ/2025-12-27/D'
For more information check: https://developer.mozilla.org/en-US/docs/Web/HTTP/Status/403
2026-04-08 22:45:33,434 WARNING  djen_backup.backfill  {'tribunal': 'TJRJ', 'date': '2025-12-27', 'event': 'backfill_item_error', 'level': 'warning', 'timestamp': '2026-04-09T02:45:33.434434Z'}
2026-04-08 22:45:33,435 WARNING  djen_backup.backfill  {'tribunal': 'TJRJ', 'year': 2025, 'reason': '3 consecutive errors', 'event': 'backfill_tribunal_skipped', 'level': 'warning', 'timestamp': '2026-04-09T02:45:33.435586Z'}
2026-04-08 22:45:33,665 INFO     httpx  HTTP Request: GET https://archive.org/metadata/djen-tjrn-2025/files "HTTP/1.1 200 OK"
2026-04-08 22:45:33,668 INFO     djen_backup.backfill  {'tribunal': 'TJRN', 'year': 2025, 'gaps': 251, 'event': 'backfill_tribunal_year', 'level': 'info', 'timestamp': '2026-04-09T02:45:33.668809Z'}
2026-04-08 22:45:33,717 INFO     httpx  HTTP Request: GET https://comunicaapi.pje.jus.br/api/v1/caderno/TJRN/2025-11-30/D "HTTP/1.1 403 Forbidden"
2026-04-08 22:45:33,719 ERROR    djen_backup.backfill  {'tribunal': 'TJRN', 'date': '2025-11-30', 'event': 'backfill_download_error', 'level': 'error', 'timestamp': '2026-04-09T02:45:33.718928Z', 'exception': 'Traceback (most recent call last):\n  File "/home/franklin/workspace/causaganha/src/djen_backup/backfill.py", line 557, in backfill_process_date\n    zip_url = await get_caderno_url(client, config.djen_proxy_url, tribunal, d)\n              ^^^^^^^^^^^^^^^^^^^^^^^^^^^^^^^^^^^^^^^^^^^^^^^^^^^^^^^^^^^^^^^^^\n  File "/home/franklin/workspace/causaganha/src/djen_backup/djen.py", line 77, in get_caderno_url\n    resp.raise_for_status()\n  File "/home/franklin/workspace/causaganha/.venv/lib/python3.12/site-packages/httpx/_models.py", line 829, in raise_for_status\n    raise HTTPStatusError(message, request=request, response=self)\nhttpx.HTTPStatusError: Client error \'403 Forbidden\' for url \'https://comunicaapi.pje.jus.br/api/v1/caderno/TJRN/2025-11-30/D\'\nFor more information check: https://developer.mozilla.org/en-US/docs/Web/HTTP/Status/403'}
Traceback (most recent call last):
  File "/home/franklin/workspace/causaganha/src/djen_backup/backfill.py", line 557, in backfill_process_date
    zip_url = await get_caderno_url(client, config.djen_proxy_url, tribunal, d)
              ^^^^^^^^^^^^^^^^^^^^^^^^^^^^^^^^^^^^^^^^^^^^^^^^^^^^^^^^^^^^^^^^^
  File "/home/franklin/workspace/causaganha/src/djen_backup/djen.py", line 77, in get_caderno_url
    resp.raise_for_status()
  File "/home/franklin/workspace/causaganha/.venv/lib/python3.12/site-packages/httpx/_models.py", line 829, in raise_for_status
    raise HTTPStatusError(message, request=request, response=self)
httpx.HTTPStatusError: Client error '403 Forbidden' for url 'https://comunicaapi.pje.jus.br/api/v1/caderno/TJRN/2025-11-30/D'
For more information check: https://developer.mozilla.org/en-US/docs/Web/HTTP/Status/403
2026-04-08 22:45:33,899 WARNING  djen_backup.backfill  {'tribunal': 'TJRN', 'date': '2025-11-30', 'event': 'backfill_item_error', 'level': 'warning', 'timestamp': '2026-04-09T02:45:33.899746Z'}
2026-04-08 22:45:33,948 INFO     httpx  HTTP Request: GET https://comunicaapi.pje.jus.br/api/v1/caderno/TJRN/2025-11-29/D "HTTP/1.1 403 Forbidden"
2026-04-08 22:45:33,952 ERROR    djen_backup.backfill  {'tribunal': 'TJRN', 'date': '2025-11-29', 'event': 'backfill_download_error', 'level': 'error', 'timestamp': '2026-04-09T02:45:33.951536Z', 'exception': 'Traceback (most recent call last):\n  File "/home/franklin/workspace/causaganha/src/djen_backup/backfill.py", line 557, in backfill_process_date\n    zip_url = await get_caderno_url(client, config.djen_proxy_url, tribunal, d)\n              ^^^^^^^^^^^^^^^^^^^^^^^^^^^^^^^^^^^^^^^^^^^^^^^^^^^^^^^^^^^^^^^^^\n  File "/home/franklin/workspace/causaganha/src/djen_backup/djen.py", line 77, in get_caderno_url\n    resp.raise_for_status()\n  File "/home/franklin/workspace/causaganha/.venv/lib/python3.12/site-packages/httpx/_models.py", line 829, in raise_for_status\n    raise HTTPStatusError(message, request=request, response=self)\nhttpx.HTTPStatusError: Client error \'403 Forbidden\' for url \'https://comunicaapi.pje.jus.br/api/v1/caderno/TJRN/2025-11-29/D\'\nFor more information check: https://developer.mozilla.org/en-US/docs/Web/HTTP/Status/403'}
Traceback (most recent call last):
  File "/home/franklin/workspace/causaganha/src/djen_backup/backfill.py", line 557, in backfill_process_date
    zip_url = await get_caderno_url(client, config.djen_proxy_url, tribunal, d)
              ^^^^^^^^^^^^^^^^^^^^^^^^^^^^^^^^^^^^^^^^^^^^^^^^^^^^^^^^^^^^^^^^^
  File "/home/franklin/workspace/causaganha/src/djen_backup/djen.py", line 77, in get_caderno_url
    resp.raise_for_status()
  File "/home/franklin/workspace/causaganha/.venv/lib/python3.12/site-packages/httpx/_models.py", line 829, in raise_for_status
    raise HTTPStatusError(message, request=request, response=self)
httpx.HTTPStatusError: Client error '403 Forbidden' for url 'https://comunicaapi.pje.jus.br/api/v1/caderno/TJRN/2025-11-29/D'
For more information check: https://developer.mozilla.org/en-US/docs/Web/HTTP/Status/403
2026-04-08 22:45:34,037 WARNING  djen_backup.backfill  {'tribunal': 'TJRN', 'date': '2025-11-29', 'event': 'backfill_item_error', 'level': 'warning', 'timestamp': '2026-04-09T02:45:34.037149Z'}
2026-04-08 22:45:34,086 INFO     httpx  HTTP Request: GET https://comunicaapi.pje.jus.br/api/v1/caderno/TJRN/2025-11-23/D "HTTP/1.1 403 Forbidden"
2026-04-08 22:45:34,090 ERROR    djen_backup.backfill  {'tribunal': 'TJRN', 'date': '2025-11-23', 'event': 'backfill_download_error', 'level': 'error', 'timestamp': '2026-04-09T02:45:34.090163Z', 'exception': 'Traceback (most recent call last):\n  File "/home/franklin/workspace/causaganha/src/djen_backup/backfill.py", line 557, in backfill_process_date\n    zip_url = await get_caderno_url(client, config.djen_proxy_url, tribunal, d)\n              ^^^^^^^^^^^^^^^^^^^^^^^^^^^^^^^^^^^^^^^^^^^^^^^^^^^^^^^^^^^^^^^^^\n  File "/home/franklin/workspace/causaganha/src/djen_backup/djen.py", line 77, in get_caderno_url\n    resp.raise_for_status()\n  File "/home/franklin/workspace/causaganha/.venv/lib/python3.12/site-packages/httpx/_models.py", line 829, in raise_for_status\n    raise HTTPStatusError(message, request=request, response=self)\nhttpx.HTTPStatusError: Client error \'403 Forbidden\' for url \'https://comunicaapi.pje.jus.br/api/v1/caderno/TJRN/2025-11-23/D\'\nFor more information check: https://developer.mozilla.org/en-US/docs/Web/HTTP/Status/403'}
Traceback (most recent call last):
  File "/home/franklin/workspace/causaganha/src/djen_backup/backfill.py", line 557, in backfill_process_date
    zip_url = await get_caderno_url(client, config.djen_proxy_url, tribunal, d)
              ^^^^^^^^^^^^^^^^^^^^^^^^^^^^^^^^^^^^^^^^^^^^^^^^^^^^^^^^^^^^^^^^^
  File "/home/franklin/workspace/causaganha/src/djen_backup/djen.py", line 77, in get_caderno_url
    resp.raise_for_status()
  File "/home/franklin/workspace/causaganha/.venv/lib/python3.12/site-packages/httpx/_models.py", line 829, in raise_for_status
    raise HTTPStatusError(message, request=request, response=self)
httpx.HTTPStatusError: Client error '403 Forbidden' for url 'https://comunicaapi.pje.jus.br/api/v1/caderno/TJRN/2025-11-23/D'
For more information check: https://developer.mozilla.org/en-US/docs/Web/HTTP/Status/403
2026-04-08 22:45:34,180 WARNING  djen_backup.backfill  {'tribunal': 'TJRN', 'date': '2025-11-23', 'event': 'backfill_item_error', 'level': 'warning', 'timestamp': '2026-04-09T02:45:34.180302Z'}
2026-04-08 22:45:34,181 WARNING  djen_backup.backfill  {'tribunal': 'TJRN', 'year': 2025, 'reason': '3 consecutive errors', 'event': 'backfill_tribunal_skipped', 'level': 'warning', 'timestamp': '2026-04-09T02:45:34.181198Z'}
2026-04-08 22:45:34,419 INFO     httpx  HTTP Request: GET https://archive.org/metadata/djen-tjro-2025/files "HTTP/1.1 200 OK"
2026-04-08 22:45:34,422 INFO     djen_backup.backfill  {'tribunal': 'TJRO', 'year': 2025, 'gaps': 263, 'event': 'backfill_tribunal_year', 'level': 'info', 'timestamp': '2026-04-09T02:45:34.422612Z'}
2026-04-08 22:45:34,472 INFO     httpx  HTTP Request: GET https://comunicaapi.pje.jus.br/api/v1/caderno/TJRO/2025-11-30/D "HTTP/1.1 403 Forbidden"
2026-04-08 22:45:34,474 ERROR    djen_backup.backfill  {'tribunal': 'TJRO', 'date': '2025-11-30', 'event': 'backfill_download_error', 'level': 'error', 'timestamp': '2026-04-09T02:45:34.474474Z', 'exception': 'Traceback (most recent call last):\n  File "/home/franklin/workspace/causaganha/src/djen_backup/backfill.py", line 557, in backfill_process_date\n    zip_url = await get_caderno_url(client, config.djen_proxy_url, tribunal, d)\n              ^^^^^^^^^^^^^^^^^^^^^^^^^^^^^^^^^^^^^^^^^^^^^^^^^^^^^^^^^^^^^^^^^\n  File "/home/franklin/workspace/causaganha/src/djen_backup/djen.py", line 77, in get_caderno_url\n    resp.raise_for_status()\n  File "/home/franklin/workspace/causaganha/.venv/lib/python3.12/site-packages/httpx/_models.py", line 829, in raise_for_status\n    raise HTTPStatusError(message, request=request, response=self)\nhttpx.HTTPStatusError: Client error \'403 Forbidden\' for url \'https://comunicaapi.pje.jus.br/api/v1/caderno/TJRO/2025-11-30/D\'\nFor more information check: https://developer.mozilla.org/en-US/docs/Web/HTTP/Status/403'}
Traceback (most recent call last):
  File "/home/franklin/workspace/causaganha/src/djen_backup/backfill.py", line 557, in backfill_process_date
    zip_url = await get_caderno_url(client, config.djen_proxy_url, tribunal, d)
              ^^^^^^^^^^^^^^^^^^^^^^^^^^^^^^^^^^^^^^^^^^^^^^^^^^^^^^^^^^^^^^^^^
  File "/home/franklin/workspace/causaganha/src/djen_backup/djen.py", line 77, in get_caderno_url
    resp.raise_for_status()
  File "/home/franklin/workspace/causaganha/.venv/lib/python3.12/site-packages/httpx/_models.py", line 829, in raise_for_status
    raise HTTPStatusError(message, request=request, response=self)
httpx.HTTPStatusError: Client error '403 Forbidden' for url 'https://comunicaapi.pje.jus.br/api/v1/caderno/TJRO/2025-11-30/D'
For more information check: https://developer.mozilla.org/en-US/docs/Web/HTTP/Status/403
2026-04-08 22:45:34,546 WARNING  djen_backup.backfill  {'tribunal': 'TJRO', 'date': '2025-11-30', 'event': 'backfill_item_error', 'level': 'warning', 'timestamp': '2026-04-09T02:45:34.546798Z'}
2026-04-08 22:45:34,594 INFO     httpx  HTTP Request: GET https://comunicaapi.pje.jus.br/api/v1/caderno/TJRO/2025-11-29/D "HTTP/1.1 403 Forbidden"
2026-04-08 22:45:34,596 ERROR    djen_backup.backfill  {'tribunal': 'TJRO', 'date': '2025-11-29', 'event': 'backfill_download_error', 'level': 'error', 'timestamp': '2026-04-09T02:45:34.596374Z', 'exception': 'Traceback (most recent call last):\n  File "/home/franklin/workspace/causaganha/src/djen_backup/backfill.py", line 557, in backfill_process_date\n    zip_url = await get_caderno_url(client, config.djen_proxy_url, tribunal, d)\n              ^^^^^^^^^^^^^^^^^^^^^^^^^^^^^^^^^^^^^^^^^^^^^^^^^^^^^^^^^^^^^^^^^\n  File "/home/franklin/workspace/causaganha/src/djen_backup/djen.py", line 77, in get_caderno_url\n    resp.raise_for_status()\n  File "/home/franklin/workspace/causaganha/.venv/lib/python3.12/site-packages/httpx/_models.py", line 829, in raise_for_status\n    raise HTTPStatusError(message, request=request, response=self)\nhttpx.HTTPStatusError: Client error \'403 Forbidden\' for url \'https://comunicaapi.pje.jus.br/api/v1/caderno/TJRO/2025-11-29/D\'\nFor more information check: https://developer.mozilla.org/en-US/docs/Web/HTTP/Status/403'}
Traceback (most recent call last):
  File "/home/franklin/workspace/causaganha/src/djen_backup/backfill.py", line 557, in backfill_process_date
    zip_url = await get_caderno_url(client, config.djen_proxy_url, tribunal, d)
              ^^^^^^^^^^^^^^^^^^^^^^^^^^^^^^^^^^^^^^^^^^^^^^^^^^^^^^^^^^^^^^^^^
  File "/home/franklin/workspace/causaganha/src/djen_backup/djen.py", line 77, in get_caderno_url
    resp.raise_for_status()
  File "/home/franklin/workspace/causaganha/.venv/lib/python3.12/site-packages/httpx/_models.py", line 829, in raise_for_status
    raise HTTPStatusError(message, request=request, response=self)
httpx.HTTPStatusError: Client error '403 Forbidden' for url 'https://comunicaapi.pje.jus.br/api/v1/caderno/TJRO/2025-11-29/D'
For more information check: https://developer.mozilla.org/en-US/docs/Web/HTTP/Status/403
2026-04-08 22:45:34,665 WARNING  djen_backup.backfill  {'tribunal': 'TJRO', 'date': '2025-11-29', 'event': 'backfill_item_error', 'level': 'warning', 'timestamp': '2026-04-09T02:45:34.665943Z'}
2026-04-08 22:45:34,743 INFO     httpx  HTTP Request: GET https://comunicaapi.pje.jus.br/api/v1/caderno/TJRO/2025-11-23/D "HTTP/1.1 403 Forbidden"
2026-04-08 22:45:34,744 ERROR    djen_backup.backfill  {'tribunal': 'TJRO', 'date': '2025-11-23', 'event': 'backfill_download_error', 'level': 'error', 'timestamp': '2026-04-09T02:45:34.744407Z', 'exception': 'Traceback (most recent call last):\n  File "/home/franklin/workspace/causaganha/src/djen_backup/backfill.py", line 557, in backfill_process_date\n    zip_url = await get_caderno_url(client, config.djen_proxy_url, tribunal, d)\n              ^^^^^^^^^^^^^^^^^^^^^^^^^^^^^^^^^^^^^^^^^^^^^^^^^^^^^^^^^^^^^^^^^\n  File "/home/franklin/workspace/causaganha/src/djen_backup/djen.py", line 77, in get_caderno_url\n    resp.raise_for_status()\n  File "/home/franklin/workspace/causaganha/.venv/lib/python3.12/site-packages/httpx/_models.py", line 829, in raise_for_status\n    raise HTTPStatusError(message, request=request, response=self)\nhttpx.HTTPStatusError: Client error \'403 Forbidden\' for url \'https://comunicaapi.pje.jus.br/api/v1/caderno/TJRO/2025-11-23/D\'\nFor more information check: https://developer.mozilla.org/en-US/docs/Web/HTTP/Status/403'}
Traceback (most recent call last):
  File "/home/franklin/workspace/causaganha/src/djen_backup/backfill.py", line 557, in backfill_process_date
    zip_url = await get_caderno_url(client, config.djen_proxy_url, tribunal, d)
              ^^^^^^^^^^^^^^^^^^^^^^^^^^^^^^^^^^^^^^^^^^^^^^^^^^^^^^^^^^^^^^^^^
  File "/home/franklin/workspace/causaganha/src/djen_backup/djen.py", line 77, in get_caderno_url
    resp.raise_for_status()
  File "/home/franklin/workspace/causaganha/.venv/lib/python3.12/site-packages/httpx/_models.py", line 829, in raise_for_status
    raise HTTPStatusError(message, request=request, response=self)
httpx.HTTPStatusError: Client error '403 Forbidden' for url 'https://comunicaapi.pje.jus.br/api/v1/caderno/TJRO/2025-11-23/D'
For more information check: https://developer.mozilla.org/en-US/docs/Web/HTTP/Status/403
2026-04-08 22:45:34,815 WARNING  djen_backup.backfill  {'tribunal': 'TJRO', 'date': '2025-11-23', 'event': 'backfill_item_error', 'level': 'warning', 'timestamp': '2026-04-09T02:45:34.815238Z'}
2026-04-08 22:45:34,817 WARNING  djen_backup.backfill  {'tribunal': 'TJRO', 'year': 2025, 'reason': '3 consecutive errors', 'event': 'backfill_tribunal_skipped', 'level': 'warning', 'timestamp': '2026-04-09T02:45:34.817123Z'}
2026-04-08 22:45:35,268 INFO     httpx  HTTP Request: GET https://archive.org/metadata/djen-tjrr-2025/files "HTTP/1.1 200 OK"
2026-04-08 22:45:35,273 INFO     djen_backup.backfill  {'tribunal': 'TJRR', 'year': 2025, 'gaps': 262, 'event': 'backfill_tribunal_year', 'level': 'info', 'timestamp': '2026-04-09T02:45:35.273816Z'}
2026-04-08 22:45:35,333 INFO     httpx  HTTP Request: GET https://comunicaapi.pje.jus.br/api/v1/caderno/TJRR/2025-11-30/D "HTTP/1.1 403 Forbidden"
2026-04-08 22:45:35,336 ERROR    djen_backup.backfill  {'tribunal': 'TJRR', 'date': '2025-11-30', 'event': 'backfill_download_error', 'level': 'error', 'timestamp': '2026-04-09T02:45:35.336434Z', 'exception': 'Traceback (most recent call last):\n  File "/home/franklin/workspace/causaganha/src/djen_backup/backfill.py", line 557, in backfill_process_date\n    zip_url = await get_caderno_url(client, config.djen_proxy_url, tribunal, d)\n              ^^^^^^^^^^^^^^^^^^^^^^^^^^^^^^^^^^^^^^^^^^^^^^^^^^^^^^^^^^^^^^^^^\n  File "/home/franklin/workspace/causaganha/src/djen_backup/djen.py", line 77, in get_caderno_url\n    resp.raise_for_status()\n  File "/home/franklin/workspace/causaganha/.venv/lib/python3.12/site-packages/httpx/_models.py", line 829, in raise_for_status\n    raise HTTPStatusError(message, request=request, response=self)\nhttpx.HTTPStatusError: Client error \'403 Forbidden\' for url \'https://comunicaapi.pje.jus.br/api/v1/caderno/TJRR/2025-11-30/D\'\nFor more information check: https://developer.mozilla.org/en-US/docs/Web/HTTP/Status/403'}
Traceback (most recent call last):
  File "/home/franklin/workspace/causaganha/src/djen_backup/backfill.py", line 557, in backfill_process_date
    zip_url = await get_caderno_url(client, config.djen_proxy_url, tribunal, d)
              ^^^^^^^^^^^^^^^^^^^^^^^^^^^^^^^^^^^^^^^^^^^^^^^^^^^^^^^^^^^^^^^^^
  File "/home/franklin/workspace/causaganha/src/djen_backup/djen.py", line 77, in get_caderno_url
    resp.raise_for_status()
  File "/home/franklin/workspace/causaganha/.venv/lib/python3.12/site-packages/httpx/_models.py", line 829, in raise_for_status
    raise HTTPStatusError(message, request=request, response=self)
httpx.HTTPStatusError: Client error '403 Forbidden' for url 'https://comunicaapi.pje.jus.br/api/v1/caderno/TJRR/2025-11-30/D'
For more information check: https://developer.mozilla.org/en-US/docs/Web/HTTP/Status/403
2026-04-08 22:45:35,408 WARNING  djen_backup.backfill  {'tribunal': 'TJRR', 'date': '2025-11-30', 'event': 'backfill_item_error', 'level': 'warning', 'timestamp': '2026-04-09T02:45:35.408053Z'}
2026-04-08 22:45:35,463 INFO     httpx  HTTP Request: GET https://comunicaapi.pje.jus.br/api/v1/caderno/TJRR/2025-11-23/D "HTTP/1.1 403 Forbidden"
2026-04-08 22:45:35,465 ERROR    djen_backup.backfill  {'tribunal': 'TJRR', 'date': '2025-11-23', 'event': 'backfill_download_error', 'level': 'error', 'timestamp': '2026-04-09T02:45:35.465146Z', 'exception': 'Traceback (most recent call last):\n  File "/home/franklin/workspace/causaganha/src/djen_backup/backfill.py", line 557, in backfill_process_date\n    zip_url = await get_caderno_url(client, config.djen_proxy_url, tribunal, d)\n              ^^^^^^^^^^^^^^^^^^^^^^^^^^^^^^^^^^^^^^^^^^^^^^^^^^^^^^^^^^^^^^^^^\n  File "/home/franklin/workspace/causaganha/src/djen_backup/djen.py", line 77, in get_caderno_url\n    resp.raise_for_status()\n  File "/home/franklin/workspace/causaganha/.venv/lib/python3.12/site-packages/httpx/_models.py", line 829, in raise_for_status\n    raise HTTPStatusError(message, request=request, response=self)\nhttpx.HTTPStatusError: Client error \'403 Forbidden\' for url \'https://comunicaapi.pje.jus.br/api/v1/caderno/TJRR/2025-11-23/D\'\nFor more information check: https://developer.mozilla.org/en-US/docs/Web/HTTP/Status/403'}
Traceback (most recent call last):
  File "/home/franklin/workspace/causaganha/src/djen_backup/backfill.py", line 557, in backfill_process_date
    zip_url = await get_caderno_url(client, config.djen_proxy_url, tribunal, d)
              ^^^^^^^^^^^^^^^^^^^^^^^^^^^^^^^^^^^^^^^^^^^^^^^^^^^^^^^^^^^^^^^^^
  File "/home/franklin/workspace/causaganha/src/djen_backup/djen.py", line 77, in get_caderno_url
    resp.raise_for_status()
  File "/home/franklin/workspace/causaganha/.venv/lib/python3.12/site-packages/httpx/_models.py", line 829, in raise_for_status
    raise HTTPStatusError(message, request=request, response=self)
httpx.HTTPStatusError: Client error '403 Forbidden' for url 'https://comunicaapi.pje.jus.br/api/v1/caderno/TJRR/2025-11-23/D'
For more information check: https://developer.mozilla.org/en-US/docs/Web/HTTP/Status/403
2026-04-08 22:45:35,535 WARNING  djen_backup.backfill  {'tribunal': 'TJRR', 'date': '2025-11-23', 'event': 'backfill_item_error', 'level': 'warning', 'timestamp': '2026-04-09T02:45:35.535215Z'}
2026-04-08 22:45:35,588 INFO     httpx  HTTP Request: GET https://comunicaapi.pje.jus.br/api/v1/caderno/TJRR/2025-11-22/D "HTTP/1.1 403 Forbidden"
2026-04-08 22:45:35,590 ERROR    djen_backup.backfill  {'tribunal': 'TJRR', 'date': '2025-11-22', 'event': 'backfill_download_error', 'level': 'error', 'timestamp': '2026-04-09T02:45:35.589831Z', 'exception': 'Traceback (most recent call last):\n  File "/home/franklin/workspace/causaganha/src/djen_backup/backfill.py", line 557, in backfill_process_date\n    zip_url = await get_caderno_url(client, config.djen_proxy_url, tribunal, d)\n              ^^^^^^^^^^^^^^^^^^^^^^^^^^^^^^^^^^^^^^^^^^^^^^^^^^^^^^^^^^^^^^^^^\n  File "/home/franklin/workspace/causaganha/src/djen_backup/djen.py", line 77, in get_caderno_url\n    resp.raise_for_status()\n  File "/home/franklin/workspace/causaganha/.venv/lib/python3.12/site-packages/httpx/_models.py", line 829, in raise_for_status\n    raise HTTPStatusError(message, request=request, response=self)\nhttpx.HTTPStatusError: Client error \'403 Forbidden\' for url \'https://comunicaapi.pje.jus.br/api/v1/caderno/TJRR/2025-11-22/D\'\nFor more information check: https://developer.mozilla.org/en-US/docs/Web/HTTP/Status/403'}
Traceback (most recent call last):
  File "/home/franklin/workspace/causaganha/src/djen_backup/backfill.py", line 557, in backfill_process_date
    zip_url = await get_caderno_url(client, config.djen_proxy_url, tribunal, d)
              ^^^^^^^^^^^^^^^^^^^^^^^^^^^^^^^^^^^^^^^^^^^^^^^^^^^^^^^^^^^^^^^^^
  File "/home/franklin/workspace/causaganha/src/djen_backup/djen.py", line 77, in get_caderno_url
    resp.raise_for_status()
  File "/home/franklin/workspace/causaganha/.venv/lib/python3.12/site-packages/httpx/_models.py", line 829, in raise_for_status
    raise HTTPStatusError(message, request=request, response=self)
httpx.HTTPStatusError: Client error '403 Forbidden' for url 'https://comunicaapi.pje.jus.br/api/v1/caderno/TJRR/2025-11-22/D'
For more information check: https://developer.mozilla.org/en-US/docs/Web/HTTP/Status/403
2026-04-08 22:45:35,657 WARNING  djen_backup.backfill  {'tribunal': 'TJRR', 'date': '2025-11-22', 'event': 'backfill_item_error', 'level': 'warning', 'timestamp': '2026-04-09T02:45:35.657076Z'}
2026-04-08 22:45:35,658 WARNING  djen_backup.backfill  {'tribunal': 'TJRR', 'year': 2025, 'reason': '3 consecutive errors', 'event': 'backfill_tribunal_skipped', 'level': 'warning', 'timestamp': '2026-04-09T02:45:35.657996Z'}
2026-04-08 22:45:38,236 INFO     httpx  HTTP Request: GET https://archive.org/metadata/djen-tjrs-2025/files "HTTP/1.1 200 OK"
2026-04-08 22:45:38,237 INFO     djen_backup.backfill  {'tribunal': 'TJRS', 'year': 2025, 'gaps': 365, 'event': 'backfill_tribunal_year', 'level': 'info', 'timestamp': '2026-04-09T02:45:38.237947Z'}
2026-04-08 22:45:38,343 INFO     httpx  HTTP Request: GET https://comunicaapi.pje.jus.br/api/v1/caderno/TJRS/2025-12-31/D "HTTP/1.1 200 OK"
2026-04-08 22:45:38,344 INFO     djen_backup.backfill  {'tribunal': 'TJRS', 'date': '2025-12-31', 'status_code': 200, 'event': 'backfill_empty', 'level': 'info', 'timestamp': '2026-04-09T02:45:38.344768Z'}
2026-04-08 22:45:38,444 INFO     httpx  HTTP Request: GET https://comunicaapi.pje.jus.br/api/v1/caderno/TJRS/2025-12-30/D "HTTP/1.1 200 OK"
2026-04-08 22:45:38,446 INFO     djen_backup.backfill  {'tribunal': 'TJRS', 'date': '2025-12-30', 'status_code': 200, 'event': 'backfill_empty', 'level': 'info', 'timestamp': '2026-04-09T02:45:38.446009Z'}
2026-04-08 22:45:38,550 INFO     httpx  HTTP Request: GET https://comunicaapi.pje.jus.br/api/v1/caderno/TJRS/2025-12-29/D "HTTP/1.1 200 OK"
2026-04-08 22:45:38,552 INFO     djen_backup.backfill  {'tribunal': 'TJRS', 'date': '2025-12-29', 'status_code': 200, 'event': 'backfill_empty', 'level': 'info', 'timestamp': '2026-04-09T02:45:38.552937Z'}
2026-04-08 22:45:38,662 INFO     httpx  HTTP Request: GET https://comunicaapi.pje.jus.br/api/v1/caderno/TJRS/2025-12-28/D "HTTP/1.1 404 Not Found"
2026-04-08 22:45:38,665 INFO     djen_backup.backfill  {'tribunal': 'TJRS', 'date': '2025-12-28', 'status_code': 404, 'event': 'backfill_empty', 'level': 'info', 'timestamp': '2026-04-09T02:45:38.665334Z'}
2026-04-08 22:45:38,771 INFO     httpx  HTTP Request: GET https://comunicaapi.pje.jus.br/api/v1/caderno/TJRS/2025-12-27/D "HTTP/1.1 404 Not Found"
2026-04-08 22:45:38,773 INFO     djen_backup.backfill  {'tribunal': 'TJRS', 'date': '2025-12-27', 'status_code': 404, 'event': 'backfill_empty', 'level': 'info', 'timestamp': '2026-04-09T02:45:38.773714Z'}
2026-04-08 22:45:38,882 INFO     httpx  HTTP Request: GET https://comunicaapi.pje.jus.br/api/v1/caderno/TJRS/2025-12-26/D "HTTP/1.1 200 OK"
2026-04-08 22:45:38,885 INFO     djen_backup.backfill  {'tribunal': 'TJRS', 'date': '2025-12-26', 'status_code': 200, 'event': 'backfill_empty', 'level': 'info', 'timestamp': '2026-04-09T02:45:38.885068Z'}
2026-04-08 22:45:38,992 INFO     httpx  HTTP Request: GET https://comunicaapi.pje.jus.br/api/v1/caderno/TJRS/2025-12-25/D "HTTP/1.1 200 OK"
2026-04-08 22:45:38,995 INFO     djen_backup.backfill  {'tribunal': 'TJRS', 'date': '2025-12-25', 'status_code': 200, 'event': 'backfill_empty', 'level': 'info', 'timestamp': '2026-04-09T02:45:38.995106Z'}
2026-04-08 22:45:39,107 INFO     httpx  HTTP Request: GET https://comunicaapi.pje.jus.br/api/v1/caderno/TJRS/2025-12-24/D "HTTP/1.1 200 OK"
2026-04-08 22:45:39,109 INFO     djen_backup.backfill  {'tribunal': 'TJRS', 'date': '2025-12-24', 'status_code': 200, 'event': 'backfill_empty', 'level': 'info', 'timestamp': '2026-04-09T02:45:39.109873Z'}
2026-04-08 22:45:39,216 INFO     httpx  HTTP Request: GET https://comunicaapi.pje.jus.br/api/v1/caderno/TJRS/2025-12-23/D "HTTP/1.1 200 OK"
2026-04-08 22:45:39,218 INFO     djen_backup.backfill  {'tribunal': 'TJRS', 'date': '2025-12-23', 'status_code': 200, 'event': 'backfill_empty', 'level': 'info', 'timestamp': '2026-04-09T02:45:39.218710Z'}
2026-04-08 22:45:39,318 INFO     httpx  HTTP Request: GET https://comunicaapi.pje.jus.br/api/v1/caderno/TJRS/2025-12-22/D "HTTP/1.1 200 OK"
2026-04-08 22:45:39,320 INFO     djen_backup.backfill  {'tribunal': 'TJRS', 'date': '2025-12-22', 'status_code': 200, 'event': 'backfill_empty', 'level': 'info', 'timestamp': '2026-04-09T02:45:39.320058Z'}
2026-04-08 22:45:39,420 INFO     httpx  HTTP Request: GET https://comunicaapi.pje.jus.br/api/v1/caderno/TJRS/2025-12-21/D "HTTP/1.1 404 Not Found"
2026-04-08 22:45:39,421 INFO     djen_backup.backfill  {'tribunal': 'TJRS', 'date': '2025-12-21', 'status_code': 404, 'event': 'backfill_empty', 'level': 'info', 'timestamp': '2026-04-09T02:45:39.421652Z'}
2026-04-08 22:45:39,520 INFO     httpx  HTTP Request: GET https://comunicaapi.pje.jus.br/api/v1/caderno/TJRS/2025-12-20/D "HTTP/1.1 404 Not Found"
2026-04-08 22:45:39,522 INFO     djen_backup.backfill  {'tribunal': 'TJRS', 'date': '2025-12-20', 'status_code': 404, 'event': 'backfill_empty', 'level': 'info', 'timestamp': '2026-04-09T02:45:39.522086Z'}
2026-04-08 22:45:39,630 INFO     httpx  HTTP Request: GET https://comunicaapi.pje.jus.br/api/v1/caderno/TJRS/2025-12-19/D "HTTP/1.1 200 OK"
2026-04-08 22:45:40,251 INFO     httpx  HTTP Request: GET https://djen-prd.prd.s3.cnj.jus.br/cadernos/2025/12/19/TJRS-D-2025-12-19_v1.zip?X-Amz-Content-Sha256=UNSIGNED-PAYLOAD&X-Amz-Algorithm=AWS4-HMAC-SHA256&X-Amz-Credential=AKIAB36985E5CD0631A5%2F20260409%2Fsa-east-1%2Fs3%2Faws4_request&X-Amz-Date=20260409T024539Z&X-Amz-SignedHeaders=host&X-Amz-Expires=300&X-Amz-Signature=51626c4ed5110588d6dc9804c79257a86b54bb9db27e29b9b9821f7596c45b99 "HTTP/1.1 206 Partial Content"
2026-04-08 22:45:40,254 INFO     djen_backup.djen  {'file': 'TJRS-D-2025-12-19_v1.zip', 'size_mb': 38.4, 'segments': 4, 'event': 'download_starting', 'level': 'info', 'timestamp': '2026-04-09T02:45:40.254405Z'}
2026-04-08 22:45:40,410 INFO     httpx  HTTP Request: GET https://djen-prd.prd.s3.cnj.jus.br/cadernos/2025/12/19/TJRS-D-2025-12-19_v1.zip?X-Amz-Content-Sha256=UNSIGNED-PAYLOAD&X-Amz-Algorithm=AWS4-HMAC-SHA256&X-Amz-Credential=AKIAB36985E5CD0631A5%2F20260409%2Fsa-east-1%2Fs3%2Faws4_request&X-Amz-Date=20260409T024539Z&X-Amz-SignedHeaders=host&X-Amz-Expires=300&X-Amz-Signature=51626c4ed5110588d6dc9804c79257a86b54bb9db27e29b9b9821f7596c45b99 "HTTP/1.1 206 Partial Content"
2026-04-08 22:45:40,647 INFO     httpx  HTTP Request: GET https://djen-prd.prd.s3.cnj.jus.br/cadernos/2025/12/19/TJRS-D-2025-12-19_v1.zip?X-Amz-Content-Sha256=UNSIGNED-PAYLOAD&X-Amz-Algorithm=AWS4-HMAC-SHA256&X-Amz-Credential=AKIAB36985E5CD0631A5%2F20260409%2Fsa-east-1%2Fs3%2Faws4_request&X-Amz-Date=20260409T024539Z&X-Amz-SignedHeaders=host&X-Amz-Expires=300&X-Amz-Signature=51626c4ed5110588d6dc9804c79257a86b54bb9db27e29b9b9821f7596c45b99 "HTTP/1.1 206 Partial Content"
2026-04-08 22:45:40,697 INFO     httpx  HTTP Request: GET https://djen-prd.prd.s3.cnj.jus.br/cadernos/2025/12/19/TJRS-D-2025-12-19_v1.zip?X-Amz-Content-Sha256=UNSIGNED-PAYLOAD&X-Amz-Algorithm=AWS4-HMAC-SHA256&X-Amz-Credential=AKIAB36985E5CD0631A5%2F20260409%2Fsa-east-1%2Fs3%2Faws4_request&X-Amz-Date=20260409T024539Z&X-Amz-SignedHeaders=host&X-Amz-Expires=300&X-Amz-Signature=51626c4ed5110588d6dc9804c79257a86b54bb9db27e29b9b9821f7596c45b99 "HTTP/1.1 206 Partial Content"
2026-04-08 22:45:40,780 INFO     httpx  HTTP Request: GET https://djen-prd.prd.s3.cnj.jus.br/cadernos/2025/12/19/TJRS-D-2025-12-19_v1.zip?X-Amz-Content-Sha256=UNSIGNED-PAYLOAD&X-Amz-Algorithm=AWS4-HMAC-SHA256&X-Amz-Credential=AKIAB36985E5CD0631A5%2F20260409%2Fsa-east-1%2Fs3%2Faws4_request&X-Amz-Date=20260409T024539Z&X-Amz-SignedHeaders=host&X-Amz-Expires=300&X-Amz-Signature=51626c4ed5110588d6dc9804c79257a86b54bb9db27e29b9b9821f7596c45b99 "HTTP/1.1 206 Partial Content"
2026-04-08 22:45:44,597 INFO     djen_backup.djen  {'path': '/tmp/tmp1ytjhcfw.zip', 'size_mb': 38.4, 'segments': 4, 'event': 'download_complete', 'level': 'info', 'timestamp': '2026-04-09T02:45:44.597366Z'}
2026-04-08 22:45:44,675 INFO     djen_backup.archive  {'date': '2025-12-19', 'tribunal': 'TJRS', 'size_mb': 38.4, 'event': 'upload_starting', 'level': 'info', 'timestamp': '2026-04-09T02:45:44.675039Z'}
2026-04-08 22:46:08,940 INFO     httpx  HTTP Request: PUT https://s3.us.archive.org/djen-tjrs-2025/djen-2025-12-19-TJRS.zip "HTTP/1.1 200 Ok"
2026-04-08 22:46:10,944 INFO     djen_backup.archive  {'date': '2025-12-19', 'tribunal': 'TJRS', 'size_mb': 38.4, 'elapsed_s': 26.3, 'event': 'upload_complete', 'level': 'info', 'timestamp': '2026-04-09T02:46:10.943964Z'}
2026-04-08 22:46:11,166 INFO     httpx  HTTP Request: GET https://comunicaapi.pje.jus.br/api/v1/caderno/TJRS/2025-12-18/D "HTTP/1.1 200 OK"
2026-04-08 22:46:11,481 INFO     httpx  HTTP Request: GET https://djen-prd.prd.s3.cnj.jus.br/cadernos/2025/12/18/TJRS-D-2025-12-18_v1.zip?X-Amz-Content-Sha256=UNSIGNED-PAYLOAD&X-Amz-Algorithm=AWS4-HMAC-SHA256&X-Amz-Credential=AKIAB36985E5CD0631A5%2F20260409%2Fsa-east-1%2Fs3%2Faws4_request&X-Amz-Date=20260409T024611Z&X-Amz-SignedHeaders=host&X-Amz-Expires=300&X-Amz-Signature=78839da3ce8391003d29ec8eb5d6c8f710f1bd3581c5e1eb667141e3ba429ae6 "HTTP/1.1 206 Partial Content"
2026-04-08 22:46:11,539 INFO     djen_backup.djen  {'file': 'TJRS-D-2025-12-18_v1.zip', 'size_mb': 39.7, 'segments': 4, 'event': 'download_starting', 'level': 'info', 'timestamp': '2026-04-09T02:46:11.539742Z'}
2026-04-08 22:46:11,655 INFO     httpx  HTTP Request: GET https://djen-prd.prd.s3.cnj.jus.br/cadernos/2025/12/18/TJRS-D-2025-12-18_v1.zip?X-Amz-Content-Sha256=UNSIGNED-PAYLOAD&X-Amz-Algorithm=AWS4-HMAC-SHA256&X-Amz-Credential=AKIAB36985E5CD0631A5%2F20260409%2Fsa-east-1%2Fs3%2Faws4_request&X-Amz-Date=20260409T024611Z&X-Amz-SignedHeaders=host&X-Amz-Expires=300&X-Amz-Signature=78839da3ce8391003d29ec8eb5d6c8f710f1bd3581c5e1eb667141e3ba429ae6 "HTTP/1.1 206 Partial Content"
2026-04-08 22:46:11,927 INFO     httpx  HTTP Request: GET https://djen-prd.prd.s3.cnj.jus.br/cadernos/2025/12/18/TJRS-D-2025-12-18_v1.zip?X-Amz-Content-Sha256=UNSIGNED-PAYLOAD&X-Amz-Algorithm=AWS4-HMAC-SHA256&X-Amz-Credential=AKIAB36985E5CD0631A5%2F20260409%2Fsa-east-1%2Fs3%2Faws4_request&X-Amz-Date=20260409T024611Z&X-Amz-SignedHeaders=host&X-Amz-Expires=300&X-Amz-Signature=78839da3ce8391003d29ec8eb5d6c8f710f1bd3581c5e1eb667141e3ba429ae6 "HTTP/1.1 206 Partial Content"
2026-04-08 22:46:11,987 INFO     httpx  HTTP Request: GET https://djen-prd.prd.s3.cnj.jus.br/cadernos/2025/12/18/TJRS-D-2025-12-18_v1.zip?X-Amz-Content-Sha256=UNSIGNED-PAYLOAD&X-Amz-Algorithm=AWS4-HMAC-SHA256&X-Amz-Credential=AKIAB36985E5CD0631A5%2F20260409%2Fsa-east-1%2Fs3%2Faws4_request&X-Amz-Date=20260409T024611Z&X-Amz-SignedHeaders=host&X-Amz-Expires=300&X-Amz-Signature=78839da3ce8391003d29ec8eb5d6c8f710f1bd3581c5e1eb667141e3ba429ae6 "HTTP/1.1 206 Partial Content"
2026-04-08 22:46:12,010 INFO     httpx  HTTP Request: GET https://djen-prd.prd.s3.cnj.jus.br/cadernos/2025/12/18/TJRS-D-2025-12-18_v1.zip?X-Amz-Content-Sha256=UNSIGNED-PAYLOAD&X-Amz-Algorithm=AWS4-HMAC-SHA256&X-Amz-Credential=AKIAB36985E5CD0631A5%2F20260409%2Fsa-east-1%2Fs3%2Faws4_request&X-Amz-Date=20260409T024611Z&X-Amz-SignedHeaders=host&X-Amz-Expires=300&X-Amz-Signature=78839da3ce8391003d29ec8eb5d6c8f710f1bd3581c5e1eb667141e3ba429ae6 "HTTP/1.1 206 Partial Content"
2026-04-08 22:46:15,959 INFO     djen_backup.djen  {'path': '/tmp/tmpnkommmaw.zip', 'size_mb': 39.7, 'segments': 4, 'event': 'download_complete', 'level': 'info', 'timestamp': '2026-04-09T02:46:15.959551Z'}
2026-04-08 22:46:16,046 INFO     djen_backup.archive  {'date': '2025-12-18', 'tribunal': 'TJRS', 'size_mb': 39.7, 'event': 'upload_starting', 'level': 'info', 'timestamp': '2026-04-09T02:46:16.046311Z'}
2026-04-08 22:46:25,308 INFO     httpx  HTTP Request: PUT https://s3.us.archive.org/djen-tjrs-2025/djen-2025-12-18-TJRS.zip "HTTP/1.1 200 Ok"
2026-04-08 22:46:27,312 INFO     djen_backup.archive  {'date': '2025-12-18', 'tribunal': 'TJRS', 'size_mb': 39.7, 'elapsed_s': 11.4, 'event': 'upload_complete', 'level': 'info', 'timestamp': '2026-04-09T02:46:27.312155Z'}
2026-04-08 22:46:27,544 INFO     httpx  HTTP Request: GET https://comunicaapi.pje.jus.br/api/v1/caderno/TJRS/2025-12-17/D "HTTP/1.1 200 OK"
2026-04-08 22:46:27,858 INFO     httpx  HTTP Request: GET https://djen-prd.prd.s3.cnj.jus.br/cadernos/2025/12/17/TJRS-D-2025-12-17_v1.zip?X-Amz-Content-Sha256=UNSIGNED-PAYLOAD&X-Amz-Algorithm=AWS4-HMAC-SHA256&X-Amz-Credential=AKIAB36985E5CD0631A5%2F20260409%2Fsa-east-1%2Fs3%2Faws4_request&X-Amz-Date=20260409T024627Z&X-Amz-SignedHeaders=host&X-Amz-Expires=300&X-Amz-Signature=c485b6a5b413035c4f3a78c4278575ed367b78220906d7b2e2d95f6814a218f6 "HTTP/1.1 206 Partial Content"
2026-04-08 22:46:27,861 INFO     djen_backup.djen  {'file': 'TJRS-D-2025-12-17_v1.zip', 'size_mb': 39.8, 'segments': 4, 'event': 'download_starting', 'level': 'info', 'timestamp': '2026-04-09T02:46:27.861949Z'}
2026-04-08 22:46:28,060 INFO     httpx  HTTP Request: GET https://djen-prd.prd.s3.cnj.jus.br/cadernos/2025/12/17/TJRS-D-2025-12-17_v1.zip?X-Amz-Content-Sha256=UNSIGNED-PAYLOAD&X-Amz-Algorithm=AWS4-HMAC-SHA256&X-Amz-Credential=AKIAB36985E5CD0631A5%2F20260409%2Fsa-east-1%2Fs3%2Faws4_request&X-Amz-Date=20260409T024627Z&X-Amz-SignedHeaders=host&X-Amz-Expires=300&X-Amz-Signature=c485b6a5b413035c4f3a78c4278575ed367b78220906d7b2e2d95f6814a218f6 "HTTP/1.1 206 Partial Content"
2026-04-08 22:46:28,251 INFO     httpx  HTTP Request: GET https://djen-prd.prd.s3.cnj.jus.br/cadernos/2025/12/17/TJRS-D-2025-12-17_v1.zip?X-Amz-Content-Sha256=UNSIGNED-PAYLOAD&X-Amz-Algorithm=AWS4-HMAC-SHA256&X-Amz-Credential=AKIAB36985E5CD0631A5%2F20260409%2Fsa-east-1%2Fs3%2Faws4_request&X-Amz-Date=20260409T024627Z&X-Amz-SignedHeaders=host&X-Amz-Expires=300&X-Amz-Signature=c485b6a5b413035c4f3a78c4278575ed367b78220906d7b2e2d95f6814a218f6 "HTTP/1.1 206 Partial Content"
2026-04-08 22:46:28,278 INFO     httpx  HTTP Request: GET https://djen-prd.prd.s3.cnj.jus.br/cadernos/2025/12/17/TJRS-D-2025-12-17_v1.zip?X-Amz-Content-Sha256=UNSIGNED-PAYLOAD&X-Amz-Algorithm=AWS4-HMAC-SHA256&X-Amz-Credential=AKIAB36985E5CD0631A5%2F20260409%2Fsa-east-1%2Fs3%2Faws4_request&X-Amz-Date=20260409T024627Z&X-Amz-SignedHeaders=host&X-Amz-Expires=300&X-Amz-Signature=c485b6a5b413035c4f3a78c4278575ed367b78220906d7b2e2d95f6814a218f6 "HTTP/1.1 206 Partial Content"
2026-04-08 22:46:28,483 INFO     httpx  HTTP Request: GET https://djen-prd.prd.s3.cnj.jus.br/cadernos/2025/12/17/TJRS-D-2025-12-17_v1.zip?X-Amz-Content-Sha256=UNSIGNED-PAYLOAD&X-Amz-Algorithm=AWS4-HMAC-SHA256&X-Amz-Credential=AKIAB36985E5CD0631A5%2F20260409%2Fsa-east-1%2Fs3%2Faws4_request&X-Amz-Date=20260409T024627Z&X-Amz-SignedHeaders=host&X-Amz-Expires=300&X-Amz-Signature=c485b6a5b413035c4f3a78c4278575ed367b78220906d7b2e2d95f6814a218f6 "HTTP/1.1 206 Partial Content"
2026-04-08 22:46:32,030 INFO     djen_backup.djen  {'path': '/tmp/tmp7org1rty.zip', 'size_mb': 39.8, 'segments': 4, 'event': 'download_complete', 'level': 'info', 'timestamp': '2026-04-09T02:46:32.029983Z'}
2026-04-08 22:46:32,144 INFO     djen_backup.archive  {'date': '2025-12-17', 'tribunal': 'TJRS', 'size_mb': 39.8, 'event': 'upload_starting', 'level': 'info', 'timestamp': '2026-04-09T02:46:32.144606Z'}
2026-04-08 22:47:14,422 INFO     httpx  HTTP Request: PUT https://s3.us.archive.org/djen-tjrs-2025/djen-2025-12-17-TJRS.zip "HTTP/1.1 200 Ok"
2026-04-08 22:47:16,425 INFO     djen_backup.archive  {'date': '2025-12-17', 'tribunal': 'TJRS', 'size_mb': 39.8, 'elapsed_s': 44.4, 'event': 'upload_complete', 'level': 'info', 'timestamp': '2026-04-09T02:47:16.425665Z'}
2026-04-08 22:47:16,751 INFO     httpx  HTTP Request: GET https://comunicaapi.pje.jus.br/api/v1/caderno/TJRS/2025-12-16/D "HTTP/1.1 200 OK"
2026-04-08 22:47:17,400 INFO     httpx  HTTP Request: GET https://djen-prd.prd.s3.cnj.jus.br/cadernos/2025/12/16/TJRS-D-2025-12-16_v1.zip?X-Amz-Content-Sha256=UNSIGNED-PAYLOAD&X-Amz-Algorithm=AWS4-HMAC-SHA256&X-Amz-Credential=AKIAB36985E5CD0631A5%2F20260409%2Fsa-east-1%2Fs3%2Faws4_request&X-Amz-Date=20260409T024716Z&X-Amz-SignedHeaders=host&X-Amz-Expires=300&X-Amz-Signature=62863e675452b9e5982b2711f48ab8ffcbe1606dcd81696722bac95c395ed333 "HTTP/1.1 206 Partial Content"
2026-04-08 22:47:17,401 INFO     djen_backup.djen  {'file': 'TJRS-D-2025-12-16_v1.zip', 'size_mb': 41.2, 'segments': 4, 'event': 'download_starting', 'level': 'info', 'timestamp': '2026-04-09T02:47:17.401642Z'}
2026-04-08 22:47:17,530 INFO     httpx  HTTP Request: GET https://djen-prd.prd.s3.cnj.jus.br/cadernos/2025/12/16/TJRS-D-2025-12-16_v1.zip?X-Amz-Content-Sha256=UNSIGNED-PAYLOAD&X-Amz-Algorithm=AWS4-HMAC-SHA256&X-Amz-Credential=AKIAB36985E5CD0631A5%2F20260409%2Fsa-east-1%2Fs3%2Faws4_request&X-Amz-Date=20260409T024716Z&X-Amz-SignedHeaders=host&X-Amz-Expires=300&X-Amz-Signature=62863e675452b9e5982b2711f48ab8ffcbe1606dcd81696722bac95c395ed333 "HTTP/1.1 206 Partial Content"
2026-04-08 22:47:17,731 INFO     httpx  HTTP Request: GET https://djen-prd.prd.s3.cnj.jus.br/cadernos/2025/12/16/TJRS-D-2025-12-16_v1.zip?X-Amz-Content-Sha256=UNSIGNED-PAYLOAD&X-Amz-Algorithm=AWS4-HMAC-SHA256&X-Amz-Credential=AKIAB36985E5CD0631A5%2F20260409%2Fsa-east-1%2Fs3%2Faws4_request&X-Amz-Date=20260409T024716Z&X-Amz-SignedHeaders=host&X-Amz-Expires=300&X-Amz-Signature=62863e675452b9e5982b2711f48ab8ffcbe1606dcd81696722bac95c395ed333 "HTTP/1.1 206 Partial Content"
2026-04-08 22:47:17,736 INFO     httpx  HTTP Request: GET https://djen-prd.prd.s3.cnj.jus.br/cadernos/2025/12/16/TJRS-D-2025-12-16_v1.zip?X-Amz-Content-Sha256=UNSIGNED-PAYLOAD&X-Amz-Algorithm=AWS4-HMAC-SHA256&X-Amz-Credential=AKIAB36985E5CD0631A5%2F20260409%2Fsa-east-1%2Fs3%2Faws4_request&X-Amz-Date=20260409T024716Z&X-Amz-SignedHeaders=host&X-Amz-Expires=300&X-Amz-Signature=62863e675452b9e5982b2711f48ab8ffcbe1606dcd81696722bac95c395ed333 "HTTP/1.1 206 Partial Content"
2026-04-08 22:47:17,804 INFO     httpx  HTTP Request: GET https://djen-prd.prd.s3.cnj.jus.br/cadernos/2025/12/16/TJRS-D-2025-12-16_v1.zip?X-Amz-Content-Sha256=UNSIGNED-PAYLOAD&X-Amz-Algorithm=AWS4-HMAC-SHA256&X-Amz-Credential=AKIAB36985E5CD0631A5%2F20260409%2Fsa-east-1%2Fs3%2Faws4_request&X-Amz-Date=20260409T024716Z&X-Amz-SignedHeaders=host&X-Amz-Expires=300&X-Amz-Signature=62863e675452b9e5982b2711f48ab8ffcbe1606dcd81696722bac95c395ed333 "HTTP/1.1 206 Partial Content"
2026-04-08 22:47:21,657 INFO     djen_backup.djen  {'path': '/tmp/tmpusu3yevs.zip', 'size_mb': 41.2, 'segments': 4, 'event': 'download_complete', 'level': 'info', 'timestamp': '2026-04-09T02:47:21.657917Z'}
2026-04-08 22:47:21,778 INFO     djen_backup.archive  {'date': '2025-12-16', 'tribunal': 'TJRS', 'size_mb': 41.2, 'event': 'upload_starting', 'level': 'info', 'timestamp': '2026-04-09T02:47:21.778885Z'}
2026-04-08 22:47:28,764 INFO     httpx  HTTP Request: PUT https://s3.us.archive.org/djen-tjrs-2025/djen-2025-12-16-TJRS.zip "HTTP/1.1 200 Ok"
2026-04-08 22:47:30,767 INFO     djen_backup.archive  {'date': '2025-12-16', 'tribunal': 'TJRS', 'size_mb': 41.2, 'elapsed_s': 9.1, 'event': 'upload_complete', 'level': 'info', 'timestamp': '2026-04-09T02:47:30.767797Z'}
2026-04-08 22:47:30,998 INFO     httpx  HTTP Request: GET https://comunicaapi.pje.jus.br/api/v1/caderno/TJRS/2025-12-15/D "HTTP/1.1 200 OK"
2026-04-08 22:47:31,509 INFO     httpx  HTTP Request: GET https://djen-prd.prd.s3.cnj.jus.br/cadernos/2025/12/15/TJRS-D-2025-12-15_v1.zip?X-Amz-Content-Sha256=UNSIGNED-PAYLOAD&X-Amz-Algorithm=AWS4-HMAC-SHA256&X-Amz-Credential=AKIAB36985E5CD0631A5%2F20260409%2Fsa-east-1%2Fs3%2Faws4_request&X-Amz-Date=20260409T024731Z&X-Amz-SignedHeaders=host&X-Amz-Expires=300&X-Amz-Signature=072d756bade75aefd5d56ff399abe9caa6aa7f8c9ca0036e9255077661f51bd7 "HTTP/1.1 206 Partial Content"
2026-04-08 22:47:31,512 INFO     djen_backup.djen  {'file': 'TJRS-D-2025-12-15_v1.zip', 'size_mb': 39.1, 'segments': 4, 'event': 'download_starting', 'level': 'info', 'timestamp': '2026-04-09T02:47:31.512842Z'}
2026-04-08 22:47:31,607 INFO     httpx  HTTP Request: GET https://djen-prd.prd.s3.cnj.jus.br/cadernos/2025/12/15/TJRS-D-2025-12-15_v1.zip?X-Amz-Content-Sha256=UNSIGNED-PAYLOAD&X-Amz-Algorithm=AWS4-HMAC-SHA256&X-Amz-Credential=AKIAB36985E5CD0631A5%2F20260409%2Fsa-east-1%2Fs3%2Faws4_request&X-Amz-Date=20260409T024731Z&X-Amz-SignedHeaders=host&X-Amz-Expires=300&X-Amz-Signature=072d756bade75aefd5d56ff399abe9caa6aa7f8c9ca0036e9255077661f51bd7 "HTTP/1.1 206 Partial Content"
2026-04-08 22:47:31,925 INFO     httpx  HTTP Request: GET https://djen-prd.prd.s3.cnj.jus.br/cadernos/2025/12/15/TJRS-D-2025-12-15_v1.zip?X-Amz-Content-Sha256=UNSIGNED-PAYLOAD&X-Amz-Algorithm=AWS4-HMAC-SHA256&X-Amz-Credential=AKIAB36985E5CD0631A5%2F20260409%2Fsa-east-1%2Fs3%2Faws4_request&X-Amz-Date=20260409T024731Z&X-Amz-SignedHeaders=host&X-Amz-Expires=300&X-Amz-Signature=072d756bade75aefd5d56ff399abe9caa6aa7f8c9ca0036e9255077661f51bd7 "HTTP/1.1 206 Partial Content"
2026-04-08 22:47:31,972 INFO     httpx  HTTP Request: GET https://djen-prd.prd.s3.cnj.jus.br/cadernos/2025/12/15/TJRS-D-2025-12-15_v1.zip?X-Amz-Content-Sha256=UNSIGNED-PAYLOAD&X-Amz-Algorithm=AWS4-HMAC-SHA256&X-Amz-Credential=AKIAB36985E5CD0631A5%2F20260409%2Fsa-east-1%2Fs3%2Faws4_request&X-Amz-Date=20260409T024731Z&X-Amz-SignedHeaders=host&X-Amz-Expires=300&X-Amz-Signature=072d756bade75aefd5d56ff399abe9caa6aa7f8c9ca0036e9255077661f51bd7 "HTTP/1.1 206 Partial Content"
2026-04-08 22:47:32,003 INFO     httpx  HTTP Request: GET https://djen-prd.prd.s3.cnj.jus.br/cadernos/2025/12/15/TJRS-D-2025-12-15_v1.zip?X-Amz-Content-Sha256=UNSIGNED-PAYLOAD&X-Amz-Algorithm=AWS4-HMAC-SHA256&X-Amz-Credential=AKIAB36985E5CD0631A5%2F20260409%2Fsa-east-1%2Fs3%2Faws4_request&X-Amz-Date=20260409T024731Z&X-Amz-SignedHeaders=host&X-Amz-Expires=300&X-Amz-Signature=072d756bade75aefd5d56ff399abe9caa6aa7f8c9ca0036e9255077661f51bd7 "HTTP/1.1 206 Partial Content"
2026-04-08 22:47:35,334 INFO     djen_backup.djen  {'path': '/tmp/tmpp6szu53k.zip', 'size_mb': 39.1, 'segments': 4, 'event': 'download_complete', 'level': 'info', 'timestamp': '2026-04-09T02:47:35.334545Z'}
2026-04-08 22:47:35,401 INFO     djen_backup.archive  {'date': '2025-12-15', 'tribunal': 'TJRS', 'size_mb': 39.1, 'event': 'upload_starting', 'level': 'info', 'timestamp': '2026-04-09T02:47:35.401772Z'}
2026-04-08 22:48:11,399 INFO     httpx  HTTP Request: PUT https://s3.us.archive.org/djen-tjrs-2025/djen-2025-12-15-TJRS.zip "HTTP/1.1 200 Ok"
2026-04-08 22:48:13,403 INFO     djen_backup.archive  {'date': '2025-12-15', 'tribunal': 'TJRS', 'size_mb': 39.1, 'elapsed_s': 38.1, 'event': 'upload_complete', 'level': 'info', 'timestamp': '2026-04-09T02:48:13.403783Z'}
2026-04-08 22:48:13,635 INFO     httpx  HTTP Request: GET https://comunicaapi.pje.jus.br/api/v1/caderno/TJRS/2025-12-14/D "HTTP/1.1 404 Not Found"
2026-04-08 22:48:13,638 INFO     djen_backup.backfill  {'tribunal': 'TJRS', 'date': '2025-12-14', 'status_code': 404, 'event': 'backfill_empty', 'level': 'info', 'timestamp': '2026-04-09T02:48:13.638558Z'}
2026-04-08 22:48:13,749 INFO     httpx  HTTP Request: GET https://comunicaapi.pje.jus.br/api/v1/caderno/TJRS/2025-12-13/D "HTTP/1.1 404 Not Found"
2026-04-08 22:48:13,750 INFO     djen_backup.backfill  {'tribunal': 'TJRS', 'date': '2025-12-13', 'status_code': 404, 'event': 'backfill_empty', 'level': 'info', 'timestamp': '2026-04-09T02:48:13.750534Z'}
2026-04-08 22:48:14,160 INFO     httpx  HTTP Request: GET https://comunicaapi.pje.jus.br/api/v1/caderno/TJRS/2025-12-12/D "HTTP/1.1 200 OK"
2026-04-08 22:48:14,725 INFO     httpx  HTTP Request: GET https://djen-prd.prd.s3.cnj.jus.br/cadernos/2025/12/12/TJRS-D-2025-12-12_v1.zip?X-Amz-Content-Sha256=UNSIGNED-PAYLOAD&X-Amz-Algorithm=AWS4-HMAC-SHA256&X-Amz-Credential=AKIAB36985E5CD0631A5%2F20260409%2Fsa-east-1%2Fs3%2Faws4_request&X-Amz-Date=20260409T024814Z&X-Amz-SignedHeaders=host&X-Amz-Expires=300&X-Amz-Signature=29f67f336ce29353deb24999e6521e8b70f30798e2dfc43bfde102b7c7ea8ed7 "HTTP/1.1 206 Partial Content"
2026-04-08 22:48:14,729 INFO     djen_backup.djen  {'file': 'TJRS-D-2025-12-12_v1.zip', 'size_mb': 33.4, 'segments': 4, 'event': 'download_starting', 'level': 'info', 'timestamp': '2026-04-09T02:48:14.729530Z'}
2026-04-08 22:48:14,838 INFO     httpx  HTTP Request: GET https://djen-prd.prd.s3.cnj.jus.br/cadernos/2025/12/12/TJRS-D-2025-12-12_v1.zip?X-Amz-Content-Sha256=UNSIGNED-PAYLOAD&X-Amz-Algorithm=AWS4-HMAC-SHA256&X-Amz-Credential=AKIAB36985E5CD0631A5%2F20260409%2Fsa-east-1%2Fs3%2Faws4_request&X-Amz-Date=20260409T024814Z&X-Amz-SignedHeaders=host&X-Amz-Expires=300&X-Amz-Signature=29f67f336ce29353deb24999e6521e8b70f30798e2dfc43bfde102b7c7ea8ed7 "HTTP/1.1 206 Partial Content"
2026-04-08 22:48:15,112 INFO     httpx  HTTP Request: GET https://djen-prd.prd.s3.cnj.jus.br/cadernos/2025/12/12/TJRS-D-2025-12-12_v1.zip?X-Amz-Content-Sha256=UNSIGNED-PAYLOAD&X-Amz-Algorithm=AWS4-HMAC-SHA256&X-Amz-Credential=AKIAB36985E5CD0631A5%2F20260409%2Fsa-east-1%2Fs3%2Faws4_request&X-Amz-Date=20260409T024814Z&X-Amz-SignedHeaders=host&X-Amz-Expires=300&X-Amz-Signature=29f67f336ce29353deb24999e6521e8b70f30798e2dfc43bfde102b7c7ea8ed7 "HTTP/1.1 206 Partial Content"
2026-04-08 22:48:15,154 INFO     httpx  HTTP Request: GET https://djen-prd.prd.s3.cnj.jus.br/cadernos/2025/12/12/TJRS-D-2025-12-12_v1.zip?X-Amz-Content-Sha256=UNSIGNED-PAYLOAD&X-Amz-Algorithm=AWS4-HMAC-SHA256&X-Amz-Credential=AKIAB36985E5CD0631A5%2F20260409%2Fsa-east-1%2Fs3%2Faws4_request&X-Amz-Date=20260409T024814Z&X-Amz-SignedHeaders=host&X-Amz-Expires=300&X-Amz-Signature=29f67f336ce29353deb24999e6521e8b70f30798e2dfc43bfde102b7c7ea8ed7 "HTTP/1.1 206 Partial Content"
2026-04-08 22:48:15,186 INFO     httpx  HTTP Request: GET https://djen-prd.prd.s3.cnj.jus.br/cadernos/2025/12/12/TJRS-D-2025-12-12_v1.zip?X-Amz-Content-Sha256=UNSIGNED-PAYLOAD&X-Amz-Algorithm=AWS4-HMAC-SHA256&X-Amz-Credential=AKIAB36985E5CD0631A5%2F20260409%2Fsa-east-1%2Fs3%2Faws4_request&X-Amz-Date=20260409T024814Z&X-Amz-SignedHeaders=host&X-Amz-Expires=300&X-Amz-Signature=29f67f336ce29353deb24999e6521e8b70f30798e2dfc43bfde102b7c7ea8ed7 "HTTP/1.1 206 Partial Content"
2026-04-08 22:48:18,584 INFO     djen_backup.djen  {'path': '/tmp/tmpca0nhoh5.zip', 'size_mb': 33.4, 'segments': 4, 'event': 'download_complete', 'level': 'info', 'timestamp': '2026-04-09T02:48:18.583956Z'}
2026-04-08 22:48:18,659 INFO     djen_backup.archive  {'date': '2025-12-12', 'tribunal': 'TJRS', 'size_mb': 33.4, 'event': 'upload_starting', 'level': 'info', 'timestamp': '2026-04-09T02:48:18.659146Z'}
2026-04-08 22:48:25,205 INFO     httpx  HTTP Request: PUT https://s3.us.archive.org/djen-tjrs-2025/djen-2025-12-12-TJRS.zip "HTTP/1.1 200 Ok"
2026-04-08 22:48:27,209 INFO     djen_backup.archive  {'date': '2025-12-12', 'tribunal': 'TJRS', 'size_mb': 33.4, 'elapsed_s': 8.6, 'event': 'upload_complete', 'level': 'info', 'timestamp': '2026-04-09T02:48:27.209408Z'}
2026-04-08 22:48:27,438 INFO     httpx  HTTP Request: GET https://comunicaapi.pje.jus.br/api/v1/caderno/TJRS/2025-12-11/D "HTTP/1.1 200 OK"
2026-04-08 22:48:27,755 INFO     httpx  HTTP Request: GET https://djen-prd.prd.s3.cnj.jus.br/cadernos/2025/12/11/TJRS-D-2025-12-11_v1.zip?X-Amz-Content-Sha256=UNSIGNED-PAYLOAD&X-Amz-Algorithm=AWS4-HMAC-SHA256&X-Amz-Credential=AKIAB36985E5CD0631A5%2F20260409%2Fsa-east-1%2Fs3%2Faws4_request&X-Amz-Date=20260409T024827Z&X-Amz-SignedHeaders=host&X-Amz-Expires=300&X-Amz-Signature=7210247ec7394eb4bacae1c106eee7e6c077eb409e6be93cba10759029ae6b9b "HTTP/1.1 206 Partial Content"
2026-04-08 22:48:27,756 INFO     djen_backup.djen  {'file': 'TJRS-D-2025-12-11_v1.zip', 'size_mb': 37.1, 'segments': 4, 'event': 'download_starting', 'level': 'info', 'timestamp': '2026-04-09T02:48:27.756866Z'}
2026-04-08 22:48:28,042 INFO     httpx  HTTP Request: GET https://djen-prd.prd.s3.cnj.jus.br/cadernos/2025/12/11/TJRS-D-2025-12-11_v1.zip?X-Amz-Content-Sha256=UNSIGNED-PAYLOAD&X-Amz-Algorithm=AWS4-HMAC-SHA256&X-Amz-Credential=AKIAB36985E5CD0631A5%2F20260409%2Fsa-east-1%2Fs3%2Faws4_request&X-Amz-Date=20260409T024827Z&X-Amz-SignedHeaders=host&X-Amz-Expires=300&X-Amz-Signature=7210247ec7394eb4bacae1c106eee7e6c077eb409e6be93cba10759029ae6b9b "HTTP/1.1 206 Partial Content"
2026-04-08 22:48:28,104 INFO     httpx  HTTP Request: GET https://djen-prd.prd.s3.cnj.jus.br/cadernos/2025/12/11/TJRS-D-2025-12-11_v1.zip?X-Amz-Content-Sha256=UNSIGNED-PAYLOAD&X-Amz-Algorithm=AWS4-HMAC-SHA256&X-Amz-Credential=AKIAB36985E5CD0631A5%2F20260409%2Fsa-east-1%2Fs3%2Faws4_request&X-Amz-Date=20260409T024827Z&X-Amz-SignedHeaders=host&X-Amz-Expires=300&X-Amz-Signature=7210247ec7394eb4bacae1c106eee7e6c077eb409e6be93cba10759029ae6b9b "HTTP/1.1 206 Partial Content"
2026-04-08 22:48:28,117 INFO     httpx  HTTP Request: GET https://djen-prd.prd.s3.cnj.jus.br/cadernos/2025/12/11/TJRS-D-2025-12-11_v1.zip?X-Amz-Content-Sha256=UNSIGNED-PAYLOAD&X-Amz-Algorithm=AWS4-HMAC-SHA256&X-Amz-Credential=AKIAB36985E5CD0631A5%2F20260409%2Fsa-east-1%2Fs3%2Faws4_request&X-Amz-Date=20260409T024827Z&X-Amz-SignedHeaders=host&X-Amz-Expires=300&X-Amz-Signature=7210247ec7394eb4bacae1c106eee7e6c077eb409e6be93cba10759029ae6b9b "HTTP/1.1 206 Partial Content"
2026-04-08 22:48:28,215 INFO     httpx  HTTP Request: GET https://djen-prd.prd.s3.cnj.jus.br/cadernos/2025/12/11/TJRS-D-2025-12-11_v1.zip?X-Amz-Content-Sha256=UNSIGNED-PAYLOAD&X-Amz-Algorithm=AWS4-HMAC-SHA256&X-Amz-Credential=AKIAB36985E5CD0631A5%2F20260409%2Fsa-east-1%2Fs3%2Faws4_request&X-Amz-Date=20260409T024827Z&X-Amz-SignedHeaders=host&X-Amz-Expires=300&X-Amz-Signature=7210247ec7394eb4bacae1c106eee7e6c077eb409e6be93cba10759029ae6b9b "HTTP/1.1 206 Partial Content"
2026-04-08 22:48:31,699 INFO     djen_backup.djen  {'path': '/tmp/tmpq8tqft_j.zip', 'size_mb': 37.1, 'segments': 4, 'event': 'download_complete', 'level': 'info', 'timestamp': '2026-04-09T02:48:31.699572Z'}
2026-04-08 22:48:31,773 INFO     djen_backup.archive  {'date': '2025-12-11', 'tribunal': 'TJRS', 'size_mb': 37.1, 'event': 'upload_starting', 'level': 'info', 'timestamp': '2026-04-09T02:48:31.773210Z'}
2026-04-08 22:49:00,234 INFO     httpx  HTTP Request: PUT https://s3.us.archive.org/djen-tjrs-2025/djen-2025-12-11-TJRS.zip "HTTP/1.1 200 Ok"
2026-04-08 22:49:02,238 INFO     djen_backup.archive  {'date': '2025-12-11', 'tribunal': 'TJRS', 'size_mb': 37.1, 'elapsed_s': 30.5, 'event': 'upload_complete', 'level': 'info', 'timestamp': '2026-04-09T02:49:02.238618Z'}
2026-04-08 22:49:02,590 INFO     httpx  HTTP Request: GET https://comunicaapi.pje.jus.br/api/v1/caderno/TJRS/2025-12-10/D "HTTP/1.1 200 OK"
2026-04-08 22:49:03,003 INFO     httpx  HTTP Request: GET https://djen-prd.prd.s3.cnj.jus.br/cadernos/2025/12/10/TJRS-D-2025-12-10_v1.zip?X-Amz-Content-Sha256=UNSIGNED-PAYLOAD&X-Amz-Algorithm=AWS4-HMAC-SHA256&X-Amz-Credential=AKIAB36985E5CD0631A5%2F20260409%2Fsa-east-1%2Fs3%2Faws4_request&X-Amz-Date=20260409T024902Z&X-Amz-SignedHeaders=host&X-Amz-Expires=300&X-Amz-Signature=56b78c7c07c60f98813118672bebd4ebe34ebae385202cc988a78e467145266d "HTTP/1.1 206 Partial Content"
2026-04-08 22:49:03,005 INFO     djen_backup.djen  {'file': 'TJRS-D-2025-12-10_v1.zip', 'size_mb': 34.8, 'segments': 4, 'event': 'download_starting', 'level': 'info', 'timestamp': '2026-04-09T02:49:03.005748Z'}
2026-04-08 22:49:03,100 INFO     httpx  HTTP Request: GET https://djen-prd.prd.s3.cnj.jus.br/cadernos/2025/12/10/TJRS-D-2025-12-10_v1.zip?X-Amz-Content-Sha256=UNSIGNED-PAYLOAD&X-Amz-Algorithm=AWS4-HMAC-SHA256&X-Amz-Credential=AKIAB36985E5CD0631A5%2F20260409%2Fsa-east-1%2Fs3%2Faws4_request&X-Amz-Date=20260409T024902Z&X-Amz-SignedHeaders=host&X-Amz-Expires=300&X-Amz-Signature=56b78c7c07c60f98813118672bebd4ebe34ebae385202cc988a78e467145266d "HTTP/1.1 206 Partial Content"
2026-04-08 22:49:03,424 INFO     httpx  HTTP Request: GET https://djen-prd.prd.s3.cnj.jus.br/cadernos/2025/12/10/TJRS-D-2025-12-10_v1.zip?X-Amz-Content-Sha256=UNSIGNED-PAYLOAD&X-Amz-Algorithm=AWS4-HMAC-SHA256&X-Amz-Credential=AKIAB36985E5CD0631A5%2F20260409%2Fsa-east-1%2Fs3%2Faws4_request&X-Amz-Date=20260409T024902Z&X-Amz-SignedHeaders=host&X-Amz-Expires=300&X-Amz-Signature=56b78c7c07c60f98813118672bebd4ebe34ebae385202cc988a78e467145266d "HTTP/1.1 206 Partial Content"
2026-04-08 22:49:03,689 INFO     httpx  HTTP Request: GET https://djen-prd.prd.s3.cnj.jus.br/cadernos/2025/12/10/TJRS-D-2025-12-10_v1.zip?X-Amz-Content-Sha256=UNSIGNED-PAYLOAD&X-Amz-Algorithm=AWS4-HMAC-SHA256&X-Amz-Credential=AKIAB36985E5CD0631A5%2F20260409%2Fsa-east-1%2Fs3%2Faws4_request&X-Amz-Date=20260409T024902Z&X-Amz-SignedHeaders=host&X-Amz-Expires=300&X-Amz-Signature=56b78c7c07c60f98813118672bebd4ebe34ebae385202cc988a78e467145266d "HTTP/1.1 206 Partial Content"
2026-04-08 22:49:03,692 INFO     httpx  HTTP Request: GET https://djen-prd.prd.s3.cnj.jus.br/cadernos/2025/12/10/TJRS-D-2025-12-10_v1.zip?X-Amz-Content-Sha256=UNSIGNED-PAYLOAD&X-Amz-Algorithm=AWS4-HMAC-SHA256&X-Amz-Credential=AKIAB36985E5CD0631A5%2F20260409%2Fsa-east-1%2Fs3%2Faws4_request&X-Amz-Date=20260409T024902Z&X-Amz-SignedHeaders=host&X-Amz-Expires=300&X-Amz-Signature=56b78c7c07c60f98813118672bebd4ebe34ebae385202cc988a78e467145266d "HTTP/1.1 206 Partial Content"
2026-04-08 22:49:12,916 INFO     djen_backup.djen  {'path': '/tmp/tmpp46az1y7.zip', 'size_mb': 34.8, 'segments': 4, 'event': 'download_complete', 'level': 'info', 'timestamp': '2026-04-09T02:49:12.916721Z'}
2026-04-08 22:49:13,005 INFO     djen_backup.archive  {'date': '2025-12-10', 'tribunal': 'TJRS', 'size_mb': 34.8, 'event': 'upload_starting', 'level': 'info', 'timestamp': '2026-04-09T02:49:13.005704Z'}
2026-04-08 22:49:19,046 INFO     httpx  HTTP Request: PUT https://s3.us.archive.org/djen-tjrs-2025/djen-2025-12-10-TJRS.zip "HTTP/1.1 200 Ok"
2026-04-08 22:49:21,051 INFO     djen_backup.archive  {'date': '2025-12-10', 'tribunal': 'TJRS', 'size_mb': 34.8, 'elapsed_s': 8.1, 'event': 'upload_complete', 'level': 'info', 'timestamp': '2026-04-09T02:49:21.051025Z'}
2026-04-08 22:49:21,246 INFO     httpx  HTTP Request: GET https://comunicaapi.pje.jus.br/api/v1/caderno/TJRS/2025-12-09/D "HTTP/1.1 200 OK"
2026-04-08 22:49:21,537 INFO     httpx  HTTP Request: GET https://djen-prd.prd.s3.cnj.jus.br/cadernos/2025/12/09/TJRS-D-2025-12-09_v1.zip?X-Amz-Content-Sha256=UNSIGNED-PAYLOAD&X-Amz-Algorithm=AWS4-HMAC-SHA256&X-Amz-Credential=AKIAB36985E5CD0631A5%2F20260409%2Fsa-east-1%2Fs3%2Faws4_request&X-Amz-Date=20260409T024921Z&X-Amz-SignedHeaders=host&X-Amz-Expires=300&X-Amz-Signature=ca3117da64895de29c965523e146a0332b3d962fd4dfd8eb5c3d92a2c4ebb630 "HTTP/1.1 206 Partial Content"
2026-04-08 22:49:21,541 INFO     djen_backup.djen  {'file': 'TJRS-D-2025-12-09_v1.zip', 'size_mb': 35.7, 'segments': 4, 'event': 'download_starting', 'level': 'info', 'timestamp': '2026-04-09T02:49:21.541744Z'}
2026-04-08 22:49:21,646 INFO     httpx  HTTP Request: GET https://djen-prd.prd.s3.cnj.jus.br/cadernos/2025/12/09/TJRS-D-2025-12-09_v1.zip?X-Amz-Content-Sha256=UNSIGNED-PAYLOAD&X-Amz-Algorithm=AWS4-HMAC-SHA256&X-Amz-Credential=AKIAB36985E5CD0631A5%2F20260409%2Fsa-east-1%2Fs3%2Faws4_request&X-Amz-Date=20260409T024921Z&X-Amz-SignedHeaders=host&X-Amz-Expires=300&X-Amz-Signature=ca3117da64895de29c965523e146a0332b3d962fd4dfd8eb5c3d92a2c4ebb630 "HTTP/1.1 206 Partial Content"
2026-04-08 22:49:21,847 INFO     httpx  HTTP Request: GET https://djen-prd.prd.s3.cnj.jus.br/cadernos/2025/12/09/TJRS-D-2025-12-09_v1.zip?X-Amz-Content-Sha256=UNSIGNED-PAYLOAD&X-Amz-Algorithm=AWS4-HMAC-SHA256&X-Amz-Credential=AKIAB36985E5CD0631A5%2F20260409%2Fsa-east-1%2Fs3%2Faws4_request&X-Amz-Date=20260409T024921Z&X-Amz-SignedHeaders=host&X-Amz-Expires=300&X-Amz-Signature=ca3117da64895de29c965523e146a0332b3d962fd4dfd8eb5c3d92a2c4ebb630 "HTTP/1.1 206 Partial Content"
2026-04-08 22:49:21,877 INFO     httpx  HTTP Request: GET https://djen-prd.prd.s3.cnj.jus.br/cadernos/2025/12/09/TJRS-D-2025-12-09_v1.zip?X-Amz-Content-Sha256=UNSIGNED-PAYLOAD&X-Amz-Algorithm=AWS4-HMAC-SHA256&X-Amz-Credential=AKIAB36985E5CD0631A5%2F20260409%2Fsa-east-1%2Fs3%2Faws4_request&X-Amz-Date=20260409T024921Z&X-Amz-SignedHeaders=host&X-Amz-Expires=300&X-Amz-Signature=ca3117da64895de29c965523e146a0332b3d962fd4dfd8eb5c3d92a2c4ebb630 "HTTP/1.1 206 Partial Content"
2026-04-08 22:49:21,881 INFO     httpx  HTTP Request: GET https://djen-prd.prd.s3.cnj.jus.br/cadernos/2025/12/09/TJRS-D-2025-12-09_v1.zip?X-Amz-Content-Sha256=UNSIGNED-PAYLOAD&X-Amz-Algorithm=AWS4-HMAC-SHA256&X-Amz-Credential=AKIAB36985E5CD0631A5%2F20260409%2Fsa-east-1%2Fs3%2Faws4_request&X-Amz-Date=20260409T024921Z&X-Amz-SignedHeaders=host&X-Amz-Expires=300&X-Amz-Signature=ca3117da64895de29c965523e146a0332b3d962fd4dfd8eb5c3d92a2c4ebb630 "HTTP/1.1 206 Partial Content"
2026-04-08 22:49:25,215 INFO     djen_backup.djen  {'path': '/tmp/tmp__kmk3m8.zip', 'size_mb': 35.7, 'segments': 4, 'event': 'download_complete', 'level': 'info', 'timestamp': '2026-04-09T02:49:25.215668Z'}
2026-04-08 22:49:25,284 INFO     djen_backup.archive  {'date': '2025-12-09', 'tribunal': 'TJRS', 'size_mb': 35.7, 'event': 'upload_starting', 'level': 'info', 'timestamp': '2026-04-09T02:49:25.284588Z'}
2026-04-08 22:49:31,046 INFO     httpx  HTTP Request: PUT https://s3.us.archive.org/djen-tjrs-2025/djen-2025-12-09-TJRS.zip "HTTP/1.1 200 Ok"
2026-04-08 22:49:33,053 INFO     djen_backup.archive  {'date': '2025-12-09', 'tribunal': 'TJRS', 'size_mb': 35.7, 'elapsed_s': 7.8, 'event': 'upload_complete', 'level': 'info', 'timestamp': '2026-04-09T02:49:33.053371Z'}
2026-04-08 22:49:33,337 INFO     httpx  HTTP Request: GET https://comunicaapi.pje.jus.br/api/v1/caderno/TJRS/2025-12-08/D "HTTP/1.1 200 OK"
2026-04-08 22:49:33,339 INFO     djen_backup.backfill  {'tribunal': 'TJRS', 'date': '2025-12-08', 'status_code': 200, 'event': 'backfill_empty', 'level': 'info', 'timestamp': '2026-04-09T02:49:33.339894Z'}
2026-04-08 22:49:33,443 INFO     httpx  HTTP Request: GET https://comunicaapi.pje.jus.br/api/v1/caderno/TJRS/2025-12-07/D "HTTP/1.1 404 Not Found"
2026-04-08 22:49:33,446 INFO     djen_backup.backfill  {'tribunal': 'TJRS', 'date': '2025-12-07', 'status_code': 404, 'event': 'backfill_empty', 'level': 'info', 'timestamp': '2026-04-09T02:49:33.446913Z'}
2026-04-08 22:49:33,556 INFO     httpx  HTTP Request: GET https://comunicaapi.pje.jus.br/api/v1/caderno/TJRS/2025-12-06/D "HTTP/1.1 404 Not Found"
2026-04-08 22:49:33,560 INFO     djen_backup.backfill  {'tribunal': 'TJRS', 'date': '2025-12-06', 'status_code': 404, 'event': 'backfill_empty', 'level': 'info', 'timestamp': '2026-04-09T02:49:33.560113Z'}
2026-04-08 22:49:33,681 INFO     httpx  HTTP Request: GET https://comunicaapi.pje.jus.br/api/v1/caderno/TJRS/2025-12-05/D "HTTP/1.1 200 OK"
2026-04-08 22:49:34,018 INFO     httpx  HTTP Request: GET https://djen-prd.prd.s3.cnj.jus.br/cadernos/2025/12/05/TJRS-D-2025-12-05_v1.zip?X-Amz-Content-Sha256=UNSIGNED-PAYLOAD&X-Amz-Algorithm=AWS4-HMAC-SHA256&X-Amz-Credential=AKIAB36985E5CD0631A5%2F20260409%2Fsa-east-1%2Fs3%2Faws4_request&X-Amz-Date=20260409T024933Z&X-Amz-SignedHeaders=host&X-Amz-Expires=300&X-Amz-Signature=b57ed96c0ce97334c4e89a10a76e44cfd942f2a70453c7140893b00743de64bd "HTTP/1.1 206 Partial Content"
2026-04-08 22:49:34,021 INFO     djen_backup.djen  {'file': 'TJRS-D-2025-12-05_v1.zip', 'size_mb': 38.0, 'segments': 4, 'event': 'download_starting', 'level': 'info', 'timestamp': '2026-04-09T02:49:34.021218Z'}
2026-04-08 22:49:34,133 INFO     httpx  HTTP Request: GET https://djen-prd.prd.s3.cnj.jus.br/cadernos/2025/12/05/TJRS-D-2025-12-05_v1.zip?X-Amz-Content-Sha256=UNSIGNED-PAYLOAD&X-Amz-Algorithm=AWS4-HMAC-SHA256&X-Amz-Credential=AKIAB36985E5CD0631A5%2F20260409%2Fsa-east-1%2Fs3%2Faws4_request&X-Amz-Date=20260409T024933Z&X-Amz-SignedHeaders=host&X-Amz-Expires=300&X-Amz-Signature=b57ed96c0ce97334c4e89a10a76e44cfd942f2a70453c7140893b00743de64bd "HTTP/1.1 206 Partial Content"
2026-04-08 22:49:34,341 INFO     httpx  HTTP Request: GET https://djen-prd.prd.s3.cnj.jus.br/cadernos/2025/12/05/TJRS-D-2025-12-05_v1.zip?X-Amz-Content-Sha256=UNSIGNED-PAYLOAD&X-Amz-Algorithm=AWS4-HMAC-SHA256&X-Amz-Credential=AKIAB36985E5CD0631A5%2F20260409%2Fsa-east-1%2Fs3%2Faws4_request&X-Amz-Date=20260409T024933Z&X-Amz-SignedHeaders=host&X-Amz-Expires=300&X-Amz-Signature=b57ed96c0ce97334c4e89a10a76e44cfd942f2a70453c7140893b00743de64bd "HTTP/1.1 206 Partial Content"
2026-04-08 22:49:34,402 INFO     httpx  HTTP Request: GET https://djen-prd.prd.s3.cnj.jus.br/cadernos/2025/12/05/TJRS-D-2025-12-05_v1.zip?X-Amz-Content-Sha256=UNSIGNED-PAYLOAD&X-Amz-Algorithm=AWS4-HMAC-SHA256&X-Amz-Credential=AKIAB36985E5CD0631A5%2F20260409%2Fsa-east-1%2Fs3%2Faws4_request&X-Amz-Date=20260409T024933Z&X-Amz-SignedHeaders=host&X-Amz-Expires=300&X-Amz-Signature=b57ed96c0ce97334c4e89a10a76e44cfd942f2a70453c7140893b00743de64bd "HTTP/1.1 206 Partial Content"
2026-04-08 22:49:34,494 INFO     httpx  HTTP Request: GET https://djen-prd.prd.s3.cnj.jus.br/cadernos/2025/12/05/TJRS-D-2025-12-05_v1.zip?X-Amz-Content-Sha256=UNSIGNED-PAYLOAD&X-Amz-Algorithm=AWS4-HMAC-SHA256&X-Amz-Credential=AKIAB36985E5CD0631A5%2F20260409%2Fsa-east-1%2Fs3%2Faws4_request&X-Amz-Date=20260409T024933Z&X-Amz-SignedHeaders=host&X-Amz-Expires=300&X-Amz-Signature=b57ed96c0ce97334c4e89a10a76e44cfd942f2a70453c7140893b00743de64bd "HTTP/1.1 206 Partial Content"
2026-04-08 22:49:38,297 INFO     djen_backup.djen  {'path': '/tmp/tmpvu63v6w8.zip', 'size_mb': 38.0, 'segments': 4, 'event': 'download_complete', 'level': 'info', 'timestamp': '2026-04-09T02:49:38.297293Z'}
2026-04-08 22:49:38,363 INFO     djen_backup.archive  {'date': '2025-12-05', 'tribunal': 'TJRS', 'size_mb': 38.0, 'event': 'upload_starting', 'level': 'info', 'timestamp': '2026-04-09T02:49:38.363713Z'}
2026-04-08 22:49:49,359 INFO     httpx  HTTP Request: PUT https://s3.us.archive.org/djen-tjrs-2025/djen-2025-12-05-TJRS.zip "HTTP/1.1 200 Ok"
2026-04-08 22:49:51,365 INFO     djen_backup.archive  {'date': '2025-12-05', 'tribunal': 'TJRS', 'size_mb': 38.0, 'elapsed_s': 13.1, 'event': 'upload_complete', 'level': 'info', 'timestamp': '2026-04-09T02:49:51.365530Z'}
2026-04-08 22:49:51,398 INFO     djen_backup.backfill  {'year': 2025, 'uploads': 10, 'event': 'backfill_year_done', 'level': 'info', 'timestamp': '2026-04-09T02:49:51.398212Z'}
2026-04-08 22:49:52,284 INFO     httpx  HTTP Request: GET https://archive.org/download/causaganha-dashboard/zip-inventory.txt "HTTP/1.1 302 Found"
2026-04-08 22:49:53,208 INFO     httpx  HTTP Request: GET https://ia801609.us.archive.org/21/items/causaganha-dashboard/zip-inventory.txt "HTTP/1.1 200 OK"
2026-04-08 22:49:53,426 INFO     djen_backup.state  {'filename': 'zip-inventory.txt', 'size': 840856, 'event': 'text_downloaded_from_ia', 'level': 'info', 'timestamp': '2026-04-09T02:49:53.426222Z'}
2026-04-08 22:49:56,110 INFO     httpx  HTTP Request: PUT https://s3.us.archive.org/causaganha-dashboard/zip-inventory.txt "HTTP/1.1 200 Ok"
2026-04-08 22:49:56,112 INFO     djen_backup.state  {'filename': 'zip-inventory.txt', 'event': 'text_uploaded_to_ia', 'level': 'info', 'timestamp': '2026-04-09T02:49:56.112366Z'}
2026-04-08 22:49:56,113 INFO     djen_backup.backfill  {'total': 11161, 'event': 'zip_inventory_saved', 'level': 'info', 'timestamp': '2026-04-09T02:49:56.113670Z'}
2026-04-08 22:49:56,115 INFO     djen_backup.state  {'removed': 35, 'event': 'state_cache_pruned', 'level': 'info', 'timestamp': '2026-04-09T02:49:56.115766Z'}
2026-04-08 22:49:56,123 INFO     djen_backup.state  {'path': 'data/ia-state.json', 'event': 'state_cache_saved', 'level': 'info', 'timestamp': '2026-04-09T02:49:56.123343Z'}
2026-04-08 22:49:59,212 INFO     httpx  HTTP Request: PUT https://s3.us.archive.org/causaganha-dashboard/backfill-state.json "HTTP/1.1 200 Ok"
2026-04-08 22:49:59,213 INFO     djen_backup.state  {'filename': 'backfill-state.json', 'event': 'state_uploaded_to_ia', 'level': 'info', 'timestamp': '2026-04-09T02:49:59.213427Z'}
2026-04-08 22:50:01,627 INFO     httpx  HTTP Request: PUT https://s3.us.archive.org/causaganha-dashboard/ia-state.json "HTTP/1.1 200 Ok"
2026-04-08 22:50:01,628 INFO     djen_backup.state  {'filename': 'ia-state.json', 'event': 'state_uploaded_to_ia', 'level': 'info', 'timestamp': '2026-04-09T02:50:01.628826Z'}
2026-04-08 22:50:01,630 INFO     djen_backup.backfill  {'tribunals_scanned': 89, 'tribunals_stopped': 224, 'tribunals_skipped_stopped': 0, 'hits': 10, 'cache_hits': 0, 'empties': 610, 'errors': 249, 'ia_errors': 0, 'event': 'backfill_complete', 'level': 'info', 'timestamp': '2026-04-09T02:50:01.630015Z'}
